gw,model,n,mae,rmse,bias,spearman,xi_points,captain_points
1,B0_xp,616,1.3114,2.0059,-0.2104,0.4368,61.0,8
1,B1_season_pts,616,1.241,2.065,0.1562,0.4277,45.0,2
1,B2_pp90,616,1.6497,2.4807,-0.472,0.4611,37.0,8
1,B3_v1,616,1.2605,2.1006,0.3605,0.3669,43.0,2
2,B0_xp,627,0.8211,1.4636,0.0198,0.8071,130.0,17
2,B1_season_pts,627,12.0299,27.9773,-10.9488,0.1219,6.0,0
2,B2_pp90,627,1.6935,2.6521,-0.3968,0.4895,44.0,20
2,B3_v1,627,1.3265,2.5389,0.6009,0.3874,48.0,1
3,B0_xp,648,0.8069,1.3628,-0.1088,0.6961,121.0,17
3,B1_season_pts,648,5.0998,12.1778,-4.3344,0.2529,2.0,0
3,B2_pp90,648,1.5622,2.456,-0.5752,0.4936,1.0,0
3,B3_v1,648,1.0967,2.085,0.435,0.3856,52.0,6
4,B0_xp,659,0.9475,1.735,0.0385,0.6946,71.0,2
4,B1_season_pts,659,3.3159,7.5245,-2.2989,0.331,20.0,1
4,B2_pp90,659,1.7146,2.6975,-0.4553,0.456,12.0,0
4,B3_v1,659,1.1778,2.3451,0.5901,0.4233,13.0,5
5,B0_xp,661,0.7722,1.4518,0.0242,0.8196,107.0,9
5,B1_season_pts,661,2.3534,5.0829,-1.3473,0.3594,12.0,1
5,B2_pp90,661,1.7219,2.7,-0.4736,0.4125,12.0,1
5,B3_v1,661,1.1687,2.314,0.5826,0.4274,25.0,0
6,B0_xp,664,0.9036,1.7327,0.0042,0.6509,120.0,25
6,B1_season_pts,664,2.0827,4.2084,-1.0426,0.382,15.0,0
6,B2_pp90,664,1.6401,2.6521,-0.5362,0.4595,4.0,0
6,B3_v1,664,1.1271,2.4145,0.5087,0.4115,9.0,1
7,B0_xp,666,0.9785,1.7788,0.1278,0.7307,67.0,6
7,B1_season_pts,666,1.8581,3.5606,-0.6344,0.4355,12.0,0
7,B2_pp90,666,1.6454,2.641,-0.3619,0.4983,4.0,0
7,B3_v1,666,1.2434,2.4816,0.6821,0.4335,30.0,2
8,B0_xp,667,0.8538,1.5798,0.0064,0.7351,76.0,2
8,B1_season_pts,667,1.6547,3.0534,-0.6244,0.4622,7.0,0
8,B2_pp90,667,1.6581,2.5928,-0.5053,0.4548,9.0,0
8,B3_v1,667,1.1084,2.1806,0.5374,0.4859,22.0,0
9,B0_xp,670,0.8385,1.5045,0.0158,0.7687,98.0,13
9,B1_season_pts,670,1.491,2.6806,-0.5426,0.4801,38.0,0
9,B2_pp90,670,1.6027,2.4997,-0.512,0.4613,6.0,0
9,B3_v1,670,1.0794,2.0456,0.4767,0.4639,49.0,1
10,B0_xp,674,0.7976,1.4299,0.051,0.7366,91.0,9
10,B1_season_pts,674,1.4263,2.6008,-0.4612,0.5009,24.0,0
10,B2_pp90,674,1.6468,2.5967,-0.503,0.4543,2.0,0
10,B3_v1,674,1.0482,2.0781,0.4547,0.4872,44.0,0
11,B0_xp,678,0.8329,1.4691,0.0845,0.7817,102.0,14
11,B1_season_pts,678,1.4601,2.5366,-0.347,0.509,28.0,0
11,B2_pp90,678,1.6739,2.6392,-0.4537,0.4781,20.0,0
11,B3_v1,678,1.114,2.1845,0.4922,0.4973,35.0,1
12,B0_xp,684,0.8889,1.6302,0.1102,0.683,108.0,13
12,B1_season_pts,684,1.485,2.588,-0.2747,0.4758,36.0,13
12,B2_pp90,684,1.7533,2.7726,-0.433,0.4437,47.0,13
12,B3_v1,684,1.1784,2.4163,0.5099,0.4386,34.0,0
13,B0_xp,690,0.8513,1.7104,0.0461,0.6999,120.0,13
13,B1_season_pts,690,1.319,2.4684,-0.2515,0.5089,74.0,13
13,B2_pp90,690,1.642,2.7252,-0.4998,0.5184,89.0,13
13,B3_v1,690,1.1004,2.3611,0.4648,0.521,65.0,2
14,B0_xp,693,1.0644,1.9277,0.0886,0.6752,88.0,18
14,B1_season_pts,693,1.4572,2.5934,-0.1691,0.4885,54.0,18
14,B2_pp90,693,1.7355,2.7815,-0.488,0.4956,62.0,18
14,B3_v1,693,1.1623,2.4536,0.5158,0.4969,62.0,0
15,B0_xp,630,0.8857,1.655,-0.0105,0.7439,82.0,18
15,B1_season_pts,630,1.2507,2.1849,-0.2504,0.5437,42.0,0
15,B2_pp90,630,1.6015,2.4844,-0.56,0.4868,34.0,0
15,B3_v1,630,1.0468,2.1341,0.3969,0.4898,61.0,3
16,B0_xp,701,0.8692,1.6333,0.0238,0.7171,74.0,5
16,B1_season_pts,701,1.2446,2.2081,-0.1923,0.5502,45.0,5
16,B2_pp90,701,1.5699,2.534,-0.5675,0.5231,42.0,5
16,B3_v1,701,1.1121,2.2646,0.4159,0.463,38.0,5
17,B0_xp,701,1.0056,1.9733,0.1679,0.7155,125.0,21
17,B1_season_pts,701,1.3939,2.5415,-0.0294,0.5136,64.0,21
17,B2_pp90,701,1.7554,2.8242,-0.4473,0.4879,68.0,21
17,B3_v1,701,1.258,2.5797,0.5331,0.4472,27.0,3
18,B0_xp,705,0.9023,1.6023,0.0662,0.6841,88.0,9
18,B1_season_pts,705,1.212,2.0715,-0.0915,0.5314,60.0,9
18,B2_pp90,705,1.606,2.4767,-0.5384,0.5085,57.0,9
18,B3_v1,705,1.0945,2.053,0.4271,0.4609,62.0,9
19,B0_xp,709,0.9468,1.7457,0.0309,0.6745,97.0,16
19,B1_season_pts,709,1.2468,2.1567,-0.135,0.5246,77.0,16
19,B2_pp90,709,1.5948,2.5032,-0.6128,0.5172,78.0,16
19,B3_v1,709,1.0788,2.1442,0.3578,0.5103,70.0,16
20,B0_xp,711,0.8385,1.5522,-0.0141,0.6891,91.0,7
20,B1_season_pts,711,1.1543,1.9842,-0.2149,0.5327,74.0,7
20,B2_pp90,711,1.5549,2.4538,-0.7255,0.5075,61.0,7
20,B3_v1,711,1.0323,1.9859,0.2453,0.4904,38.0,7
21,B0_xp,724,0.8638,1.682,0.0097,0.7548,85.0,2
21,B1_season_pts,724,1.1402,2.0841,-0.1385,0.5599,48.0,2
21,B2_pp90,724,1.561,2.5107,-0.6561,0.5416,42.0,2
21,B3_v1,724,1.0355,2.0932,0.2761,0.4971,52.0,2
22,B0_xp,729,1.1838,2.7565,1.1674,0.4098,-1.0,0
22,B1_season_pts,729,1.2538,2.277,-0.0767,0.5431,50.0,3
22,B2_pp90,729,1.649,2.6176,-0.6235,0.5338,46.0,3
22,B3_v1,729,1.1255,2.2619,0.312,0.5184,38.0,3
23,B0_xp,756,0.9591,1.9372,0.1324,0.6952,82.0,7
23,B1_season_pts,756,1.2436,2.399,0.0259,0.4904,68.0,8
23,B2_pp90,756,1.6624,2.7787,-0.5134,0.4928,73.0,8
23,B3_v1,756,1.1677,2.4302,0.3662,0.4667,76.0,8
24,B0_xp,762,1.0815,2.1891,-0.1878,0.7515,83.0,10
24,B1_season_pts,762,1.2859,2.4544,-0.0082,0.48,78.0,13
24,B2_pp90,762,1.736,2.8777,-0.5575,0.48,66.0,13
24,B3_v1,762,1.2293,2.4712,0.2324,0.4596,43.0,13
25,B0_xp,779,0.9407,1.924,-0.0729,0.7478,110.0,12
25,B1_season_pts,779,1.2252,2.4382,0.05,0.5192,67.0,12
25,B2_pp90,779,1.6691,2.8913,-0.4941,0.4669,63.0,12
25,B3_v1,779,1.1979,2.458,0.2356,0.4943,63.0,12
26,B0_xp,783,0.9387,1.881,0.0876,0.712,111.0,14
26,B1_season_pts,783,1.315,2.5386,0.1013,0.5193,80.0,14
26,B2_pp90,783,1.78,2.9812,-0.4666,0.4892,61.0,14
26,B3_v1,783,1.2636,2.6076,0.3862,0.4833,69.0,14
27,B0_xp,784,0.8015,1.5852,0.0352,0.7718,112.0,20
27,B1_season_pts,784,1.204,2.2879,0.0474,0.5361,56.0,6
27,B2_pp90,784,1.6603,2.7848,-0.5199,0.5066,42.0,6
27,B3_v1,784,1.1327,2.3153,0.3133,0.4939,58.0,6
28,B0_xp,789,0.861,1.561,0.0133,0.6649,111.0,15
28,B1_season_pts,789,1.0883,1.9916,0.0009,0.5698,64.0,15
28,B2_pp90,789,1.5781,2.5609,-0.575,0.5187,51.0,15
28,B3_v1,789,1.0591,2.0293,0.2571,0.5331,58.0,15
29,B0_xp,639,0.7889,1.5672,0.0612,0.8026,101.0,17
29,B1_season_pts,639,1.1357,2.144,0.035,0.5589,12.0,0
29,B2_pp90,639,1.6414,2.7003,-0.5324,0.4612,7.0,0
29,B3_v1,639,1.1057,2.206,0.2574,0.4853,58.0,7
30,B0_xp,791,0.7843,1.4189,-0.0018,0.6887,95.0,11
30,B1_season_pts,791,1.1639,2.1188,0.0028,0.5502,38.0,3
30,B2_pp90,791,1.6581,2.6869,-0.6072,0.4825,38.0,3
30,B3_v1,791,1.1108,2.1127,0.2216,0.5191,38.0,3
31,B0_xp,792,0.8199,1.5587,0.0278,0.7677,123.0,16
31,B1_season_pts,792,1.1838,2.2422,0.0428,0.573,22.0,2
31,B2_pp90,792,1.7041,2.788,-0.5807,0.485,27.0,2
31,B3_v1,792,1.1134,2.2567,0.2595,0.5703,39.0,2
32,B0_xp,798,1.2193,2.8503,1.1942,0.3981,34.0,0
32,B1_season_pts,798,1.2591,2.3953,0.0533,0.5296,46.0,6
32,B2_pp90,798,1.7676,2.914,-0.5835,0.474,35.0,6
32,B3_v1,798,1.2544,2.4276,0.1449,0.5024,47.0,6
33,B0_xp,799,1.1691,2.2216,-0.3804,0.6494,55.0,8
33,B1_season_pts,799,1.1119,1.9364,-0.1103,0.5388,58.0,3
33,B2_pp90,799,1.6586,2.6005,-0.7634,0.4845,33.0,3
33,B3_v1,799,1.1844,2.1412,-0.1364,0.4995,15.0,0
34,B0_xp,645,1.2062,2.8081,1.1907,0.4157,4.0,0
34,B1_season_pts,645,1.1203,2.1763,0.0851,0.5804,50.0,8
34,B2_pp90,645,1.6333,2.7482,-0.5211,0.5437,37.0,8
34,B3_v1,645,1.0975,2.295,0.2452,0.5916,66.0,8
35,B0_xp,801,0.8925,1.6392,-0.0191,0.7489,76.0,10
35,B1_season_pts,801,1.1121,2.0311,-0.0416,0.5727,36.0,2
35,B2_pp90,801,1.6935,2.6879,-0.7166,0.4911,26.0,2
35,B3_v1,801,1.0593,2.0372,0.119,0.5807,52.0,2
36,B0_xp,801,0.8839,1.6694,0.0911,0.7843,86.0,9
36,B1_season_pts,801,1.1627,2.0918,0.0819,0.5821,46.0,2
36,B2_pp90,801,1.7288,2.7252,-0.5995,0.5105,29.0,2
36,B3_v1,801,1.1265,2.1848,0.2239,0.6189,31.0,2
37,B0_xp,801,0.8313,1.6182,0.0236,0.7698,102.0,19
37,B1_season_pts,801,1.2276,2.277,0.0397,0.534,36.0,2
37,B2_pp90,801,1.7946,2.8509,-0.6491,0.455,20.0,2
37,B3_v1,801,1.1242,2.2887,0.1701,0.6069,45.0,2
38,B0_xp,804,0.933,1.7804,0.0588,0.7129,97.0,10
38,B1_season_pts,804,1.1679,2.277,0.0708,0.5598,61.0,10
38,B2_pp90,804,1.7755,2.914,-0.6406,0.4838,38.0,10
38,B3_v1,804,1.0857,2.3209,0.1875,0.6859,44.0,10
