season,gw,evaluation_status,player_id,web_name,position,now_cost,in_b0_xi,in_v1_xi,in_b0_squad,in_v1_squad,is_v1_captain,is_b0_captain,actual_points,v1_mu,b0_mu,v1_horizon_u,v1_p_start,horizon_flag,minutes_flag,fixture_flag,price_value_flag,captain_flag,projection_rank_flag
2022-23,1,clean,13,Saka,MID,80,0,1,0,1,0,0,6.0,3.1268,3.2,15.7441,0.72,1,0,0,0,0,0
2022-23,1,clean,139,Chilwell,DEF,60,1,0,1,0,0,0,9.0,1.5876,3.5,7.8943,0.45,0,0,0,0,0,1
2022-23,1,clean,148,Gallagher,MID,60,1,0,1,0,0,0,1.0,1.5844,2.7,7.379,0.45,0,0,0,0,0,0
2022-23,1,clean,160,Zaha,MID,70,0,1,0,1,0,0,2.0,3.1552,1.9,14.2514,0.72,1,0,0,0,0,0
2022-23,1,clean,227,Bamford,FWD,75,0,1,0,1,0,0,5.0,2.826,1.9,12.9529,0.72,1,0,0,0,0,0
2022-23,1,clean,238,Meslier,GKP,45,0,1,0,1,0,0,3.0,3.364,1.7,14.9978,0.88,1,0,0,1,0,0
2022-23,1,clean,280,Van Dijk,DEF,65,1,0,1,0,0,0,1.0,1.4556,4.8,7.8542,0.45,0,0,0,0,0,0
2022-23,1,clean,284,Robertson,DEF,70,1,1,1,1,0,0,1.0,2.3384,5.2,11.823,0.72,0,0,0,0,0,0
2022-23,1,clean,285,Alexander-Arnold,DEF,75,1,1,1,1,0,1,1.0,2.4416,5.5,12.3812,0.72,0,0,0,0,1,0
2022-23,1,clean,306,Cancelo,DEF,70,1,1,1,1,0,0,7.0,2.3264,4.7,11.7014,0.72,0,0,0,0,0,0
2022-23,1,clean,307,Ederson,GKP,55,1,0,1,0,0,0,7.0,2.3832,5.0,12.0681,0.88,0,0,0,0,0,1
2022-23,1,clean,318,Haaland,FWD,115,1,0,1,0,0,0,13.0,3.3592,5.0,16.4417,0.72,0,0,0,0,0,1
2022-23,1,clean,340,Sancho,MID,75,1,0,1,0,0,0,2.0,2.7492,3.1,12.6214,0.72,0,0,0,0,0,0
2022-23,1,clean,345,Martial,FWD,70,0,1,0,1,0,0,0.0,2.8292,0.0,12.4662,0.72,1,0,0,0,0,0
2022-23,1,clean,356,Wilson,FWD,75,0,1,0,1,0,0,6.0,2.9584,2.9,12.9646,0.72,1,0,0,0,0,0
2022-23,1,clean,374,Bruno Guimarães,MID,60,1,0,1,0,0,0,3.0,1.646,2.7,7.4967,0.45,0,0,0,0,0,1
2022-23,1,clean,427,Kane,FWD,115,1,0,1,0,0,0,2.0,3.66,4.4,16.3846,0.72,0,0,0,0,0,0
2022-23,1,clean,428,Son,MID,120,0,1,0,1,1,0,5.0,4.0436,4.2,17.598,0.72,1,0,0,0,1,0
2022-23,1,clean,465,Bowen,MID,85,0,1,0,1,0,0,2.0,3.1572,1.8,14.1287,0.72,1,0,0,0,0,0
2022-23,2,clean,12,Smith Rowe,MID,59,0,1,0,1,0,0,1.0,3.7932,0.8,15.1507,0.68,1,0,0,0,0,0
2022-23,2,clean,28,Jesus,FWD,80,1,0,1,0,0,0,19.0,2.4972,11.0,9.7765,0.72,0,0,0,0,0,1
2022-23,2,clean,80,Toney,FWD,70,1,0,1,0,0,0,9.0,0,8.0,7.0407,0.0,0,0,0,0,0,1
2022-23,2,clean,104,Groß,MID,56,1,0,1,0,0,0,3.0,1.614,9.0,6.4146,0.45,0,0,0,0,0,1
2022-23,2,clean,113,Sánchez,GKP,45,0,1,1,1,0,0,6.0,3.7028,5.0,14.6085,0.88,1,0,0,1,0,0
2022-23,2,clean,141,Chalobah,DEF,49,0,1,0,1,0,0,0.0,3.226,0.0,12.6402,0.68,1,0,0,1,0,0
2022-23,2,clean,225,Rodrigo,MID,60,1,0,1,0,0,0,15.0,0.8964,10.5,5.1689,0.225,0,0,0,0,0,1
2022-23,2,clean,264,Barnes,MID,69,0,1,0,1,0,0,0.0,4.4052,0.0,18.3183,0.82,1,0,0,0,0,0
2022-23,2,clean,283,Salah,MID,130,0,1,0,1,0,0,2.0,4.0516,8.0,15.565,0.72,1,0,0,0,0,0
2022-23,2,clean,288,Diogo Jota,FWD,90,0,1,0,1,1,0,0.0,4.64,0.0,17.9292,0.82,1,0,0,0,1,0
2022-23,2,clean,301,De Bruyne,MID,120,1,1,1,1,0,1,14.0,3.9664,11.5,14.911,0.72,0,0,0,0,1,0
2022-23,2,clean,308,Aké,DEF,50,1,0,1,0,0,0,6.0,0.4696,8.0,2.567,0.09,0,0,0,0,0,1
2022-23,2,clean,318,Haaland,FWD,116,1,0,1,0,0,0,5.0,3.6556,10.5,14.2915,0.72,0,0,0,0,0,1
2022-23,2,clean,357,Trippier,DEF,50,1,0,1,0,0,0,7.0,0.6556,7.0,3.0779,0.18,0,0,0,0,0,1
2022-23,2,clean,366,Schär,DEF,46,1,0,1,0,0,0,5.0,0.6608,10.0,3.009,0.18,0,0,0,0,0,1
2022-23,2,clean,446,Kulusevski,MID,81,1,0,1,0,0,0,2.0,2.6144,7.5,10.9838,0.72,0,0,0,0,0,0
2022-23,2,clean,454,Richarlison,FWD,85,0,1,0,1,0,0,1.0,3.4984,0.5,15.0475,0.82,1,0,0,0,0,0
2022-23,2,clean,459,Dawson,DEF,50,0,1,0,1,0,0,0.0,3.2788,0.2,12.5115,0.9,1,0,0,1,0,1
2022-23,2,clean,475,Coady,DEF,49,0,1,0,1,0,0,2.0,2.9348,1.0,12.8625,0.9,1,0,0,1,0,0
2022-23,2,clean,478,Sá,GKP,50,1,0,1,0,0,0,15.0,3.2136,9.0,12.2486,0.88,0,0,0,0,0,1
2022-23,2,clean,585,Dennis,FWD,56,0,1,0,1,0,0,0.0,3.928,0.0,15.7556,0.82,1,0,0,0,0,0
2022-23,3,clean,7,Ødegaard,MID,64,1,0,1,0,0,0,16.0,1.4632,8.0,6.1807,0.45,0,0,0,0,0,1
2022-23,3,clean,16,Gabriel,DEF,50,1,0,1,0,0,0,7.0,0.6144,6.0,2.7711,0.18,0,0,0,0,0,1
2022-23,3,clean,28,Jesus,FWD,81,1,0,1,0,0,0,4.0,2.1568,9.3,9.2041,0.72,0,0,0,0,0,1
2022-23,3,clean,80,Toney,FWD,71,1,0,1,0,0,0,8.0,0,8.8,6.8907,0.0,0,0,0,0,0,1
2022-23,3,clean,109,Veltman,DEF,45,1,0,1,0,0,0,8.0,0.4528,6.0,1.6369,0.1,0,0,0,0,0,1
2022-23,3,clean,110,Maupay,FWD,63,0,1,0,1,0,0,0.0,3.2604,0.0,12.7161,0.82,1,0,0,0,0,0
2022-23,3,clean,141,Chalobah,DEF,49,0,1,0,1,0,0,0.0,2.794,1.0,10.3567,0.68,1,0,0,1,0,1
2022-23,3,clean,225,Rodrigo,MID,62,1,0,1,0,0,1,13.0,0.9672,10.7,4.1969,0.225,0,0,0,0,1,1
2022-23,3,clean,264,Barnes,MID,69,0,1,0,1,1,0,2.0,4.7332,0.7,17.8821,0.82,1,0,0,0,1,0
2022-23,3,clean,285,Alexander-Arnold,DEF,75,0,1,0,1,0,0,0.0,2.2772,1.8,8.5429,0.72,1,0,0,0,0,1
2022-23,3,clean,288,Diogo Jota,FWD,89,0,1,0,1,0,0,0.0,4.0348,0.0,14.9453,0.82,1,0,0,0,0,0
2022-23,3,clean,300,Gündogan,MID,75,1,0,1,0,0,0,8.0,2.3556,8.0,10.1025,0.72,0,0,0,0,0,1
2022-23,3,clean,301,De Bruyne,MID,121,1,1,1,1,0,0,5.0,3.272,9.3,13.7955,0.72,0,0,0,0,0,0
2022-23,3,clean,303,Mahrez,MID,79,0,1,0,1,0,0,0.0,2.6584,2.3,11.1008,0.72,1,0,0,0,0,1
2022-23,3,clean,318,Haaland,FWD,117,1,0,1,0,0,0,6.0,3.1996,9.0,13.5261,0.72,0,0,0,0,0,1
2022-23,3,clean,426,Forster,GKP,40,0,1,0,1,0,0,0.0,3.5624,0.5,13.7971,0.9,1,0,0,1,0,1
2022-23,3,clean,428,Son,MID,119,0,1,0,1,0,0,3.0,3.7572,3.8,14.3287,0.72,1,0,0,0,0,0
2022-23,3,clean,448,Perišić,DEF,54,1,0,1,0,0,0,12.0,0.7528,6.2,3.0178,0.18,0,0,0,0,0,1
2022-23,3,clean,459,Dawson,DEF,49,0,1,0,1,0,0,0.0,2.7808,0.0,12.1771,0.9,1,0,0,1,0,0
2022-23,3,clean,478,Sá,GKP,50,1,0,1,0,0,0,3.0,2.7564,6.2,12.0114,0.88,0,0,0,0,0,1
2022-23,3,clean,585,Dennis,FWD,60,0,1,0,1,0,0,0.0,3.6156,1.3,15.3818,0.82,1,0,0,0,0,1
2022-23,4,clean,7,Ødegaard,MID,65,1,0,1,0,0,0,10.0,1.5836,8.8,6.1585,0.45,0,0,0,0,0,1
2022-23,4,clean,16,Gabriel,DEF,50,1,0,1,0,0,0,9.0,0.7668,7.0,2.9197,0.18,0,0,0,0,0,1
2022-23,4,clean,28,Jesus,FWD,82,1,0,1,0,0,0,1.0,2.4448,7.5,9.3416,0.72,0,0,0,0,0,0
2022-23,4,clean,81,Raya,GKP,45,0,1,0,1,0,0,6.0,3.5264,4.5,13.3204,0.88,1,0,0,1,0,0
2022-23,4,clean,104,Groß,MID,57,1,0,1,0,0,0,11.0,1.5908,9.3,4.8949,0.45,0,0,0,0,0,1
2022-23,4,clean,110,Maupay,FWD,63,0,1,0,1,0,0,0.0,3.032,0.0,12.2629,0.82,1,0,0,0,0,0
2022-23,4,clean,113,Sánchez,GKP,46,1,0,1,0,0,0,8.0,3.0792,7.0,9.7221,0.88,0,0,0,0,0,1
2022-23,4,clean,141,Chalobah,DEF,48,0,1,0,1,0,0,2.0,3.3888,1.0,10.2559,0.68,1,0,0,1,0,0
2022-23,4,clean,225,Rodrigo,MID,64,1,0,1,0,0,0,2.0,0.918,8.7,4.0485,0.225,0,0,0,0,0,1
2022-23,4,clean,279,Firmino,FWD,80,1,0,1,0,0,0,22.0,2.5312,7.7,8.0648,0.72,0,0,0,0,0,1
2022-23,4,clean,285,Alexander-Arnold,DEF,75,1,0,1,0,0,0,17.0,2.5584,6.7,8.3359,0.72,0,0,0,0,0,1
2022-23,4,clean,288,Diogo Jota,FWD,89,0,1,0,1,1,0,0.0,4.6728,0.0,14.7832,0.82,1,0,0,0,1,0
2022-23,4,clean,293,Luis Díaz,MID,80,1,0,1,0,0,0,14.0,2.5772,8.3,8.5578,0.72,0,0,0,0,0,1
2022-23,4,clean,301,De Bruyne,MID,122,0,1,0,1,0,0,2.0,3.458,7.8,13.1901,0.72,1,0,0,0,0,0
2022-23,4,clean,303,Mahrez,MID,78,0,1,0,1,0,0,2.0,2.874,2.5,10.9471,0.72,1,0,0,0,0,1
2022-23,4,clean,309,Laporte,DEF,59,0,1,0,1,0,0,0.0,1.9112,0.0,10.5958,0.45,1,1,0,0,0,0
2022-23,4,clean,318,Haaland,FWD,117,1,0,1,0,0,1,17.0,3.4736,11.2,13.3217,0.72,0,0,0,0,1,1
2022-23,4,clean,428,Son,MID,119,0,1,0,1,0,0,3.0,3.1456,4.2,13.2179,0.72,1,0,0,0,0,0
2022-23,4,clean,448,Perišić,DEF,55,1,0,1,1,0,0,6.0,1.3868,6.8,5.812,0.45,0,0,0,0,0,1
2022-23,4,clean,459,Dawson,DEF,49,0,1,0,1,0,0,0.0,3.43,0.0,12.2948,0.9,1,0,0,1,0,0
2022-23,4,clean,465,Bowen,MID,83,0,1,0,1,0,0,3.0,2.424,2.2,10.35,0.72,1,0,0,0,0,0
2022-23,4,clean,585,Dennis,FWD,60,0,1,0,1,0,0,1.0,3.9176,-0.5,15.1474,0.82,1,0,0,0,0,0
2022-23,5,clean,7,Ødegaard,MID,66,1,0,1,0,0,0,1.0,1.0628,6.9,4.0295,0.28,0,0,0,0,0,0
2022-23,5,clean,16,Gabriel,DEF,50,1,0,1,0,0,0,2.0,1.0748,5.7,3.8254,0.28,0,0,0,0,0,1
2022-23,5,clean,104,Groß,MID,58,1,0,1,0,0,0,2.0,1.0116,7.9,3.2822,0.28,0,0,0,0,0,1
2022-23,5,clean,110,Maupay,FWD,62,0,1,0,1,0,0,0.0,2.9996,0.5,12.2439,0.82,1,0,0,0,0,1
2022-23,5,clean,225,Rodrigo,MID,65,1,0,1,0,0,0,1.0,0.7108,7.1,2.7757,0.14,0,0,0,0,0,1
2022-23,5,clean,261,Maddison,MID,79,0,1,0,1,0,0,1.0,2.6768,2.6,9.695,0.72,1,0,0,0,0,1
2022-23,5,clean,276,Matip,DEF,59,0,1,0,1,0,0,0.0,1.6428,0.9,4.8978,0.45,0,1,0,0,0,1
2022-23,5,clean,279,Firmino,FWD,80,1,0,1,0,0,0,9.0,2.3632,7.8,7.2515,0.72,0,0,0,0,0,1
2022-23,5,clean,283,Salah,MID,130,1,0,1,0,0,0,10.0,1.6816,8.0,5.0561,0.28,0,0,0,0,0,1
2022-23,5,clean,288,Diogo Jota,FWD,89,0,1,0,1,1,0,0.0,4.6228,0.0,13.7184,0.82,0,0,0,0,1,0
2022-23,5,clean,299,Walker,DEF,51,1,0,1,0,0,0,6.0,1.0172,5.5,3.75,0.28,0,0,0,0,0,1
2022-23,5,clean,300,Gündogan,MID,76,0,1,0,1,0,0,3.0,2.5632,7.1,9.5985,0.72,1,0,0,0,0,0
2022-23,5,clean,303,Mahrez,MID,77,0,1,0,1,0,0,4.0,2.7952,3.5,10.5044,0.72,1,0,0,0,0,0
2022-23,5,clean,309,Laporte,DEF,59,0,1,0,1,0,0,0.0,1.9492,0.0,10.1012,0.45,1,1,0,0,0,0
2022-23,5,clean,311,Bernardo,MID,69,1,0,1,0,0,0,6.0,1.626,7.5,6.2611,0.45,0,0,0,0,0,1
2022-23,5,clean,318,Haaland,FWD,118,1,0,1,0,0,1,17.0,1.5196,13.1,5.9335,0.28,0,0,0,0,1,1
2022-23,5,clean,356,Wilson,FWD,73,0,1,0,1,0,0,0.0,2.4508,0.0,9.8893,0.72,1,0,0,0,0,0
2022-23,5,clean,426,Forster,GKP,40,0,1,0,1,0,0,0.0,3.2236,0.5,13.0145,0.9,1,0,0,1,0,1
2022-23,5,clean,445,Emerson Royal,DEF,50,1,0,1,0,0,0,2.0,0.8732,5.3,3.6547,0.28,0,0,0,0,0,1
2022-23,5,clean,459,Dawson,DEF,48,0,1,0,1,0,0,0.0,2.7184,-0.2,11.2968,0.9,1,0,0,1,0,0
2022-23,5,clean,478,Sá,GKP,50,1,0,1,0,0,0,6.0,2.9036,6.3,11.7798,0.88,0,0,0,0,0,1
2022-23,5,clean,680,Gakpo,MID,76,0,1,0,1,0,0,0.0,2.9284,0.0,8.5007,0.72,0,0,0,0,0,0
2022-23,6,clean,80,Toney,FWD,71,1,0,1,0,0,0,17.0,0,7.9,3.0827,0.0,0,0,0,0,0,1
2022-23,6,clean,81,Raya,GKP,45,0,1,1,1,0,0,2.0,3.9052,4.7,14.2203,0.88,1,0,0,1,0,0
2022-23,6,clean,110,Maupay,FWD,62,0,1,0,1,0,0,2.0,3.3156,-0.6,12.1442,0.82,1,0,0,0,0,0
2022-23,6,clean,116,Mac Allister,MID,55,1,0,1,0,0,0,14.0,1.2416,7.8,3.4716,0.28,0,0,0,0,0,1
2022-23,6,clean,154,McArthur,MID,48,0,1,0,1,0,0,0.0,2.08,0.0,6.4287,0.68,1,0,0,1,0,0
2022-23,6,clean,285,Alexander-Arnold,DEF,75,1,0,1,0,0,0,1.0,1.0244,5.6,3.2083,0.28,0,0,0,0,0,0
2022-23,6,clean,288,Diogo Jota,FWD,89,0,1,0,1,1,0,1.0,4.0772,0.9,12.9383,0.82,1,0,0,0,1,0
2022-23,6,clean,293,Luis Díaz,MID,82,1,0,1,0,0,0,3.0,1.148,7.0,3.4167,0.28,0,0,0,0,0,1
2022-23,6,clean,303,Mahrez,MID,77,0,1,0,1,0,0,1.0,2.502,3.0,9.8134,0.72,1,0,0,0,0,0
2022-23,6,clean,309,Laporte,DEF,59,0,1,0,1,0,0,0.0,1.6664,0.0,9.8218,0.45,1,1,0,0,0,0
2022-23,6,clean,311,Bernardo,MID,70,1,0,1,0,0,0,3.0,1.0248,7.4,4.0177,0.28,0,0,0,0,0,1
2022-23,6,clean,318,Haaland,FWD,119,1,0,1,0,0,1,9.0,1.4368,11.8,5.6484,0.28,0,0,0,0,1,1
2022-23,6,clean,335,Rashford,MID,64,1,0,1,0,0,0,18.0,1.0736,7.6,3.0832,0.28,0,0,0,0,0,1
2022-23,6,clean,349,Shelvey,MID,49,0,1,0,1,0,0,0.0,2.054,0.0,7.7986,0.68,1,0,0,1,0,0
2022-23,6,clean,356,Wilson,FWD,73,0,1,0,1,0,0,0.0,2.73,0.0,9.9799,0.72,1,0,0,0,0,0
2022-23,6,clean,427,Kane,FWD,114,1,0,1,0,0,0,9.0,1.534,8.6,5.4696,0.28,0,0,0,0,0,1
2022-23,6,clean,448,Perišić,DEF,56,1,1,1,1,0,0,1.0,1.6288,5.8,5.7959,0.45,0,1,0,0,0,0
2022-23,6,clean,459,Dawson,DEF,48,0,1,0,1,0,0,0.0,3.2712,-0.2,11.7096,0.9,1,0,0,1,0,0
2022-23,6,clean,478,Sá,GKP,50,1,0,1,1,0,0,6.0,3.7396,6.6,13.7135,0.88,0,0,0,0,0,1
2022-23,6,clean,516,Collins,DEF,45,1,0,1,0,0,0,9.0,0.9932,5.4,3.4482,0.22,0,0,0,0,0,1
2022-23,6,clean,680,Gakpo,MID,76,0,1,0,1,0,0,0.0,2.582,0.0,7.9403,0.72,1,0,0,0,0,0
2022-23,8,flagged,13,Saka,MID,78,1,0,1,0,0,0,9.0,0.7432,7.0,3.8564,0.14,0,0,0,0,0,1
2022-23,8,flagged,16,Gabriel,DEF,51,1,0,1,0,0,0,6.0,1.022,5.0,4.4554,0.28,0,0,0,0,0,1
2022-23,8,flagged,81,Raya,GKP,45,0,1,0,1,1,0,2.0,3.824,2.7,17.0534,0.88,1,0,0,1,1,1
2022-23,8,flagged,139,Chilwell,DEF,56,0,1,0,1,0,0,0.0,0,0.0,5.0778,0.225,1,1,1,0,0,0
2022-23,8,flagged,210,Mitrović,FWD,69,1,0,1,0,0,0,2.0,1.2196,6.3,5.6392,0.28,0,0,0,0,0,1
2022-23,8,flagged,276,Matip,DEF,59,0,1,0,1,0,0,0.0,0,0.0,5.9017,0.45,1,1,1,0,0,0
2022-23,8,flagged,302,Stones,DEF,54,1,0,1,0,0,0,6.0,0.8308,6.2,3.9462,0.28,0,0,0,0,0,1
2022-23,8,flagged,303,Mahrez,MID,76,0,1,0,1,0,0,1.0,2.5004,3.0,10.5024,0.72,1,0,0,0,0,0
2022-23,8,flagged,309,Laporte,DEF,58,0,1,0,1,0,0,0.0,1.7788,0.0,10.9592,0.45,1,1,0,0,0,0
2022-23,8,flagged,311,Bernardo,MID,70,1,0,1,0,0,0,6.0,1.1276,7.0,4.4544,0.28,0,0,0,0,0,1
2022-23,8,flagged,318,Haaland,FWD,120,1,0,1,0,0,1,6.0,1.57,13.2,6.6239,0.28,0,0,0,0,1,1
2022-23,8,flagged,349,Shelvey,MID,48,0,1,0,1,0,0,0.0,2.1836,0.0,9.7907,0.68,1,0,0,1,0,0
2022-23,8,flagged,356,Wilson,FWD,72,0,1,0,1,0,0,0.0,2.5656,0.2,11.8537,0.72,1,0,0,0,0,1
2022-23,8,flagged,427,Kane,FWD,114,1,0,1,0,0,0,10.0,1.4888,9.0,6.7622,0.28,0,0,0,0,0,1
2022-23,8,flagged,428,Son,MID,117,1,0,1,0,0,0,19.0,1.3904,7.0,6.4506,0.28,0,0,0,0,0,1
2022-23,8,flagged,433,Højbjerg,MID,55,1,0,1,0,0,0,5.0,0.7616,5.3,4.4699,0.14,0,0,0,0,0,1
2022-23,8,flagged,448,Perišić,DEF,56,0,1,0,1,0,0,2.0,1.596,3.0,6.785,0.45,1,1,0,0,0,0
2022-23,8,flagged,454,Richarlison,FWD,85,0,1,0,1,0,0,1.0,2.5336,3.0,11.3068,0.72,1,0,0,0,0,0
2022-23,8,flagged,455,Fabianski,GKP,50,1,0,1,0,0,0,2.0,2.9492,3.8,14.6788,0.88,0,0,0,0,0,0
2022-23,8,flagged,459,Dawson,DEF,48,0,1,0,1,0,0,0.0,3.206,0.0,13.9615,0.9,1,0,0,1,0,0
2022-23,8,flagged,475,Coady,DEF,48,1,0,1,0,0,0,5.0,0.9548,5.2,4.3071,0.28,0,0,0,0,0,1
2022-23,8,flagged,594,Isak,FWD,70,0,1,0,1,0,0,9.0,2.2092,5.0,10.1544,0.72,1,0,0,0,0,0
2022-23,9,clean,39,Mings,DEF,43,1,0,1,0,0,0,6.0,0.8892,7.5,4.1935,0.22,0,0,0,0,0,1
2022-23,9,clean,81,Raya,GKP,45,0,1,0,1,1,0,6.0,3.3628,4.5,16.5642,0.88,1,0,0,1,1,0
2022-23,9,clean,111,Trossard,MID,66,1,0,1,0,0,0,20.0,0.7628,15.0,3.75,0.14,0,0,0,0,0,1
2022-23,9,clean,154,McArthur,MID,48,0,1,0,1,0,0,0.0,2.276,0.0,10.2371,0.68,1,0,0,1,0,0
2022-23,9,clean,238,Meslier,GKP,45,1,0,1,0,0,0,11.0,3.1964,11.0,13.7945,0.88,0,0,0,0,0,1
2022-23,9,clean,261,Maddison,MID,80,1,0,1,0,0,0,18.0,1.0876,9.5,5.2387,0.28,0,0,0,0,0,1
2022-23,9,clean,276,Matip,DEF,59,0,1,0,1,0,0,1.0,1.6436,2.0,7.452,0.45,1,1,0,0,0,0
2022-23,9,clean,279,Firmino,FWD,79,1,0,1,0,0,0,12.0,1.1052,13.0,5.091,0.28,0,0,0,0,0,1
2022-23,9,clean,288,Diogo Jota,FWD,89,0,1,0,1,0,0,1.0,2.644,2.0,12.4406,0.72,1,0,0,0,0,1
2022-23,9,clean,303,Mahrez,MID,76,0,1,0,1,0,0,1.0,2.6628,2.0,10.2314,0.72,1,0,0,0,0,1
2022-23,9,clean,309,Laporte,DEF,58,0,1,0,1,0,0,0.0,2.022,0.8,10.7941,0.45,1,1,0,0,0,1
2022-23,9,clean,314,Foden,MID,80,1,0,1,0,0,0,19.0,1.1624,14.5,4.5215,0.28,0,0,0,0,0,1
2022-23,9,clean,318,Haaland,FWD,121,1,0,1,0,0,1,23.0,1.628,15.5,6.2424,0.28,0,0,0,0,1,1
2022-23,9,clean,349,Shelvey,MID,48,0,1,0,1,0,0,0.0,1.9656,0.0,9.6796,0.68,1,0,0,1,0,0
2022-23,9,clean,356,Wilson,FWD,72,0,1,0,1,0,0,6.0,2.4736,3.0,11.967,0.72,1,0,0,0,0,0
2022-23,9,clean,428,Son,MID,117,1,0,1,0,0,0,2.0,1.4596,10.5,7.2948,0.28,0,0,0,0,0,1
2022-23,9,clean,454,Richarlison,FWD,85,0,1,0,1,0,0,5.0,2.3588,3.0,11.059,0.72,1,0,0,0,0,0
2022-23,9,clean,459,Dawson,DEF,48,0,1,0,1,0,0,6.0,2.7284,3.0,13.6359,0.9,1,0,0,1,0,0
2022-23,9,clean,475,Coady,DEF,48,1,0,1,0,0,0,9.0,0.9816,7.0,4.825,0.28,0,0,0,0,0,1
2022-23,9,clean,538,Young,DEF,44,1,0,1,0,0,0,8.0,0.4508,6.5,2.2292,0.1,0,0,0,0,0,1
2022-23,9,clean,617,Aubameyang,FWD,90,1,0,1,0,0,0,9.0,1.9244,9.5,9.6252,0.48,0,0,0,0,0,1
2022-23,9,clean,680,Gakpo,MID,76,0,1,0,1,0,0,0.0,2.7432,0.0,12.8057,0.72,1,0,0,0,0,0
2022-23,10,clean,39,Mings,DEF,43,1,0,1,0,0,0,2.0,0.834,6.2,4.2576,0.22,0,0,0,0,0,1
2022-23,10,clean,111,Trossard,MID,67,1,0,1,0,0,0,2.0,0.8084,10.5,3.9449,0.14,0,0,0,0,0,1
2022-23,10,clean,113,Sánchez,GKP,47,0,1,0,1,1,0,2.0,3.6852,1.5,16.1886,0.88,1,0,0,1,1,0
2022-23,10,clean,128,Thiago Silva,DEF,54,0,1,0,1,0,0,0.0,1.2032,3.5,5.3486,0.28,1,1,0,1,0,0
2022-23,10,clean,154,McArthur,MID,48,0,1,0,1,0,0,0.0,2.2376,0.0,10.08,0.68,1,0,0,1,0,0
2022-23,10,clean,238,Meslier,GKP,45,1,0,1,0,0,0,2.0,3.1888,6.5,15.9035,0.88,0,0,0,0,0,0
2022-23,10,clean,261,Maddison,MID,82,1,0,1,0,0,0,1.0,1.1276,9.2,5.5891,0.28,0,0,0,0,0,0
2022-23,10,clean,276,Matip,DEF,59,0,1,0,1,0,0,1.0,1.4404,1.5,7.2218,0.45,1,1,0,0,0,0
2022-23,10,clean,279,Firmino,FWD,79,1,0,1,0,0,0,6.0,1.01,9.5,4.883,0.28,0,0,0,0,0,1
2022-23,10,clean,288,Diogo Jota,FWD,89,0,1,0,1,0,0,5.0,2.4888,3.5,12.1839,0.72,1,0,0,0,0,0
2022-23,10,clean,303,Mahrez,MID,75,0,1,0,1,0,0,8.0,2.6696,4.3,10.0156,0.72,1,0,0,0,0,0
2022-23,10,clean,314,Foden,MID,81,1,0,1,0,0,1,11.0,1.2232,13.7,4.6953,0.28,0,0,0,0,1,1
2022-23,10,clean,318,Haaland,FWD,122,1,0,1,0,0,0,6.0,1.6348,12.7,6.0448,0.28,0,0,0,0,0,1
2022-23,10,clean,349,Shelvey,MID,48,0,1,0,1,0,0,0.0,2.0412,0.0,9.6173,0.68,1,0,0,1,0,0
2022-23,10,clean,357,Trippier,DEF,55,1,1,1,1,0,0,7.0,1.1836,6.3,5.21,0.28,0,1,0,0,0,0
2022-23,10,clean,369,Almirón,MID,51,1,0,1,0,0,0,7.0,1.0352,8.0,4.7175,0.28,0,0,0,0,0,1
2022-23,10,clean,428,Son,MID,117,1,0,1,0,0,0,6.0,1.3972,9.5,7.0921,0.28,0,0,0,0,0,1
2022-23,10,clean,454,Richarlison,FWD,85,0,1,0,1,0,0,1.0,2.26,2.8,11.0028,0.72,1,0,0,0,0,0
2022-23,10,clean,538,Young,DEF,44,1,0,1,0,0,0,11.0,0.454,8.5,2.1893,0.1,0,0,0,0,0,1
2022-23,10,clean,617,Aubameyang,FWD,91,0,1,0,1,0,0,0.0,2.68,5.0,12.0015,0.72,1,0,0,0,0,0
2022-23,10,clean,680,Gakpo,MID,76,0,1,0,1,0,0,0.0,2.5312,0.0,12.5498,0.72,1,0,0,0,0,0
2022-23,11,clean,2,Leno,GKP,45,0,1,0,1,1,0,2.0,3.5784,2.5,16.1752,0.88,1,0,0,1,1,1
2022-23,11,clean,13,Saka,MID,78,1,0,1,0,0,0,9.0,0.7316,9.3,3.6756,0.14,0,0,0,0,0,1
2022-23,11,clean,16,Gabriel,DEF,51,0,1,0,1,0,0,8.0,1.5424,4.7,5.9802,0.48,1,1,0,1,0,0
2022-23,11,clean,111,Trossard,MID,68,1,0,1,0,0,0,2.0,0.6976,8.0,3.5993,0.14,0,0,0,0,0,1
2022-23,11,clean,133,Arrizabalaga,GKP,44,1,0,1,0,0,0,10.0,0.1308,6.5,0.6957,0.04,0,0,0,0,0,1
2022-23,11,clean,142,Mount,MID,76,1,0,1,0,0,0,15.0,0.7696,9.8,4.6943,0.14,0,0,0,0,0,1
2022-23,11,clean,154,McArthur,MID,48,0,1,0,1,0,0,0.0,2.0744,0.0,10.0523,0.68,1,0,0,1,0,0
2022-23,11,clean,258,Castagne,DEF,44,1,0,1,0,0,0,6.0,1.054,5.8,4.4318,0.22,0,0,0,0,0,1
2022-23,11,clean,276,Matip,DEF,59,0,1,0,1,0,0,0.0,1.6104,0.2,7.0652,0.45,1,1,0,0,0,1
2022-23,11,clean,288,Diogo Jota,FWD,89,0,1,0,1,0,0,1.0,2.6768,2.3,12.1348,0.72,1,0,0,0,0,1
2022-23,11,clean,314,Foden,MID,82,1,0,1,0,0,1,2.0,1.1952,10.0,4.7799,0.28,0,0,0,0,1,1
2022-23,11,clean,318,Haaland,FWD,122,1,0,1,0,0,0,2.0,1.3824,9.2,5.5982,0.28,0,0,0,0,0,1
2022-23,11,clean,349,Shelvey,MID,48,0,1,0,1,0,0,0.0,1.968,0.0,9.5967,0.68,1,0,0,1,0,0
2022-23,11,clean,357,Trippier,DEF,56,1,1,1,1,0,0,6.0,1.1576,6.2,5.5606,0.28,0,1,0,0,0,0
2022-23,11,clean,369,Almirón,MID,52,1,0,1,0,0,0,3.0,0.9688,6.8,4.6927,0.28,0,0,0,0,0,1
2022-23,11,clean,427,Kane,FWD,114,1,0,1,0,0,0,9.0,1.3912,8.5,6.3544,0.28,0,0,0,0,0,1
2022-23,11,clean,465,Bowen,MID,82,0,1,0,1,0,0,2.0,1.8188,6.2,8.424,0.48,1,1,0,0,0,0
2022-23,11,clean,538,Young,DEF,44,1,0,1,0,0,0,1.0,0.8392,6.2,3.7418,0.22,0,0,0,0,0,1
2022-23,11,clean,617,Aubameyang,FWD,91,0,1,0,1,0,0,1.0,2.44,3.8,11.9315,0.72,1,0,0,0,0,0
2022-23,11,clean,680,Gakpo,MID,76,0,1,0,1,0,0,0.0,2.8,0.0,12.7637,0.72,1,0,0,0,0,0
2022-23,11,clean,701,Weghorst,FWD,54,0,1,0,1,0,0,0.0,2.3312,0.0,10.6017,0.68,1,0,0,1,0,0
2022-23,12,flagged,1,Cédric,DEF,42,1,0,1,0,0,0,0.0,0.974,0.0,4.201,0.22,0,0,0,0,0,0
2022-23,12,flagged,11,Nketiah,FWD,63,1,0,1,0,0,0,0.0,0,0.0,5.1535,0.45,0,0,1,0,0,0
2022-23,12,flagged,12,Smith Rowe,MID,56,1,0,1,0,0,0,0.0,0,0.0,5.5404,0.45,0,0,1,0,0,0
2022-23,12,flagged,81,Raya,GKP,45,0,1,0,1,1,0,10.0,3.8768,0.0,17.2291,0.9,1,0,0,1,1,0
2022-23,12,flagged,102,Steele,GKP,40,1,0,1,0,0,1,0.0,0.1632,0.0,0.822,0.04,0,0,0,0,1,0
2022-23,12,flagged,103,Welbeck,FWD,65,1,0,1,0,0,0,2.0,0.982,0.0,4.6996,0.28,0,0,0,0,0,1
2022-23,12,flagged,104,Groß,MID,58,1,0,1,0,0,0,3.0,1.2224,0.0,5.5658,0.28,0,0,0,0,0,1
2022-23,12,flagged,105,Duffy,DEF,44,1,0,1,0,0,0,0.0,0.5272,0.0,2.3693,0.1,0,0,0,0,0,0
2022-23,12,flagged,110,Maupay,FWD,61,1,0,1,0,0,0,1.0,0.9224,0.0,4.4268,0.28,0,0,0,0,0,1
2022-23,12,flagged,111,Trossard,MID,69,1,0,1,0,0,0,3.0,0,0.0,3.8496,0.14,0,0,1,0,0,1
2022-23,12,flagged,116,Mac Allister,MID,57,0,1,0,1,0,0,2.0,1.79,0.0,8.2942,0.48,1,1,0,0,0,0
2022-23,12,flagged,127,Azpilicueta,DEF,48,1,0,1,0,0,0,9.0,0.9476,0.0,4.5264,0.28,0,0,0,0,0,1
2022-23,12,flagged,132,Kovacic,MID,49,1,0,1,0,0,0,3.0,0.576,0.0,3.5288,0.14,0,0,0,0,0,1
2022-23,12,flagged,154,McArthur,MID,48,0,1,1,1,0,0,0.0,2.282,0.0,10.2646,0.68,1,0,0,1,0,0
2022-23,12,flagged,280,Van Dijk,DEF,64,0,1,0,1,0,0,7.0,1.746,0.0,7.5757,0.48,1,1,0,0,0,0
2022-23,12,flagged,288,Diogo Jota,FWD,89,0,1,0,1,0,0,0.0,2.494,0.0,11.5478,0.72,1,0,0,0,0,0
2022-23,12,flagged,342,Dalot,DEF,46,0,1,0,1,0,0,6.0,1.8848,0.0,8.1712,0.48,1,1,0,1,0,0
2022-23,12,flagged,349,Shelvey,MID,48,0,1,0,1,0,0,0.0,2.0212,0.0,9.6503,0.68,1,0,0,1,0,0
2022-23,12,flagged,357,Trippier,DEF,57,0,1,0,1,0,0,9.0,1.8072,0.0,8.3315,0.48,1,1,0,0,0,0
2022-23,12,flagged,617,Aubameyang,FWD,91,0,1,0,1,0,0,1.0,2.4028,0.0,11.9045,0.72,1,0,0,0,0,0
2022-23,12,flagged,680,Gakpo,MID,76,0,1,0,1,0,0,0.0,2.8236,0.0,12.7713,0.72,1,0,0,0,0,0
2022-23,12,flagged,690,João Félix,FWD,71,0,1,0,1,0,0,0.0,2.1356,0.0,10.5923,0.72,1,0,0,0,0,0
2022-23,13,clean,3,Xhaka,MID,51,1,0,1,0,0,0,10.0,1.3788,6.5,6.6728,0.48,0,0,0,0,0,1
2022-23,13,clean,16,Gabriel,DEF,51,0,1,0,1,0,0,2.0,1.6828,3.7,8.0989,0.48,1,1,0,1,0,0
2022-23,13,clean,81,Raya,GKP,46,0,1,0,1,1,0,2.0,3.69,5.6,17.8665,0.9,1,0,0,1,1,0
2022-23,13,clean,142,Mount,MID,77,1,0,1,0,0,0,2.0,0.726,7.1,4.6846,0.14,0,0,0,0,0,1
2022-23,13,clean,154,McArthur,MID,48,0,1,0,1,0,0,0.0,2.108,0.0,10.0418,0.68,1,0,0,1,0,0
2022-23,13,clean,258,Castagne,DEF,45,1,0,1,0,0,0,12.0,0.8196,7.8,4.1217,0.22,0,0,0,0,0,1
2022-23,13,clean,281,Alisson,GKP,54,1,0,1,0,0,0,4.0,3.4364,8.9,16.8964,0.9,0,0,0,0,0,1
2022-23,13,clean,283,Salah,MID,128,0,1,0,1,0,0,2.0,2.1348,5.5,10.4932,0.48,1,1,0,0,0,0
2022-23,13,clean,288,Diogo Jota,FWD,89,0,1,0,1,0,0,0.0,2.3884,0.0,11.4966,0.72,1,0,0,0,0,0
2022-23,13,clean,301,De Bruyne,MID,123,1,0,1,0,0,0,9.0,1.608,7.2,7.5415,0.28,0,0,0,0,0,1
2022-23,13,clean,314,Foden,MID,84,1,0,1,0,0,0,1.0,1.2548,9.2,5.8254,0.28,0,0,0,0,0,0
2022-23,13,clean,318,Haaland,FWD,122,1,1,1,1,0,1,13.0,2.2612,12.0,10.6718,0.48,0,1,0,0,1,0
2022-23,13,clean,349,Shelvey,MID,48,0,1,0,1,0,0,1.0,2.1136,-0.3,9.7859,0.68,1,0,0,1,0,0
2022-23,13,clean,357,Trippier,DEF,57,0,1,0,1,0,0,2.0,1.7884,5.7,8.772,0.48,1,1,0,0,0,0
2022-23,13,clean,369,Almirón,MID,53,1,0,1,0,0,0,10.0,1.5416,8.5,7.4687,0.48,0,0,0,0,0,1
2022-23,13,clean,427,Kane,FWD,115,1,0,1,0,0,0,8.0,2.0528,6.9,9.4845,0.48,0,0,0,0,0,1
2022-23,13,clean,461,Zouma,DEF,45,1,0,1,0,0,0,15.0,0.9216,5.5,4.1143,0.22,0,0,0,0,0,1
2022-23,13,clean,484,Kilman,DEF,46,0,1,0,1,0,0,0.0,1.7456,1.8,7.9312,0.48,1,1,0,1,0,0
2022-23,13,clean,538,Young,DEF,44,1,0,1,0,0,0,6.0,0.9928,5.4,4.3122,0.22,0,0,0,0,0,1
2022-23,13,clean,617,Aubameyang,FWD,90,0,1,0,1,0,0,2.0,2.63,3.1,11.8406,0.72,1,0,0,0,0,0
2022-23,13,clean,680,Gakpo,MID,76,0,1,0,1,0,0,0.0,2.6164,0.0,12.7422,0.72,1,0,0,0,0,0
2022-23,14,clean,2,Leno,GKP,45,0,1,0,1,1,0,10.0,3.924,4.8,19.8606,0.9,1,0,0,1,1,0
2022-23,14,clean,3,Xhaka,MID,51,1,0,1,0,0,0,3.0,1.6264,6.4,7.3753,0.48,0,0,0,0,0,1
2022-23,14,clean,10,White,DEF,46,1,0,1,0,0,0,6.0,1.63,5.8,7.2418,0.48,0,0,0,0,0,1
2022-23,14,clean,13,Saka,MID,80,1,0,1,0,0,0,4.0,1.0116,7.2,6.4679,0.24,0,0,0,0,0,1
2022-23,14,clean,128,Thiago Silva,DEF,54,0,1,0,1,0,0,0.0,1.628,3.0,9.3904,0.48,1,1,0,1,0,0
2022-23,14,clean,154,McArthur,MID,48,0,1,0,1,0,0,0.0,2.1944,0.0,10.0042,0.68,1,0,0,1,0,0
2022-23,14,clean,258,Castagne,DEF,46,1,1,1,1,0,0,2.0,1.8944,5.8,8.3613,0.48,0,1,0,0,0,0
2022-23,14,clean,281,Alisson,GKP,54,1,0,1,0,0,0,2.0,3.84,7.5,17.0521,0.9,0,0,0,0,0,0
2022-23,14,clean,283,Salah,MID,128,0,1,0,1,0,0,7.0,2.3304,5.5,10.0768,0.48,1,1,0,0,0,0
2022-23,14,clean,288,Diogo Jota,FWD,89,0,1,0,1,0,0,0.0,2.6196,0.0,11.8077,0.72,1,0,0,0,0,0
2022-23,14,clean,301,De Bruyne,MID,124,1,1,1,1,0,0,11.0,2.3468,8.2,11.2416,0.48,0,1,0,0,0,0
2022-23,14,clean,314,Foden,MID,85,1,0,1,0,0,0,1.0,1.2072,7.8,5.8566,0.28,0,0,0,0,0,0
2022-23,14,clean,318,Haaland,FWD,122,1,0,1,0,0,0,0.0,2.1128,7.4,10.3345,0.48,0,0,0,0,0,0
2022-23,14,clean,356,Wilson,FWD,73,1,0,1,0,0,0,19.0,1.0104,6.5,4.5508,0.28,0,0,0,0,0,1
2022-23,14,clean,357,Trippier,DEF,58,1,1,1,1,0,0,11.0,1.892,7.0,8.6843,0.48,0,1,0,0,0,0
2022-23,14,clean,369,Almirón,MID,55,1,0,1,0,0,1,12.0,1.8004,9.5,8.1402,0.48,0,0,0,0,1,1
2022-23,14,clean,617,Aubameyang,FWD,89,0,1,0,1,0,0,1.0,2.3468,2.8,12.8178,0.72,1,0,0,0,0,0
2022-23,14,clean,680,Gakpo,MID,76,0,1,0,1,0,0,0.0,2.7956,0.0,12.4696,0.72,1,0,0,0,0,0
2022-23,14,clean,690,João Félix,FWD,71,0,1,0,1,0,0,0.0,2.1996,0.0,11.9785,0.72,1,0,0,0,0,0
2022-23,15,clean,16,Gabriel,DEF,51,1,0,1,0,0,0,15.0,1.5584,7.8,7.6144,0.48,0,0,0,0,0,1
2022-23,15,clean,128,Thiago Silva,DEF,54,0,1,0,1,0,0,2.0,1.8884,2.2,9.4169,0.48,1,1,0,1,0,0
2022-23,15,clean,154,McArthur,MID,48,0,1,0,1,0,0,0.0,2.0432,0.0,11.2876,0.68,1,0,0,1,0,0
2022-23,15,clean,240,Summerville,MID,44,1,0,1,0,0,0,13.0,0.4532,6.3,2.0909,0.1,0,0,0,0,0,1
2022-23,15,clean,257,Amartey,DEF,43,1,0,1,0,0,0,6.0,0.8088,5.8,4.0331,0.22,0,0,0,0,0,1
2022-23,15,clean,258,Castagne,DEF,46,1,1,1,1,0,0,6.0,1.7028,6.4,8.0209,0.48,0,1,0,0,0,0
2022-23,15,clean,281,Alisson,GKP,54,1,0,1,0,0,0,3.0,3.4,8.1,16.7174,0.9,0,0,0,0,0,0
2022-23,15,clean,283,Salah,MID,128,1,0,1,0,0,0,15.0,1.9724,7.5,9.6558,0.48,0,0,0,0,0,1
2022-23,15,clean,301,De Bruyne,MID,125,1,1,1,1,0,0,7.0,2.3792,8.2,12.5882,0.48,0,1,0,0,0,0
2022-23,15,clean,357,Trippier,DEF,59,1,1,1,1,0,0,12.0,1.7908,8.0,8.7276,0.48,0,1,0,0,0,0
2022-23,15,clean,369,Almirón,MID,57,1,0,1,0,0,1,8.0,1.7988,8.6,8.2781,0.48,0,0,0,0,1,1
2022-23,15,clean,426,Forster,GKP,39,0,1,0,1,1,0,0.0,3.6236,-0.5,18.317,0.9,1,0,0,1,1,0
2022-23,15,clean,427,Kane,FWD,116,1,0,1,0,0,0,8.0,1.9852,5.1,9.8167,0.48,0,0,0,0,0,1
2022-23,15,clean,428,Son,MID,117,0,1,0,1,0,0,0.0,2.054,0.0,10.2099,0.48,1,1,0,0,0,0
2022-23,15,clean,480,Neves,MID,55,1,0,1,0,0,0,7.0,1.622,6.0,7.439,0.48,0,0,0,0,0,1
2022-23,15,clean,617,Aubameyang,FWD,88,0,1,0,1,0,0,1.0,2.5444,1.2,13.0654,0.72,1,0,0,0,0,1
2022-23,15,clean,680,Gakpo,MID,76,0,1,0,1,0,0,0.0,2.6128,0.0,12.4975,0.72,1,0,0,0,0,0
2022-23,15,clean,690,João Félix,FWD,71,0,1,0,1,0,0,0.0,2.2992,0.0,12.0583,0.72,1,0,0,0,0,0
2022-23,15,clean,701,Weghorst,FWD,54,0,1,0,1,0,0,0.0,2.1264,0.0,11.6427,0.68,1,0,0,1,0,0
2022-23,16,clean,2,Leno,GKP,45,0,1,0,1,1,0,5.0,4.0136,5.7,20.8779,0.9,1,0,0,1,1,0
2022-23,16,clean,7,Ødegaard,MID,64,1,0,1,0,0,1,16.0,1.7204,10.2,8.109,0.48,0,0,0,0,1,1
2022-23,16,clean,16,Gabriel,DEF,52,1,1,1,1,0,0,5.0,1.7632,9.2,8.2483,0.48,0,1,0,0,0,0
2022-23,16,clean,154,McArthur,MID,48,0,1,0,1,0,0,0.0,2.1144,0.0,11.5964,0.68,1,0,0,1,0,0
2022-23,16,clean,225,Rodrigo,MID,63,1,0,1,0,0,0,13.0,0.7372,8.2,4.3979,0.14,0,0,0,0,0,1
2022-23,16,clean,240,Summerville,MID,44,1,0,1,0,0,0,7.0,0.842,8.5,4.0195,0.28,0,0,0,0,0,1
2022-23,16,clean,254,Ward,GKP,41,1,0,1,0,0,0,11.0,0.1288,6.7,0.716,0.02,0,0,0,0,0,1
2022-23,16,clean,283,Salah,MID,128,1,0,1,0,0,0,2.0,2.2288,9.0,9.897,0.48,0,0,0,0,0,0
2022-23,16,clean,284,Robertson,DEF,67,1,0,1,0,0,0,9.0,0.7116,7.0,4.3277,0.14,0,0,0,0,0,1
2022-23,16,clean,288,Diogo Jota,FWD,88,0,1,0,1,0,0,0.0,2.5936,0.0,11.5411,0.72,1,0,0,0,0,0
2022-23,16,clean,297,Darwin,FWD,90,1,0,1,0,0,0,13.0,0.7936,8.3,4.9419,0.14,0,0,0,0,0,1
2022-23,16,clean,301,De Bruyne,MID,126,0,1,0,1,0,0,2.0,2.326,7.7,12.3098,0.48,1,1,0,0,0,0
2022-23,16,clean,342,Dalot,DEF,48,0,1,0,1,0,0,0.0,1.6116,0.0,9.0521,0.48,1,1,0,1,0,0
2022-23,16,clean,357,Trippier,DEF,59,1,1,1,1,0,0,7.0,1.9968,9.5,8.9213,0.48,0,1,0,0,0,0
2022-23,16,clean,369,Almirón,MID,58,1,0,1,0,0,0,6.0,1.7988,8.2,8.0684,0.48,0,0,0,0,0,1
2022-23,16,clean,427,Kane,FWD,116,1,0,1,0,0,0,11.0,1.738,7.2,9.5843,0.48,0,0,0,0,0,1
2022-23,16,clean,428,Son,MID,116,0,1,0,1,0,0,0.0,1.934,0.0,10.1424,0.48,1,1,0,0,0,0
2022-23,16,clean,680,Gakpo,MID,76,0,1,0,1,0,0,0.0,2.8288,0.0,12.6267,0.72,1,0,0,0,0,0
2022-23,16,clean,690,João Félix,FWD,71,0,1,0,1,0,0,0.0,2.186,0.0,12.2518,0.72,1,0,0,0,0,0
2022-23,16,clean,701,Weghorst,FWD,54,0,1,0,1,0,0,0.0,2.0716,0.0,11.7183,0.68,1,0,0,1,0,0
2022-23,17,clean,2,Leno,GKP,45,0,1,0,1,1,0,6.0,3.724,6.0,21.7538,0.9,1,0,0,1,1,0
2022-23,17,clean,7,Ødegaard,MID,64,1,0,1,0,0,0,11.0,2.0412,11.5,9.1265,0.48,0,0,0,0,0,1
2022-23,17,clean,107,March,MID,50,1,0,1,0,0,0,13.0,0.7712,13.0,5.0733,0.24,0,0,0,0,0,1
2022-23,17,clean,113,Sánchez,GKP,46,1,0,1,0,0,0,9.0,2.9164,9.0,14.9283,0.9,0,0,0,0,0,1
2022-23,17,clean,128,Thiago Silva,DEF,54,0,1,0,1,0,0,6.0,1.798,6.5,9.3273,0.48,1,1,0,1,0,0
2022-23,17,clean,145,Havertz,FWD,77,1,0,1,0,0,0,12.0,1.5876,12.5,8.4894,0.48,0,0,0,0,0,1
2022-23,17,clean,154,McArthur,MID,48,0,1,0,1,0,0,0.0,2.2884,0.0,11.8349,0.68,1,0,0,1,0,0
2022-23,17,clean,188,Mina,DEF,43,1,0,1,0,0,0,11.0,0.4844,11.0,2.4163,0.1,0,0,0,0,0,1
2022-23,17,clean,210,Mitrović,FWD,68,1,0,1,0,0,0,15.0,1.498,11.2,8.3032,0.48,0,0,0,0,0,1
2022-23,17,clean,280,Van Dijk,DEF,65,1,0,1,0,0,0,9.0,1.4332,10.0,7.1811,0.48,0,0,0,0,0,1
2022-23,17,clean,283,Salah,MID,128,1,0,1,0,0,0,12.0,2.0292,13.0,9.6531,0.48,0,0,0,0,0,1
2022-23,17,clean,288,Diogo Jota,FWD,88,0,1,0,1,0,0,0.0,2.3924,0.0,11.4029,0.72,1,0,0,0,0,0
2022-23,17,clean,301,De Bruyne,MID,126,0,1,0,1,0,0,2.0,2.2184,3.0,12.5214,0.48,1,1,0,0,0,0
2022-23,17,clean,314,Foden,MID,83,0,1,0,1,0,0,1.0,1.9244,2.0,10.3998,0.48,1,1,0,0,0,0
2022-23,17,clean,318,Haaland,FWD,122,1,0,1,0,0,0,13.0,1.9792,14.0,11.0835,0.48,0,0,0,0,0,1
2022-23,17,clean,335,Rashford,MID,67,1,0,1,0,0,1,14.0,1.7328,14.5,10.2742,0.48,0,0,0,0,1,1
2022-23,17,clean,342,Dalot,DEF,48,0,1,0,1,0,0,0.0,1.8708,0.2,10.4882,0.48,1,1,0,1,0,1
2022-23,17,clean,357,Trippier,DEF,59,1,1,1,1,0,0,12.0,1.7944,12.0,8.9458,0.48,0,1,0,0,0,0
2022-23,17,clean,680,Gakpo,MID,76,0,1,0,1,0,0,0.0,2.666,0.0,12.5986,0.72,1,0,0,0,0,0
2022-23,17,clean,690,João Félix,FWD,71,0,1,0,1,0,0,0.0,2.3504,0.0,12.4815,0.72,1,0,0,0,0,0
2022-23,17,clean,701,Weghorst,FWD,54,0,1,0,1,0,0,0.0,2.3452,0.0,13.481,0.68,1,0,0,1,0,0
2022-23,18,clean,2,Leno,GKP,45,0,1,0,1,1,0,2.0,4.0716,4.0,21.8939,0.9,1,0,0,1,1,1
2022-23,18,clean,7,Ødegaard,MID,65,1,1,1,1,0,1,13.0,1.9212,12.5,10.6942,0.48,0,1,0,0,1,0
2022-23,18,clean,16,Gabriel,DEF,52,0,1,0,1,0,0,0.0,1.6636,1.5,9.2086,0.48,1,1,0,1,0,1
2022-23,18,clean,80,Toney,FWD,75,1,0,1,0,0,0,12.0,0,8.5,5.5404,0.0,0,0,0,0,0,1
2022-23,18,clean,133,Arrizabalaga,GKP,45,1,0,1,0,0,0,3.0,0.2412,7.0,1.3091,0.04,0,0,0,0,0,1
2022-23,18,clean,145,Havertz,FWD,78,1,0,1,0,0,0,2.0,1.638,8.0,9.4758,0.48,0,0,0,0,0,1
2022-23,18,clean,154,McArthur,MID,48,0,1,0,1,0,0,0.0,2.1052,0.0,11.9661,0.68,1,0,0,1,0,0
2022-23,18,clean,301,De Bruyne,MID,126,0,1,0,1,0,0,1.0,2.3828,2.5,13.8906,0.48,1,1,0,0,0,0
2022-23,18,clean,302,Stones,DEF,54,0,1,0,1,0,0,2.0,1.7272,3.0,9.9747,0.48,1,1,0,1,0,0
2022-23,18,clean,303,Mahrez,MID,75,1,0,1,0,0,0,8.0,1.1972,8.0,7.1777,0.28,0,0,0,0,0,1
2022-23,18,clean,304,Sterling,MID,97,1,0,1,0,0,0,9.0,1.0116,8.5,8.0294,0.24,0,0,0,0,0,1
2022-23,18,clean,318,Haaland,FWD,122,1,0,1,0,0,0,6.0,2.2956,10.5,13.3542,0.48,0,0,0,0,0,1
2022-23,18,clean,332,Shaw,DEF,49,1,0,1,0,0,0,9.0,0.8352,8.5,7.8275,0.24,0,0,0,0,0,1
2022-23,18,clean,335,Rashford,MID,68,1,0,1,0,0,0,5.0,1.7176,9.5,11.0608,0.48,0,0,0,0,0,1
2022-23,18,clean,341,Wan-Bissaka,DEF,43,1,0,1,0,0,0,9.0,0.456,7.5,3.025,0.1,0,0,0,0,0,1
2022-23,18,clean,357,Trippier,DEF,59,1,1,1,1,0,0,8.0,2.7,10.0,12.1562,0.68,0,0,0,0,0,0
2022-23,18,clean,427,Kane,FWD,116,0,1,0,1,0,0,2.0,2.3976,5.0,13.3202,0.68,1,0,0,0,0,0
2022-23,18,clean,680,Gakpo,MID,76,0,1,0,1,0,0,0.0,2.8112,0.0,12.5493,0.72,1,0,0,0,0,0
2022-23,18,clean,690,João Félix,FWD,71,0,1,0,1,0,0,0.0,2.1456,0.0,12.6747,0.72,1,0,0,0,0,0
2022-23,18,clean,701,Weghorst,FWD,54,0,1,0,1,0,0,0.0,2.2036,0.0,13.7379,0.68,1,0,0,1,0,0
2022-23,19,flagged,2,Leno,GKP,45,1,1,1,1,1,0,14.0,7.684,10.5,21.5582,0.9,0,0,1,0,1,0
2022-23,19,flagged,7,Ødegaard,MID,66,1,0,1,0,0,0,2.0,2.1188,9.2,11.2412,0.48,0,0,0,0,0,0
2022-23,19,flagged,16,Gabriel,DEF,52,0,1,0,1,0,0,6.0,2.5596,3.2,12.7335,0.68,1,0,0,1,0,0
2022-23,19,flagged,106,Dunk,DEF,47,0,1,0,1,0,0,2.0,1.9752,2.3,9.9509,0.68,1,0,0,1,0,0
2022-23,19,flagged,107,March,MID,50,1,0,1,0,0,0,11.0,0.8064,8.3,5.4205,0.24,0,0,0,0,0,1
2022-23,19,flagged,145,Havertz,FWD,78,1,0,1,0,0,0,4.0,3.3216,9.0,9.6454,0.48,0,0,1,0,0,1
2022-23,19,flagged,154,McArthur,MID,48,0,1,0,1,0,0,0.0,2.2372,0.0,12.0653,0.68,1,0,0,1,0,0
2022-23,19,flagged,210,Mitrović,FWD,71,1,0,1,0,0,0,5.0,3.408,9.5,9.8171,0.48,0,0,1,0,0,1
2022-23,19,flagged,211,Reed,MID,45,0,1,0,1,0,0,5.0,2.6316,4.5,7.456,0.48,0,1,1,1,0,0
2022-23,19,flagged,283,Salah,MID,129,0,1,0,1,0,0,2.0,2.7668,6.3,13.6344,0.68,1,0,0,0,0,0
2022-23,19,flagged,332,Shaw,DEF,50,1,0,1,0,0,0,15.0,1.0172,10.7,8.9289,0.24,0,0,0,0,0,1
2022-23,19,flagged,335,Rashford,MID,69,1,0,1,0,0,0,8.0,1.906,9.0,11.7694,0.48,0,0,0,0,0,1
2022-23,19,flagged,357,Trippier,DEF,59,1,1,1,1,0,0,8.0,2.4096,8.8,11.9216,0.68,0,0,0,0,0,0
2022-23,19,flagged,427,Kane,FWD,116,1,1,1,1,0,0,16.0,2.3368,8.8,13.2779,0.68,0,0,0,0,0,0
2022-23,19,flagged,520,Koulibaly,DEF,55,1,0,1,0,0,0,10.0,3.038,9.0,8.7203,0.48,0,0,1,0,0,1
2022-23,19,flagged,614,Willian,MID,55,1,0,1,0,0,1,15.0,2.316,11.1,6.5125,0.28,0,0,1,0,1,1
2022-23,19,flagged,680,Gakpo,MID,80,0,1,0,1,0,0,0.0,2.658,0.9,12.8597,0.72,1,0,0,0,0,1
2022-23,19,flagged,690,João Félix,FWD,75,0,1,0,1,0,0,-2.0,4.6292,5.0,13.3829,0.72,0,0,1,0,0,0
2022-23,19,flagged,701,Weghorst,FWD,54,0,1,0,1,0,0,0.0,2.3436,0.0,14.3976,0.68,1,0,0,1,0,0
2022-23,20,flagged,107,March,MID,50,1,0,1,0,0,0,19.0,1.154,10.0,6.7966,0.34,0,0,0,0,0,1
2022-23,20,flagged,152,Guaita,GKP,45,0,1,1,1,1,0,6.0,6.5528,5.9,18.6282,0.9,0,0,1,1,1,0
2022-23,20,flagged,154,McArthur,MID,48,0,1,0,1,0,0,0.0,4.2548,0.0,12.3472,0.68,0,0,1,1,0,0
2022-23,20,flagged,171,Olise,MID,54,1,0,1,0,0,0,11.0,3.4076,10.3,9.6942,0.48,0,0,1,0,0,1
2022-23,20,flagged,258,Castagne,DEF,46,0,1,0,1,0,0,1.0,2.1268,1.5,10.6016,0.68,1,0,0,1,0,1
2022-23,20,flagged,283,Salah,MID,129,0,1,0,1,0,0,2.0,2.682,5.5,15.0144,0.68,1,0,0,0,0,0
2022-23,20,flagged,301,De Bruyne,MID,125,0,1,0,1,0,0,5.0,5.7564,5.9,18.4941,0.68,1,0,1,0,0,0
2022-23,20,flagged,302,Stones,DEF,54,0,1,0,1,0,0,1.0,3.4752,1.8,11.0817,0.48,1,1,1,1,0,1
2022-23,20,flagged,303,Mahrez,MID,75,1,0,1,0,0,1,19.0,2.7636,17.1,8.6585,0.28,0,0,1,0,1,1
2022-23,20,flagged,305,Grealish,MID,68,1,0,1,0,0,0,8.0,1.5672,10.7,6.415,0.14,0,0,1,0,0,1
2022-23,20,flagged,318,Haaland,FWD,122,1,0,1,0,0,0,8.0,4.3708,13.1,13.9152,0.48,0,0,1,0,0,1
2022-23,20,flagged,327,De Gea,GKP,49,1,0,1,0,0,0,5.0,6.2224,9.4,18.3205,0.9,0,0,1,0,0,0
2022-23,20,flagged,332,Shaw,DEF,51,1,0,1,0,0,0,4.0,2.0192,13.4,8.4919,0.24,0,0,1,0,0,1
2022-23,20,flagged,335,Rashford,MID,70,1,0,1,0,0,0,12.0,3.686,14.6,10.9375,0.48,0,0,1,0,0,1
2022-23,20,flagged,342,Dalot,DEF,47,0,1,0,1,0,0,0.0,3.5572,-0.2,10.3233,0.48,0,1,1,1,0,0
2022-23,20,flagged,357,Trippier,DEF,60,1,0,1,0,0,0,9.0,2.8076,9.2,10.9479,0.68,0,0,0,0,0,1
2022-23,20,flagged,358,Burn,DEF,45,1,0,1,0,0,0,9.0,0.8256,6.8,3.3652,0.22,0,0,0,0,0,1
2022-23,20,flagged,427,Kane,FWD,116,1,1,1,1,0,0,7.0,4.8396,12.3,13.828,0.68,0,0,1,0,0,0
2022-23,20,flagged,475,Coady,DEF,50,0,1,0,1,0,0,1.0,2.3428,0.8,11.4331,0.68,1,0,0,1,0,0
2022-23,20,flagged,680,Gakpo,MID,80,0,1,0,1,0,0,2.0,2.7236,2.0,14.726,0.72,1,0,0,0,0,0
2022-23,20,flagged,701,Weghorst,FWD,60,0,1,0,1,0,0,2.0,4.5388,3.0,13.4084,0.68,0,0,1,0,0,1
2022-23,21,clean,7,Ødegaard,MID,68,1,1,1,1,0,0,5.0,3.0012,8.5,17.5317,0.68,0,0,0,0,0,0
2022-23,21,clean,10,White,DEF,47,0,1,0,1,0,0,0.0,2.4816,4.1,14.37,0.68,1,0,0,1,0,0
2022-23,21,clean,13,Saka,MID,81,1,0,1,0,0,0,9.0,1.2868,7.1,11.0374,0.34,0,0,0,0,0,1
2022-23,21,clean,16,Gabriel,DEF,52,0,1,0,1,0,0,1.0,2.3632,3.3,14.1793,0.68,1,0,0,1,0,0
2022-23,21,clean,81,Raya,GKP,46,1,0,1,0,0,0,10.0,3.5776,6.0,15.2805,0.9,0,0,0,0,0,1
2022-23,21,clean,107,March,MID,51,1,0,1,0,0,1,2.0,1.276,9.2,7.4496,0.34,0,0,0,0,1,1
2022-23,21,clean,238,Meslier,GKP,45,0,1,0,1,1,0,6.0,3.5488,3.8,18.4846,0.9,1,0,0,1,1,0
2022-23,21,clean,258,Castagne,DEF,46,0,1,0,1,0,0,1.0,2.4532,1.0,10.5913,0.68,1,0,0,1,0,0
2022-23,21,clean,280,Van Dijk,DEF,65,0,1,0,1,0,0,0.0,2.372,0.0,11.7136,0.68,1,0,0,0,0,0
2022-23,21,clean,288,Diogo Jota,FWD,88,0,1,0,1,0,0,0.0,2.514,0.0,13.0907,0.72,1,0,0,0,0,0
2022-23,21,clean,301,De Bruyne,MID,125,0,1,0,1,0,0,6.0,3.0772,3.8,15.8451,0.68,1,0,0,0,0,0
2022-23,21,clean,303,Mahrez,MID,76,1,0,1,0,0,0,6.0,1.5664,8.5,8.0692,0.28,0,0,0,0,0,1
2022-23,21,clean,318,Haaland,FWD,122,1,1,1,1,0,0,17.0,3.1336,8.7,16.3284,0.68,0,0,0,0,0,0
2022-23,21,clean,335,Rashford,MID,71,1,1,1,1,0,0,7.0,2.6852,7.2,13.7971,0.68,0,0,0,0,0,0
2022-23,21,clean,357,Trippier,DEF,60,1,0,1,0,0,0,8.0,2.4288,9.0,10.4206,0.68,0,0,0,0,0,1
2022-23,21,clean,358,Burn,DEF,45,1,0,1,0,0,0,6.0,0.7172,6.6,3.1291,0.22,0,0,0,0,0,1
2022-23,21,clean,366,Schär,DEF,51,1,0,1,0,0,0,6.0,2.1184,6.0,8.8602,0.68,0,0,0,0,0,1
2022-23,21,clean,427,Kane,FWD,117,1,0,1,0,0,0,6.0,2.3524,6.8,11.1807,0.68,0,0,0,0,0,1
2022-23,21,clean,680,Gakpo,MID,80,0,1,0,1,0,0,3.0,2.8452,2.2,14.6916,0.72,1,0,0,0,0,0
2022-23,22,flagged,7,Ødegaard,MID,69,0,1,0,1,0,0,2.0,2.6736,5.8,17.9219,0.68,1,0,0,0,0,0
2022-23,22,flagged,106,Dunk,DEF,47,0,1,0,1,0,0,6.0,2.216,4.0,9.7651,0.68,1,0,0,1,0,0
2022-23,22,flagged,107,March,MID,52,1,0,1,0,0,0,3.0,1.2584,8.0,8.4947,0.34,0,0,0,0,0,1
2022-23,22,flagged,124,Mitoma,MID,51,1,0,1,0,0,0,11.0,1.22,9.0,5.3146,0.28,0,0,0,0,0,1
2022-23,22,flagged,133,Arrizabalaga,GKP,46,1,0,1,0,0,0,10.0,4.166,8.0,18.5851,0.9,0,0,0,0,0,1
2022-23,22,flagged,182,Pickford,GKP,44,0,1,0,1,0,0,5.0,3.556,2.2,18.6431,0.9,1,0,0,1,0,0
2022-23,22,flagged,222,Ayling,DEF,45,1,0,1,0,0,0,3.0,1.5404,6.5,4.7356,0.22,0,0,1,0,0,1
2022-23,22,flagged,227,Bamford,FWD,72,1,0,1,0,0,0,7.0,1.4272,7.5,5.2062,0.14,0,0,1,0,0,1
2022-23,22,flagged,288,Diogo Jota,FWD,88,0,1,0,1,0,0,0.0,2.2804,0.0,13.1852,0.72,1,0,0,0,0,0
2022-23,22,flagged,301,De Bruyne,MID,124,0,1,0,1,0,0,1.0,2.682,3.5,15.4581,0.68,1,0,0,0,0,0
2022-23,22,flagged,318,Haaland,FWD,122,0,1,0,1,0,0,2.0,2.9484,7.3,17.0007,0.68,1,0,0,0,0,0
2022-23,22,flagged,333,Fernandes,MID,99,1,0,1,0,0,0,12.0,4.9676,14.4,11.9708,0.68,0,0,1,0,0,1
2022-23,22,flagged,335,Rashford,MID,72,1,1,1,1,1,1,20.0,5.864,15.6,14.1507,0.68,0,0,1,0,0,0
2022-23,22,flagged,394,Johnson,FWD,56,1,0,1,0,0,0,9.0,2.0724,8.2,9.5921,0.68,0,0,0,0,0,1
2022-23,22,flagged,407,Ward-Prowse,MID,62,0,1,0,1,0,0,2.0,2.24,6.3,12.1016,0.68,1,0,0,0,0,0
2022-23,22,flagged,475,Coady,DEF,49,0,1,0,1,0,0,6.0,2.2968,2.2,11.4876,0.68,1,0,0,1,0,0
2022-23,22,flagged,526,Mee,DEF,48,1,1,1,1,0,0,13.0,2.384,8.7,9.9008,0.68,0,0,0,0,0,0
2022-23,22,flagged,586,Estupiñán,DEF,46,1,0,1,0,0,0,6.0,1.6816,7.0,7.2748,0.48,0,0,0,0,0,1
2022-23,22,flagged,619,Gnonto,FWD,50,1,0,1,0,0,0,11.0,1.896,8.1,5.4678,0.28,0,0,1,0,0,1
2022-23,22,flagged,680,Gakpo,MID,78,0,1,0,1,0,0,2.0,2.5548,3.3,14.5842,0.72,1,0,0,0,0,0
2022-23,23,flagged,7,Ødegaard,MID,70,0,1,0,1,0,0,4.0,5.8664,5.6,18.6773,0.68,1,0,1,0,0,1
2022-23,23,flagged,10,White,DEF,47,0,1,0,1,0,0,3.0,4.7888,2.4,14.8232,0.68,1,0,1,1,0,0
2022-23,23,flagged,11,Nketiah,FWD,68,1,0,1,0,0,0,6.0,2.9148,10.4,9.3114,0.28,0,0,1,0,0,1
2022-23,23,flagged,13,Saka,MID,83,1,0,1,0,0,0,15.0,2.556,13.0,11.4365,0.34,0,0,1,0,0,1
2022-23,23,flagged,16,Gabriel,DEF,52,0,1,0,1,0,0,3.0,4.8708,3.0,15.0123,0.68,1,0,1,1,0,0
2022-23,23,flagged,81,Raya,GKP,47,1,0,1,0,0,0,6.0,3.6672,7.2,17.5443,0.9,0,0,0,0,0,1
2022-23,23,flagged,133,Arrizabalaga,GKP,46,0,1,1,1,0,0,2.0,3.8868,7.0,19.1932,0.9,1,0,0,1,0,0
2022-23,23,flagged,154,McArthur,MID,48,0,1,0,1,0,0,0.0,2.2676,0.0,11.6038,0.68,1,0,0,1,0,0
2022-23,23,flagged,262,Iheanacho,FWD,61,1,0,1,0,0,0,12.0,1.2624,9.0,5.6811,0.28,0,0,0,0,0,1
2022-23,23,flagged,285,Alexander-Arnold,DEF,73,0,1,0,1,0,0,6.0,2.7876,3.2,12.5438,0.68,1,0,0,0,0,0
2022-23,23,flagged,288,Diogo Jota,FWD,88,0,1,0,1,0,0,1.0,2.5356,0.6,12.1407,0.72,1,0,0,0,0,0
2022-23,23,flagged,301,De Bruyne,MID,124,1,1,1,1,0,0,15.0,5.6412,10.3,14.0849,0.68,0,0,1,0,0,0
2022-23,23,flagged,303,Mahrez,MID,78,1,0,1,0,0,1,14.0,4.5668,16.7,11.4833,0.48,0,0,1,0,1,1
2022-23,23,flagged,318,Haaland,FWD,122,1,1,1,1,1,0,10.0,6.0,15.5,15.1584,0.68,0,0,1,0,1,0
2022-23,23,flagged,407,Ward-Prowse,MID,62,0,1,0,1,0,0,1.0,2.404,1.2,12.355,0.68,1,0,0,0,0,1
2022-23,23,flagged,465,Bowen,MID,80,1,0,1,0,0,0,5.0,2.3268,7.7,9.3148,0.68,0,0,0,0,0,1
2022-23,23,flagged,526,Mee,DEF,49,1,0,1,0,0,0,2.0,2.0364,6.5,10.1732,0.68,0,0,0,0,0,0
2022-23,23,flagged,545,Emerson,DEF,40,1,0,1,0,0,0,10.0,0.5068,6.0,2.6841,0.11,0,0,0,0,0,1
2022-23,23,flagged,586,Estupiñán,DEF,46,1,0,1,0,0,0,7.0,1.5564,7.3,6.2943,0.48,0,0,0,0,0,1
2022-23,23,flagged,699,Mudryk,MID,70,0,1,0,1,0,0,2.0,2.3784,1.3,11.9165,0.72,1,0,0,0,0,0
2022-23,24,clean,2,Leno,GKP,45,1,0,1,0,0,0,11.0,3.4648,7.7,14.8145,0.9,0,0,0,0,0,1
2022-23,24,clean,7,Ødegaard,MID,70,0,1,0,1,0,0,8.0,2.6324,4.0,15.4713,0.68,1,0,0,0,0,0
2022-23,24,clean,10,White,DEF,47,0,1,0,1,0,0,1.0,2.1652,2.0,12.645,0.68,1,0,0,1,0,1
2022-23,24,clean,40,Watkins,FWD,71,1,0,1,0,0,0,8.0,2.0172,8.2,10.6736,0.68,0,0,0,0,0,1
2022-23,24,clean,128,Thiago Silva,DEF,55,0,1,0,1,0,0,0.0,2.5384,3.2,12.674,0.68,1,0,0,0,0,0
2022-23,24,clean,133,Arrizabalaga,GKP,47,0,1,0,1,1,0,2.0,4.1568,5.2,21.4771,0.9,1,0,0,1,1,0
2022-23,24,clean,199,Tarkowski,DEF,43,1,0,1,0,0,0,8.0,0.8604,8.0,4.7679,0.22,0,0,0,0,0,1
2022-23,24,clean,261,Maddison,MID,81,1,0,1,0,0,0,2.0,1.6448,6.7,8.7371,0.48,0,0,0,0,0,1
2022-23,24,clean,262,Iheanacho,FWD,61,1,0,1,0,0,0,2.0,1.2248,9.7,6.3615,0.28,0,0,0,0,0,1
2022-23,24,clean,283,Salah,MID,126,0,1,1,1,0,0,6.0,2.5928,6.3,14.9026,0.68,1,0,0,0,0,0
2022-23,24,clean,285,Alexander-Arnold,DEF,73,0,1,0,1,0,0,12.0,2.2588,6.3,13.3784,0.68,1,0,0,0,0,0
2022-23,24,clean,288,Diogo Jota,FWD,88,0,1,0,1,0,0,1.0,2.454,0.7,13.4667,0.72,1,0,0,0,0,0
2022-23,24,clean,333,Fernandes,MID,99,1,0,1,0,0,0,12.0,2.7484,6.8,9.8111,0.68,0,0,0,0,0,1
2022-23,24,clean,335,Rashford,MID,73,1,0,1,0,0,1,15.0,3.048,10.8,10.9357,0.68,0,0,0,0,1,1
2022-23,24,clean,427,Kane,FWD,118,0,1,0,1,0,0,5.0,3.014,5.0,14.031,0.82,1,0,0,0,0,0
2022-23,24,clean,432,Davies,DEF,48,1,0,1,0,0,0,11.0,2.2348,6.7,9.9081,0.68,0,0,0,0,0,1
2022-23,24,clean,445,Emerson Royal,DEF,49,1,0,1,0,0,0,15.0,1.7772,7.3,7.84,0.48,0,0,0,0,0,1
2022-23,24,clean,470,Diop,DEF,43,1,0,1,0,0,0,6.0,0.816,6.7,3.406,0.22,0,0,0,0,0,1
2022-23,24,clean,493,Gibbs-White,MID,55,0,1,0,1,0,0,5.0,2.4408,2.3,12.1603,0.68,1,0,0,0,0,0
2022-23,24,clean,526,Mee,DEF,50,0,1,0,1,0,0,1.0,2.3812,5.3,11.4833,0.68,1,0,0,1,0,0
2022-23,24,clean,586,Estupiñán,DEF,47,1,0,1,0,0,0,8.0,1.8352,7.0,7.6964,0.48,0,0,0,0,0,1
2022-23,24,clean,690,João Félix,FWD,76,0,1,0,1,0,0,2.0,2.6224,4.2,13.6169,0.72,1,0,0,0,0,0
2022-23,25,flagged,7,Ødegaard,MID,70,1,1,1,1,1,0,11.0,5.842,9.4,16.7615,0.68,0,0,1,0,1,0
2022-23,25,flagged,10,White,DEF,47,0,1,0,1,0,0,13.0,4.606,7.4,13.0425,0.68,0,0,1,1,0,0
2022-23,25,flagged,13,Saka,MID,84,1,0,1,0,0,0,15.0,2.7616,13.6,10.6804,0.34,0,0,1,0,0,1
2022-23,25,flagged,15,Ramsdale,GKP,49,1,0,1,0,0,0,13.0,6.1208,8.0,17.6221,0.9,0,0,1,0,0,1
2022-23,25,flagged,16,Gabriel,DEF,52,0,1,0,1,0,0,15.0,5.4108,8.0,15.5101,0.82,0,0,1,1,0,0
2022-23,25,flagged,40,Watkins,FWD,72,1,0,1,0,0,0,6.0,1.9984,8.0,11.0642,0.68,0,0,0,0,0,1
2022-23,25,flagged,133,Arrizabalaga,GKP,47,0,1,0,1,0,0,1.0,3.6512,3.8,20.5797,0.9,1,0,0,1,0,0
2022-23,25,flagged,171,Olise,MID,54,0,1,0,1,0,0,3.0,2.4412,3.3,12.978,0.68,1,0,0,1,0,0
2022-23,25,flagged,199,Tarkowski,DEF,44,1,0,1,0,0,0,0.0,1.7696,9.1,4.9349,0.22,0,0,1,0,0,0
2022-23,25,flagged,262,Iheanacho,FWD,61,1,0,1,0,0,0,2.0,1.3604,7.3,7.4525,0.28,0,0,0,0,0,1
2022-23,25,flagged,280,Van Dijk,DEF,65,1,0,1,0,0,0,24.0,4.1784,13.0,11.6577,0.68,0,0,1,0,0,1
2022-23,25,flagged,283,Salah,MID,127,1,1,1,1,0,0,11.0,5.5044,13.0,15.2337,0.68,0,0,1,0,0,0
2022-23,25,flagged,285,Alexander-Arnold,DEF,73,1,1,1,1,0,1,13.0,5.3576,13.8,14.8385,0.68,0,0,1,0,1,0
2022-23,25,flagged,288,Diogo Jota,FWD,88,0,1,0,1,0,0,7.0,4.9808,4.6,14.0063,0.72,0,0,1,0,0,0
2022-23,25,flagged,407,Ward-Prowse,MID,62,0,1,0,1,0,0,2.0,2.7028,3.3,15.4477,0.82,1,0,0,0,0,0
2022-23,25,flagged,427,Kane,FWD,118,0,1,0,1,0,0,6.0,3.046,5.2,14.0488,0.82,1,0,0,0,0,0
2022-23,25,flagged,445,Emerson Royal,DEF,49,1,0,1,0,0,0,7.0,2.002,7.2,8.6774,0.48,0,0,0,0,0,1
2022-23,25,flagged,459,Dawson,DEF,48,1,0,1,0,0,0,3.0,2.8976,7.5,8.7093,0.48,0,0,1,0,0,1
2022-23,25,flagged,475,Coady,DEF,49,0,1,0,1,0,0,1.0,4.0844,4.7,11.4963,0.68,0,0,1,1,0,0
2022-23,26,clean,2,Leno,GKP,45,1,0,1,0,0,0,2.0,3.6068,5.2,14.4544,0.9,0,0,0,0,0,0
2022-23,26,clean,7,Ødegaard,MID,70,0,1,0,1,0,0,2.0,3.5968,5.2,16.3364,0.82,1,0,0,0,0,0
2022-23,26,clean,13,Saka,MID,85,1,0,1,0,0,0,2.0,1.7284,7.3,11.2955,0.41,0,0,0,0,0,1
2022-23,26,clean,16,Gabriel,DEF,52,0,1,0,1,0,0,1.0,2.998,4.3,13.0559,0.82,1,0,0,1,0,0
2022-23,26,clean,40,Watkins,FWD,73,1,0,1,0,0,0,2.0,2.2892,5.8,12.133,0.68,0,0,0,0,0,0
2022-23,26,clean,80,Toney,FWD,77,1,0,1,0,0,0,8.0,0,6.3,12.1229,0.0,0,0,0,0,0,1
2022-23,26,clean,81,Raya,GKP,48,0,1,0,1,1,0,2.0,4.0456,3.7,24.4742,0.9,1,0,0,1,1,1
2022-23,26,clean,109,Veltman,DEF,46,0,1,1,1,0,0,13.0,2.3136,5.7,11.6662,0.68,1,0,0,1,0,0
2022-23,26,clean,280,Van Dijk,DEF,65,1,0,1,0,0,0,6.0,2.524,7.7,10.8723,0.68,0,0,0,0,0,1
2022-23,26,clean,283,Salah,MID,127,1,1,1,1,0,1,21.0,3.4128,10.3,15.1202,0.82,0,0,0,0,1,0
2022-23,26,clean,285,Alexander-Arnold,DEF,73,1,0,1,0,0,0,6.0,2.8252,7.9,12.0607,0.68,0,0,0,0,0,1
2022-23,26,clean,333,Fernandes,MID,98,0,1,0,1,0,0,2.0,3.182,4.3,15.2379,0.82,1,0,0,0,0,0
2022-23,26,clean,335,Rashford,MID,73,1,1,1,1,0,0,2.0,2.9324,7.7,14.2956,0.68,0,0,0,0,0,0
2022-23,26,clean,357,Trippier,DEF,60,0,1,0,1,0,0,1.0,3.0244,0.8,17.3144,0.82,1,0,0,0,0,0
2022-23,26,clean,407,Ward-Prowse,MID,63,0,1,0,1,0,0,0.0,2.9108,2.7,15.633,0.82,1,0,0,0,0,1
2022-23,26,clean,427,Kane,FWD,117,0,1,0,1,0,0,2.0,3.048,4.6,14.3208,0.82,1,0,0,0,0,0
2022-23,26,clean,445,Emerson Royal,DEF,50,1,0,1,0,0,0,1.0,1.712,6.0,8.5954,0.48,0,0,0,0,0,0
2022-23,26,clean,526,Mee,DEF,50,0,1,0,1,0,0,1.0,2.3576,1.3,13.6242,0.68,1,0,0,1,0,1
2022-23,26,clean,562,Solomon,MID,49,1,0,1,0,0,0,7.0,0.644,6.5,2.699,0.18,0,0,0,0,0,1
2022-23,26,clean,586,Estupiñán,DEF,47,1,0,1,0,0,0,6.0,1.8752,7.0,9.445,0.48,0,0,0,0,0,1
2022-23,27,flagged,7,Ødegaard,MID,69,0,1,0,1,0,0,7.0,3.4692,4.1,16.703,0.82,1,0,0,0,0,0
2022-23,27,flagged,16,Gabriel,DEF,52,0,1,0,1,0,0,14.0,2.6072,5.8,13.0366,0.82,1,0,0,1,0,0
2022-23,27,flagged,80,Toney,FWD,78,1,0,1,0,0,0,13.0,0,12.1,10.7995,0.0,0,0,1,0,0,1
2022-23,27,flagged,81,Raya,GKP,48,0,1,0,1,1,0,9.0,7.296,7.5,24.5648,0.9,1,0,1,1,1,0
2022-23,27,flagged,88,Jensen,MID,48,1,0,1,0,0,0,5.0,4.0772,8.9,13.3597,0.68,0,0,1,0,0,1
2022-23,27,flagged,92,Pinnock,DEF,44,1,0,1,0,0,0,8.0,1.6652,8.9,5.699,0.22,0,0,1,0,0,1
2022-23,27,flagged,95,Mbeumo,FWD,59,0,1,0,1,0,0,4.0,4.0188,6.1,13.4533,0.68,1,0,1,0,0,0
2022-23,27,flagged,106,Dunk,DEF,47,0,1,0,1,0,0,8.0,4.8652,8.0,11.9899,0.82,0,0,1,1,0,0
2022-23,27,flagged,116,Mac Allister,MID,55,1,0,1,0,0,0,10.0,5.282,13.0,13.139,0.68,0,0,1,0,0,1
2022-23,27,flagged,124,Mitoma,MID,55,1,0,1,0,0,1,12.0,4.3016,13.6,10.7943,0.48,0,0,1,0,1,1
2022-23,27,flagged,280,Van Dijk,DEF,65,1,0,1,0,0,0,2.0,2.2452,8.6,10.5748,0.68,0,0,0,0,0,0
2022-23,27,flagged,283,Salah,MID,128,1,1,1,1,0,0,0.0,3.3136,8.6,15.7244,0.82,0,0,0,0,0,0
2022-23,27,flagged,285,Alexander-Arnold,DEF,73,1,0,1,0,0,0,2.0,2.5208,7.6,11.7484,0.68,0,0,0,0,0,0
2022-23,27,flagged,335,Rashford,MID,74,0,1,1,1,0,0,3.0,3.8436,7.2,14.9054,0.82,1,0,0,0,0,0
2022-23,27,flagged,357,Trippier,DEF,60,0,1,0,1,0,0,5.0,3.584,2.8,17.8934,0.82,1,0,0,0,0,0
2022-23,27,flagged,407,Ward-Prowse,MID,63,0,1,0,1,0,0,5.0,5.7748,5.8,16.2053,0.82,0,0,1,0,0,0
2022-23,27,flagged,410,Bednarek,DEF,42,1,0,1,0,0,0,6.0,1.7496,7.8,5.0208,0.22,0,0,1,0,0,1
2022-23,27,flagged,422,Bazunu,GKP,45,1,0,1,0,0,0,8.0,5.6988,9.4,16.2258,0.88,0,0,1,0,0,1
2022-23,27,flagged,427,Kane,FWD,117,0,1,0,1,0,0,13.0,3.1524,6.5,14.4175,0.82,1,0,0,0,0,0
2022-23,27,flagged,526,Mee,DEF,51,0,1,0,1,0,0,9.0,4.9204,6.1,16.5721,0.82,1,0,1,1,0,0
2022-23,27,flagged,586,Estupiñán,DEF,48,1,0,1,0,0,0,9.0,3.3076,11.6,8.472,0.48,0,0,1,0,0,1
2022-23,28,flagged,7,Ødegaard,MID,69,0,1,0,1,0,0,2.0,3.6508,4.9,16.6654,0.82,1,0,0,0,0,0
2022-23,28,flagged,10,White,DEF,47,0,1,0,1,0,0,5.0,3.0392,6.7,12.9506,0.82,1,0,0,1,0,0
2022-23,28,flagged,13,Saka,MID,85,1,0,1,0,0,1,18.0,1.742,8.1,11.5071,0.41,0,0,0,0,1,1
2022-23,28,flagged,16,Gabriel,DEF,52,1,1,1,1,0,0,2.0,3.0644,6.9,13.5944,0.82,0,0,0,0,0,0
2022-23,28,flagged,31,Martínez,GKP,49,1,0,1,0,0,0,7.0,3.4196,7.0,17.8729,0.9,0,0,0,0,0,1
2022-23,28,flagged,39,Mings,DEF,43,1,0,1,0,0,0,12.0,0.808,7.7,4.3566,0.22,0,0,0,0,0,1
2022-23,28,flagged,40,Watkins,FWD,74,0,1,0,1,0,0,5.0,2.9676,5.7,15.9807,0.82,1,0,0,0,0,0
2022-23,28,flagged,43,Cash,DEF,46,1,0,1,0,0,0,6.0,2.2052,7.0,11.2359,0.68,0,0,0,0,0,1
2022-23,28,flagged,81,Raya,GKP,48,0,1,0,1,1,0,2.0,4.0144,3.2,21.0745,0.9,1,0,0,1,1,1
2022-23,28,flagged,88,Jensen,MID,48,1,0,1,0,0,0,10.0,2.1052,6.2,11.5724,0.68,0,0,0,0,0,1
2022-23,28,flagged,111,Trossard,MID,66,1,0,1,0,0,0,5.0,1.3076,7.1,8.7106,0.34,0,0,0,0,0,1
2022-23,28,flagged,185,A.Doucouré,MID,53,1,0,1,0,0,0,13.0,1.304,6.0,6.4556,0.48,0,0,0,0,0,1
2022-23,28,flagged,233,Harrison,MID,57,1,0,1,1,0,0,9.0,2.2948,7.0,13.4122,0.68,0,0,0,0,0,1
2022-23,28,flagged,357,Trippier,DEF,61,0,1,0,1,0,0,2.0,3.1188,3.2,18.1098,0.82,1,0,0,0,0,0
2022-23,28,flagged,366,Schär,DEF,50,0,1,0,1,0,0,2.0,2.6132,1.4,15.179,0.82,1,0,0,1,0,0
2022-23,28,flagged,394,Johnson,FWD,57,0,1,0,1,0,0,2.0,2.6556,1.1,14.5581,0.82,1,0,0,0,0,0
2022-23,28,flagged,427,Kane,FWD,118,1,1,1,1,0,0,6.0,3.1928,7.3,14.9278,0.82,0,0,0,0,0,0
2022-23,28,flagged,493,Gibbs-White,MID,55,0,1,0,1,0,0,1.0,2.7764,1.7,15.0097,0.82,1,0,0,0,0,1
2022-23,28,flagged,526,Mee,DEF,51,0,1,0,1,0,0,2.0,2.868,3.0,14.8678,0.82,1,0,0,1,0,0
2022-23,28,flagged,594,Isak,FWD,66,1,0,1,0,0,0,13.0,1.39,7.5,7.5373,0.28,0,0,0,0,0,1
2022-23,29,flagged,31,Martínez,GKP,49,1,0,1,0,0,0,14.0,5.894,12.0,17.6675,0.9,0,0,1,0,0,1
2022-23,29,flagged,39,Mings,DEF,44,1,0,1,0,0,0,10.0,1.566,12.0,4.6618,0.22,0,0,1,0,0,1
2022-23,29,flagged,40,Watkins,FWD,75,1,1,1,1,0,1,17.0,5.6568,15.0,16.224,0.82,0,0,1,0,1,0
2022-23,29,flagged,95,Mbeumo,FWD,59,0,1,0,1,0,0,11.0,5.1144,6.8,14.4811,0.82,0,0,1,0,0,0
2022-23,29,flagged,107,March,MID,52,1,0,1,0,0,0,8.0,3.4356,10.1,12.5527,0.41,0,0,1,0,0,1
2022-23,29,flagged,116,Mac Allister,MID,55,1,0,1,0,0,0,9.0,5.5268,10.1,15.1489,0.68,0,0,1,0,0,1
2022-23,29,flagged,124,Mitoma,MID,56,1,0,1,0,0,0,14.0,4.3556,13.5,12.1644,0.48,0,0,1,0,0,1
2022-23,29,flagged,233,Harrison,MID,57,1,0,1,0,0,0,10.0,5.05,14.5,14.4338,0.68,0,0,1,0,0,1
2022-23,29,flagged,283,Salah,MID,128,0,1,0,1,0,0,7.0,6.9348,4.6,22.5811,0.82,1,0,1,0,0,0
2022-23,29,flagged,333,Fernandes,MID,96,0,1,0,1,0,0,4.0,6.5048,4.1,17.9632,0.82,0,0,1,0,0,1
2022-23,29,flagged,335,Rashford,MID,73,0,1,0,1,0,0,12.0,7.4624,7.1,20.393,0.82,0,0,1,0,0,0
2022-23,29,flagged,342,Dalot,DEF,47,0,1,0,1,0,0,7.0,5.0428,4.1,13.9324,0.68,0,0,1,1,0,0
2022-23,29,flagged,355,Dubravka,GKP,41,0,1,0,1,1,0,0.0,7.9912,1.0,22.5881,0.88,0,0,1,1,1,1
2022-23,29,flagged,356,Wilson,FWD,69,1,0,1,0,0,0,19.0,3.2072,11.0,8.9321,0.48,0,0,1,0,0,1
2022-23,29,flagged,357,Trippier,DEF,61,1,1,1,1,0,0,14.0,6.6276,11.4,18.6853,0.82,0,0,1,0,0,0
2022-23,29,flagged,366,Schär,DEF,50,0,1,0,1,0,0,11.0,5.5656,8.6,15.6737,0.82,0,0,1,1,0,0
2022-23,29,flagged,394,Johnson,FWD,57,0,1,0,1,0,0,8.0,5.2208,3.0,14.6897,0.82,0,0,1,0,0,0
2022-23,29,flagged,465,Bowen,MID,80,0,1,0,1,0,0,8.0,5.7828,6.6,17.4189,0.82,1,0,1,0,0,0
2022-23,29,flagged,588,Kehrer,DEF,43,1,0,1,0,0,0,12.0,1.6068,9.4,4.6545,0.22,0,0,1,0,0,1
2022-23,29,flagged,594,Isak,FWD,67,1,0,1,0,0,0,8.0,2.9132,15.0,8.1179,0.28,0,0,1,0,0,1
2022-23,30,clean,2,Leno,GKP,45,0,1,0,1,1,0,3.0,3.946,2.5,19.9669,0.9,1,0,0,1,1,0
2022-23,30,clean,3,Xhaka,MID,49,1,0,1,0,0,0,1.0,2.4896,6.3,11.9165,0.82,0,0,0,0,0,0
2022-23,30,clean,7,Ødegaard,MID,67,0,1,0,1,0,0,2.0,3.4,3.3,16.2843,0.82,1,0,0,0,0,1
2022-23,30,clean,13,Saka,MID,86,1,0,1,0,0,0,1.0,1.6512,6.7,11.6324,0.41,0,0,0,0,0,0
2022-23,30,clean,31,Martínez,GKP,49,1,0,1,0,0,0,9.0,3.5152,7.5,15.3775,0.9,0,0,0,0,0,1
2022-23,30,clean,39,Mings,DEF,44,1,0,1,0,0,0,6.0,0.8992,7.0,3.9563,0.22,0,0,0,0,0,1
2022-23,30,clean,40,Watkins,FWD,76,1,1,1,1,0,0,7.0,3.1588,7.2,14.4866,0.82,0,0,0,0,0,0
2022-23,30,clean,106,Dunk,DEF,47,1,0,1,0,0,0,8.0,2.3912,5.5,11.4383,0.82,0,0,0,0,0,1
2022-23,30,clean,116,Mac Allister,MID,55,0,1,0,1,0,0,2.0,3.1232,3.5,14.8774,0.82,1,0,0,0,0,0
2022-23,30,clean,233,Harrison,MID,57,0,1,0,1,0,0,2.0,3.1624,5.2,14.4267,0.82,1,0,0,0,0,0
2022-23,30,clean,280,Van Dijk,DEF,65,0,1,0,1,0,0,0.0,3.0916,0.0,15.8738,0.82,1,0,0,0,0,0
2022-23,30,clean,283,Salah,MID,128,0,1,0,1,0,0,5.0,3.5868,4.0,19.1526,0.82,1,0,0,0,0,0
2022-23,30,clean,285,Alexander-Arnold,DEF,73,0,1,0,1,0,0,5.0,3.4436,1.7,17.1536,0.82,1,0,0,0,0,0
2022-23,30,clean,301,De Bruyne,MID,121,1,0,1,0,0,0,9.0,3.4464,12.5,16.4252,0.82,0,0,0,0,0,1
2022-23,30,clean,305,Grealish,MID,69,1,0,1,0,0,1,12.0,1.3792,13.5,9.8748,0.34,0,0,0,0,1,1
2022-23,30,clean,318,Haaland,FWD,121,0,1,0,1,0,0,12.0,3.6712,7.5,17.1299,0.82,1,0,0,0,0,0
2022-23,30,clean,319,Álvarez,FWD,60,1,0,1,0,0,0,5.0,2.0628,9.0,9.8453,0.48,0,0,0,0,0,1
2022-23,30,clean,335,Rashford,MID,73,0,1,0,1,0,0,6.0,3.8784,6.0,16.2816,0.82,1,0,0,0,0,0
2022-23,30,clean,357,Trippier,DEF,61,0,1,1,1,0,0,2.0,3.1932,5.0,15.7299,0.82,1,0,0,0,0,0
2022-23,30,clean,427,Kane,FWD,117,1,0,1,0,0,0,9.0,3.4772,7.3,15.8608,0.82,0,0,0,0,0,1
2022-23,30,clean,461,Zouma,DEF,44,1,0,1,0,0,0,6.0,0.8608,6.0,4.7219,0.22,0,0,0,0,0,1
2022-23,31,clean,7,Ødegaard,MID,67,0,1,1,1,0,0,10.0,3.4068,6.5,16.3896,0.82,1,0,0,0,0,0
2022-23,31,clean,28,Jesus,FWD,81,1,0,1,0,0,0,7.0,1.7596,9.2,8.7172,0.48,0,0,0,0,0,1
2022-23,31,clean,31,Martínez,GKP,50,1,0,1,0,0,0,6.0,3.5208,6.7,15.5882,0.9,0,0,0,0,0,1
2022-23,31,clean,40,Watkins,FWD,76,1,0,1,0,0,0,16.0,3.242,9.5,14.8803,0.82,0,0,0,0,0,1
2022-23,31,clean,116,Mac Allister,MID,55,0,1,0,1,0,0,2.0,3.1576,3.2,16.9686,0.82,1,0,0,0,0,0
2022-23,31,clean,124,Mitoma,MID,57,0,1,0,1,0,0,2.0,2.9664,4.5,15.2786,0.68,1,0,0,0,0,0
2022-23,31,clean,159,J.Ayew,MID,52,1,0,1,0,0,0,3.0,1.9124,7.5,9.2998,0.68,0,0,0,0,0,1
2022-23,31,clean,167,Guéhi,DEF,44,1,0,1,0,0,0,7.0,0.648,5.8,3.3773,0.22,0,0,0,0,0,1
2022-23,31,clean,169,Eze,MID,54,1,0,1,0,0,0,16.0,2.2736,9.8,10.9895,0.68,0,0,0,0,0,1
2022-23,31,clean,280,Van Dijk,DEF,65,0,1,0,1,0,0,2.0,2.6244,1.0,15.3503,0.82,1,0,0,0,0,0
2022-23,31,clean,283,Salah,MID,128,0,1,0,1,0,0,14.0,3.6304,7.0,20.7277,0.82,1,0,0,0,0,0
2022-23,31,clean,285,Alexander-Arnold,DEF,73,0,1,0,1,0,0,9.0,2.9196,4.0,17.4581,0.82,1,0,0,0,0,0
2022-23,31,clean,301,De Bruyne,MID,121,1,0,1,0,0,0,8.0,3.8884,11.0,16.9114,0.82,0,0,0,0,0,1
2022-23,31,clean,305,Grealish,MID,72,1,0,1,0,0,1,7.0,1.6096,11.3,10.2303,0.34,0,0,0,0,1,1
2022-23,31,clean,318,Haaland,FWD,122,1,1,1,1,1,0,12.0,3.876,9.0,17.3523,0.82,0,0,0,0,1,0
2022-23,31,clean,335,Rashford,MID,72,0,1,0,1,0,0,0.0,3.5164,0.0,16.5545,0.82,1,0,0,0,0,0
2022-23,31,clean,355,Dubravka,GKP,41,0,1,0,1,0,0,0.0,3.8244,0.5,21.3066,0.88,1,0,0,1,0,1
2022-23,31,clean,357,Trippier,DEF,62,0,1,0,1,0,0,1.0,3.264,4.7,18.1648,0.82,1,0,0,0,0,0
2022-23,31,clean,366,Schär,DEF,51,0,1,0,1,0,0,0.0,2.6348,3.7,15.2599,0.82,1,0,0,1,0,0
2022-23,31,clean,459,Dawson,DEF,48,1,0,1,0,0,0,8.0,2.4104,5.3,10.4161,0.68,0,0,0,0,0,1
2022-23,31,clean,482,Semedo,DEF,50,1,0,1,0,0,0,6.0,2.0916,5.3,9.1045,0.68,0,0,0,0,0,1
2022-23,32,flagged,7,Ødegaard,MID,67,1,1,1,1,0,0,7.0,3.8012,7.2,17.1227,0.82,0,0,0,0,0,0
2022-23,32,flagged,10,White,DEF,50,1,0,1,0,0,0,4.0,3.2068,5.5,13.5869,0.82,0,0,0,0,0,1
2022-23,32,flagged,28,Jesus,FWD,82,1,0,1,0,0,0,2.0,2.584,8.0,12.0451,0.68,0,0,0,0,0,0
2022-23,32,flagged,31,Martínez,GKP,50,1,0,1,0,0,0,1.0,3.0324,6.0,15.191,0.9,0,0,0,0,0,0
2022-23,32,flagged,40,Watkins,FWD,77,1,0,1,0,0,1,2.0,3.168,8.4,15.1661,0.82,0,0,0,0,1,0
2022-23,32,flagged,66,Solanke,FWD,56,0,1,0,1,0,0,2.0,2.9628,5.5,13.5405,0.82,1,0,0,0,0,0
2022-23,32,flagged,106,Dunk,DEF,48,0,1,0,1,0,0,0.0,0,0.0,14.8489,0.82,1,0,1,1,0,0
2022-23,32,flagged,116,Mac Allister,MID,56,0,1,0,1,0,0,0.0,0,0.0,19.5458,0.82,1,0,1,0,0,0
2022-23,32,flagged,159,J.Ayew,MID,52,1,0,1,0,0,0,3.0,2.4688,6.0,11.1334,0.82,0,0,0,0,0,1
2022-23,32,flagged,166,Edouard,FWD,50,0,1,0,1,0,0,2.0,1.8432,3.0,8.4998,0.68,1,0,0,1,0,0
2022-23,32,flagged,167,Guéhi,DEF,44,1,0,1,0,0,0,6.0,0.8132,5.5,3.4402,0.22,0,0,0,0,0,1
2022-23,32,flagged,169,Eze,MID,56,1,0,1,0,0,0,3.0,2.9812,7.8,13.584,0.82,0,0,0,0,0,1
2022-23,32,flagged,280,Van Dijk,DEF,66,0,1,0,1,0,0,1.0,3.126,1.1,16.0709,0.82,1,0,0,0,0,1
2022-23,32,flagged,283,Salah,MID,129,1,1,1,1,1,0,7.0,4.2472,7.1,21.9107,0.82,0,0,0,0,1,0
2022-23,32,flagged,285,Alexander-Arnold,DEF,74,0,1,0,1,0,0,5.0,3.5548,4.3,18.5131,0.82,1,0,0,0,0,0
2022-23,32,flagged,288,Diogo Jota,FWD,87,1,0,1,0,0,0,13.0,1.3772,8.1,7.2859,0.28,0,0,0,0,0,1
2022-23,32,flagged,355,Dubravka,GKP,41,0,1,0,1,0,0,0.0,4.2384,0.5,21.9101,0.88,1,0,0,1,0,1
2022-23,32,flagged,357,Trippier,DEF,62,0,1,0,1,0,0,2.0,3.5696,4.3,18.5958,0.82,1,0,0,0,0,0
2022-23,32,flagged,366,Schär,DEF,51,0,1,1,1,0,0,8.0,3.148,4.7,15.5968,0.82,1,0,0,1,0,0
2022-23,32,flagged,461,Zouma,DEF,44,1,0,1,0,0,0,6.0,0.8448,5.5,4.8068,0.22,0,0,0,0,0,1
2022-23,33,clean,39,Mings,DEF,46,1,0,1,0,0,0,15.0,2.8984,6.5,12.4049,0.82,0,0,0,0,0,1
2022-23,33,clean,40,Watkins,FWD,77,1,0,1,0,0,0,2.0,3.4432,7.3,15.4452,0.82,0,0,0,0,0,0
2022-23,33,clean,44,Konsa,DEF,44,1,0,1,0,0,0,8.0,0.7932,4.8,3.5865,0.22,0,0,0,0,0,1
2022-23,33,clean,66,Solanke,FWD,56,0,1,0,1,0,0,5.0,2.7304,5.8,13.4178,0.82,1,0,0,0,0,0
2022-23,33,clean,85,Henry,DEF,46,0,1,0,1,0,0,5.0,2.6424,2.7,13.6674,0.9,1,0,0,1,0,0
2022-23,33,clean,116,Mac Allister,MID,55,0,1,0,1,0,0,2.0,3.128,3.0,23.36,0.82,1,0,0,0,0,1
2022-23,33,clean,124,Mitoma,MID,56,0,1,0,1,0,0,2.0,2.878,4.0,21.3327,0.68,1,0,0,0,0,0
2022-23,33,clean,167,Guéhi,DEF,45,1,0,1,0,0,0,1.0,0.684,4.6,3.371,0.22,0,0,0,0,0,1
2022-23,33,clean,169,Eze,MID,56,1,0,1,0,0,0,2.0,2.8152,6.6,13.717,0.82,0,0,0,0,0,0
2022-23,33,clean,283,Salah,MID,130,1,0,1,0,0,0,2.0,3.6444,6.3,22.1501,0.82,0,0,0,0,0,0
2022-23,33,clean,285,Alexander-Arnold,DEF,75,0,1,0,1,0,0,5.0,3.068,4.5,18.8134,0.82,1,0,0,0,0,0
2022-23,33,clean,301,De Bruyne,MID,121,1,1,1,1,0,1,19.0,3.8016,12.7,23.0282,0.82,0,0,0,0,1,0
2022-23,33,clean,305,Grealish,MID,72,1,0,1,0,0,0,1.0,1.6516,8.5,14.3416,0.34,0,0,0,0,0,0
2022-23,33,clean,318,Haaland,FWD,123,1,1,1,1,1,0,14.0,4.1388,10.0,24.669,0.82,0,0,0,0,1,0
2022-23,33,clean,333,Fernandes,MID,95,0,1,0,1,0,0,5.0,3.1204,2.2,19.9038,0.82,1,0,0,0,0,0
2022-23,33,clean,335,Rashford,MID,71,0,1,0,1,0,0,12.0,3.4248,6.0,22.9672,0.82,1,0,0,0,0,0
2022-23,33,clean,355,Dubravka,GKP,41,0,1,0,1,0,0,0.0,3.8372,0.5,21.8225,0.88,1,0,0,1,0,1
2022-23,33,clean,356,Wilson,FWD,69,1,0,1,0,0,0,13.0,2.3696,7.5,13.4739,0.68,0,0,0,0,0,1
2022-23,33,clean,357,Trippier,DEF,62,0,1,0,1,0,0,2.0,3.5796,4.0,20.6318,0.9,1,0,0,0,0,0
2022-23,33,clean,478,Sá,GKP,50,1,0,1,0,0,0,8.0,3.5856,5.6,15.9748,0.9,0,0,0,0,0,1
2022-23,34,flagged,2,Leno,GKP,46,0,1,0,1,0,0,5.0,7.2084,3.5,18.509,0.9,0,0,1,1,0,0
2022-23,34,flagged,102,Steele,GKP,39,1,0,1,0,0,0,15.0,0.3936,10.4,1.3245,0.04,0,0,1,0,0,1
2022-23,34,flagged,106,Dunk,DEF,48,1,1,1,1,0,0,11.0,6.1108,8.8,19.1196,0.9,0,0,1,0,0,0
2022-23,34,flagged,116,Mac Allister,MID,55,0,1,0,1,0,0,12.0,7.114,7.2,22.6262,0.82,1,0,1,0,0,0
2022-23,34,flagged,124,Mitoma,MID,56,0,1,0,1,0,0,4.0,6.3276,4.0,20.4534,0.68,1,0,1,0,0,0
2022-23,34,flagged,125,Enciso,FWD,46,1,0,1,0,0,0,10.0,1.9712,8.8,6.3771,0.28,0,0,1,0,0,1
2022-23,34,flagged,283,Salah,MID,130,1,0,1,0,0,0,18.0,8.8664,16.4,21.8647,0.9,0,0,1,0,0,1
2022-23,34,flagged,285,Alexander-Arnold,DEF,76,1,1,1,1,0,0,11.0,7.1092,12.6,17.4692,0.82,0,0,1,0,0,0
2022-23,34,flagged,301,De Bruyne,MID,122,1,1,1,1,0,0,0.0,7.4012,16.4,21.7307,0.82,0,0,1,0,0,0
2022-23,34,flagged,302,Stones,DEF,56,1,0,1,0,0,0,8.0,4.9928,12.0,14.4741,0.68,0,0,1,0,0,1
2022-23,34,flagged,318,Haaland,FWD,124,1,1,1,1,1,1,16.0,8.2316,23.6,23.6802,0.82,0,0,1,0,0,0
2022-23,34,flagged,333,Fernandes,MID,94,0,1,0,1,0,0,13.0,6.5688,8.6,19.5284,0.82,0,0,1,0,0,0
2022-23,34,flagged,335,Rashford,MID,72,1,1,1,1,0,0,8.0,7.5312,12.0,22.2766,0.82,0,0,1,0,0,0
2022-23,34,flagged,342,Dalot,DEF,47,1,1,1,1,0,0,10.0,5.3088,10.4,15.5773,0.68,0,0,1,0,0,0
2022-23,34,flagged,357,Trippier,DEF,62,0,1,0,1,0,0,2.0,4.0404,2.8,18.8248,0.9,1,0,0,0,0,1
2022-23,34,flagged,680,Gakpo,MID,77,1,0,1,0,0,0,9.0,4.96,11.6,12.2515,0.48,0,0,1,0,0,1
2022-23,35,clean,7,Ødegaard,MID,66,1,0,1,0,0,0,10.0,3.7816,7.7,13.6849,0.9,0,0,0,0,0,1
2022-23,35,clean,66,Solanke,FWD,56,0,1,0,1,0,0,2.0,3.1032,5.9,10.1403,0.82,1,0,0,0,0,0
2022-23,35,clean,116,Mac Allister,MID,55,0,1,0,1,0,0,8.0,3.7132,4.8,18.2907,0.82,1,0,0,0,0,0
2022-23,35,clean,124,Mitoma,MID,56,0,1,0,1,0,0,5.0,3.2228,2.6,16.0077,0.68,1,0,0,0,0,0
2022-23,35,clean,169,Eze,MID,55,1,0,1,0,0,0,2.0,2.9684,6.7,10.5737,0.82,0,0,0,0,0,0
2022-23,35,clean,283,Salah,MID,130,1,0,1,0,0,0,10.0,4.7408,8.5,15.3796,0.9,0,0,0,0,0,1
2022-23,35,clean,285,Alexander-Arnold,DEF,76,1,0,1,0,0,0,7.0,3.4616,6.5,11.2618,0.82,0,0,0,0,0,1
2022-23,35,clean,301,De Bruyne,MID,122,0,1,0,1,0,0,3.0,3.9296,5.2,15.7964,0.82,1,0,0,0,0,0
2022-23,35,clean,302,Stones,DEF,56,1,0,1,0,0,0,0.0,2.594,6.0,10.5204,0.68,0,0,0,0,0,0
2022-23,35,clean,318,Haaland,FWD,124,1,1,1,1,1,1,2.0,4.5008,9.8,17.643,0.82,0,0,0,0,0,0
2022-23,35,clean,333,Fernandes,MID,94,0,1,0,1,0,0,2.0,3.43,4.6,15.7081,0.9,1,0,0,0,0,0
2022-23,35,clean,335,Rashford,MID,72,0,1,0,1,0,0,2.0,3.5908,4.4,16.4986,0.82,1,0,0,0,0,0
2022-23,35,clean,342,Dalot,DEF,47,1,0,1,1,0,0,1.0,2.92,5.2,13.4754,0.82,0,0,0,0,0,0
2022-23,35,clean,355,Dubravka,GKP,41,0,1,0,1,0,0,0.0,4.1532,0.0,17.4205,0.88,1,0,0,1,0,0
2022-23,35,clean,357,Trippier,DEF,61,0,1,0,1,0,0,1.0,4.1436,1.6,16.8491,0.9,1,0,0,0,0,1
2022-23,35,clean,366,Schär,DEF,51,0,1,0,1,0,0,-2.0,3.3548,2.0,13.5067,0.9,1,0,0,1,0,1
2022-23,35,clean,427,Kane,FWD,114,1,0,1,0,0,0,8.0,3.872,7.0,13.1104,0.9,0,0,0,0,0,1
2022-23,35,clean,478,Sá,GKP,50,1,0,1,0,0,0,9.0,3.6492,4.8,11.7459,0.9,0,0,0,0,0,1
2022-23,35,clean,493,Gibbs-White,MID,55,1,0,1,0,0,0,11.0,3.158,7.9,10.3569,0.9,0,0,0,0,0,1
2022-23,35,clean,534,McNeil,MID,51,1,0,1,0,0,0,21.0,2.6368,8.8,9.3028,0.82,0,0,0,0,0,1
2022-23,35,clean,586,Estupiñán,DEF,49,0,1,0,1,0,0,0.0,3.3008,3.8,15.2759,0.82,1,0,0,1,0,0
2022-23,36,flagged,1,Cédric,DEF,42,1,0,1,0,0,0,0.0,0.4592,0.0,1.2567,0.1,0,0,0,0,0,0
2022-23,36,flagged,11,Nketiah,FWD,63,1,0,1,0,0,0,1.0,2.21,0.0,5.8534,0.48,0,0,0,0,0,0
2022-23,36,flagged,12,Smith Rowe,MID,56,1,0,1,0,0,0,1.0,1.5152,0.0,4.0654,0.45,0,0,0,0,0,0
2022-23,36,flagged,102,Steele,GKP,40,1,0,1,0,0,1,7.0,0.3428,0.0,0.8568,0.04,0,0,1,0,1,1
2022-23,36,flagged,103,Welbeck,FWD,65,1,0,1,0,0,0,2.0,4.5824,0.0,10.8285,0.68,0,0,1,0,0,0
2022-23,36,flagged,104,Groß,MID,54,1,0,1,0,0,0,6.0,5.9388,0.0,14.1819,0.9,0,0,1,0,0,1
2022-23,36,flagged,105,Duffy,DEF,42,1,0,1,0,0,0,0.0,0.5016,0.0,1.404,0.1,0,0,0,0,0,0
2022-23,36,flagged,110,Maupay,FWD,56,1,0,1,0,0,0,1.0,1.5412,0.0,4.2312,0.48,0,0,0,0,0,0
2022-23,36,flagged,111,Trossard,MID,66,1,0,1,0,0,0,2.0,1.5644,0.0,5.7537,0.41,0,0,0,0,0,1
2022-23,36,flagged,116,Mac Allister,MID,56,0,1,0,1,0,0,3.0,6.9584,0.0,16.8665,0.82,0,0,1,0,0,0
2022-23,36,flagged,124,Mitoma,MID,56,0,1,0,1,0,0,5.0,6.0268,0.0,14.2953,0.68,0,0,1,0,0,0
2022-23,36,flagged,127,Azpilicueta,DEF,47,1,0,1,0,0,0,0.0,1.6452,0.0,5.575,0.48,0,0,0,0,0,0
2022-23,36,flagged,132,Kovacic,MID,49,1,0,1,0,0,0,1.0,1.0608,0.0,5.1261,0.34,0,0,0,0,0,0
2022-23,36,flagged,301,De Bruyne,MID,122,0,1,0,1,0,0,0.0,3.6856,0.0,13.5092,0.82,1,0,0,0,0,0
2022-23,36,flagged,318,Haaland,FWD,124,0,1,0,1,0,0,7.0,4.0008,0.0,14.7763,0.82,1,0,0,0,0,0
2022-23,36,flagged,333,Fernandes,MID,94,0,1,0,1,0,0,6.0,3.9028,0.0,13.7901,0.9,1,0,0,0,0,0
2022-23,36,flagged,335,Rashford,MID,73,0,1,0,1,0,0,0.0,4.3204,0.0,15.3234,0.9,1,0,0,0,0,0
2022-23,36,flagged,342,Dalot,DEF,48,0,1,0,1,0,0,0.0,3.3912,0.0,11.9318,0.82,1,0,0,1,0,0
2022-23,36,flagged,355,Dubravka,GKP,41,0,1,0,1,1,0,0.0,8.0512,0.0,14.9856,0.88,0,0,1,1,1,0
2022-23,36,flagged,357,Trippier,DEF,61,0,1,0,1,0,0,11.0,7.68,0.0,14.2467,0.9,0,0,1,0,0,0
2022-23,36,flagged,366,Schär,DEF,51,0,1,0,1,0,0,2.0,6.2732,0.0,11.4978,0.9,0,0,1,1,0,0
2022-23,36,flagged,586,Estupiñán,DEF,49,0,1,0,1,0,0,17.0,5.5216,0.0,13.4156,0.82,0,0,1,1,0,0
2022-23,37,flagged,104,Groß,MID,54,1,0,1,0,0,0,11.0,6.1836,8.9,8.7112,0.9,0,0,1,0,0,1
2022-23,37,flagged,116,Mac Allister,MID,56,0,1,0,1,0,0,6.0,7.5964,7.7,10.6445,0.82,0,0,1,0,0,0
2022-23,37,flagged,124,Mitoma,MID,57,0,1,0,1,0,0,7.0,7.5604,5.5,10.5999,0.82,0,0,1,0,0,0
2022-23,37,flagged,128,Thiago Silva,DEF,54,0,1,0,1,0,0,2.0,5.12,1.0,7.8128,0.82,0,0,1,1,0,0
2022-23,37,flagged,133,Arrizabalaga,GKP,46,0,1,0,1,0,0,3.0,6.7084,2.6,10.1108,0.9,0,0,1,1,0,0
2022-23,37,flagged,145,Havertz,FWD,74,0,1,0,1,0,0,3.0,6.08,1.8,9.0327,0.82,0,0,1,0,0,0
2022-23,37,flagged,169,Eze,MID,56,1,0,1,0,0,0,5.0,3.1616,8.0,6.1507,0.82,0,0,0,0,0,1
2022-23,37,flagged,283,Salah,MID,131,1,0,1,0,0,0,5.0,4.8696,9.5,8.8631,0.9,0,0,0,0,0,1
2022-23,37,flagged,300,Gündogan,MID,74,1,0,1,0,0,1,2.0,7.0036,14.0,9.965,0.82,0,0,1,0,1,0
2022-23,37,flagged,301,De Bruyne,MID,122,0,1,0,1,0,0,2.0,7.5872,3.6,10.8027,0.82,0,0,1,0,0,1
2022-23,37,flagged,303,Mahrez,MID,74,1,0,1,0,0,0,5.0,6.2992,12.6,9.0824,0.68,0,0,1,0,0,0
2022-23,37,flagged,318,Haaland,FWD,124,1,1,1,1,0,0,6.0,8.3608,12.4,11.9846,0.82,0,0,1,0,0,0
2022-23,37,flagged,327,De Gea,GKP,51,1,0,1,0,0,0,10.0,6.0756,9.9,9.0049,0.9,0,0,1,0,0,1
2022-23,37,flagged,332,Shaw,DEF,53,1,0,1,0,0,0,10.0,3.0724,9.9,5.5218,0.41,0,0,1,0,0,1
2022-23,37,flagged,333,Fernandes,MID,95,0,1,0,1,0,0,11.0,7.438,11.1,11.0427,0.9,0,0,1,0,0,0
2022-23,37,flagged,335,Rashford,MID,72,0,1,0,1,1,0,7.0,8.406,4.6,12.2483,0.9,0,0,1,0,1,0
2022-23,37,flagged,337,Lindelöf,DEF,41,1,0,1,0,0,0,8.0,1.7596,8.9,2.5689,0.22,0,0,1,0,0,1
2022-23,37,flagged,342,Dalot,DEF,48,0,1,0,1,0,0,0.0,6.328,4.1,9.4769,0.82,0,0,1,1,0,1
2022-23,37,flagged,356,Wilson,FWD,72,1,0,1,0,0,0,2.0,3.6144,8.5,6.5484,0.68,0,0,0,0,0,0
2022-23,37,flagged,586,Estupiñán,DEF,50,1,1,1,1,0,0,4.0,6.5068,10.1,8.9681,0.82,0,0,1,0,0,0
2022-23,38,clean,3,Xhaka,MID,48,1,0,1,0,0,0,15.0,2.8816,7.3,2.8816,0.9,0,0,0,0,0,1
2022-23,38,clean,7,Ødegaard,MID,69,1,1,1,1,0,0,3.0,4.2664,6.9,4.2664,0.9,0,0,0,0,0,0
2022-23,38,clean,16,Gabriel,DEF,52,0,1,0,1,0,0,6.0,3.4016,3.9,3.4016,0.9,0,0,0,1,0,0
2022-23,38,clean,81,Raya,GKP,48,0,1,0,1,0,0,6.0,3.9616,3.4,3.9616,0.9,0,0,0,1,0,0
2022-23,38,clean,95,Mbeumo,FWD,57,0,1,0,1,0,0,5.0,3.3368,5.6,3.3368,0.9,0,0,0,0,0,0
2022-23,38,clean,124,Mitoma,MID,57,0,1,0,1,0,0,1.0,3.6468,2.8,3.6468,0.82,0,0,0,0,0,1
2022-23,38,clean,169,Eze,MID,57,1,0,1,0,0,0,2.0,3.2624,6.8,3.2624,0.82,0,0,0,0,0,0
2022-23,38,clean,281,Alisson,GKP,55,1,0,1,0,0,0,0.0,3.15,5.7,3.15,0.9,0,0,0,0,0,0
2022-23,38,clean,283,Salah,MID,131,1,1,1,1,0,1,5.0,4.3128,9.3,4.3128,0.9,0,0,0,0,1,0
2022-23,38,clean,285,Alexander-Arnold,DEF,78,1,0,1,0,0,0,4.0,3.3584,7.0,3.3584,0.9,0,0,0,0,0,1
2022-23,38,clean,318,Haaland,FWD,124,0,1,0,1,0,0,0.0,4.432,5.4,4.432,0.9,0,0,0,0,0,0
2022-23,38,clean,333,Fernandes,MID,95,0,1,0,1,0,0,10.0,4.0888,6.0,4.0888,0.9,0,0,0,0,0,0
2022-23,38,clean,335,Rashford,MID,72,0,1,0,1,1,0,2.0,4.464,2.7,4.464,0.9,0,0,0,0,1,1
2022-23,38,clean,342,Dalot,DEF,48,0,1,0,1,0,0,2.0,3.3568,1.9,3.3568,0.82,0,0,0,1,0,0
2022-23,38,clean,356,Wilson,FWD,73,1,0,1,0,0,0,1.0,3.2752,7.3,3.2752,0.68,0,0,0,0,0,0
2022-23,38,clean,357,Trippier,DEF,60,0,1,0,1,0,0,0.0,3.6596,4.3,3.6596,0.9,0,0,0,0,0,0
2022-23,38,clean,397,Awoniyi,FWD,56,1,0,1,0,0,0,8.0,1.8188,7.8,1.8188,0.48,0,0,0,0,0,1
2022-23,38,clean,427,Kane,FWD,115,1,0,1,0,0,0,16.0,3.668,9.2,3.668,0.9,0,0,0,0,0,1
2022-23,38,clean,710,Kiwior,DEF,40,1,0,1,0,0,0,13.0,0.8332,5.3,0.8332,0.22,0,0,0,0,0,1
2022-23,38,clean,733,Pedro Porro,DEF,48,1,0,1,0,0,0,13.0,1.8028,5.6,1.8028,0.48,0,0,0,0,0,1
