gw,player_id,web_name,team_id,position,now_cost,mu,sigma,p_start,p_sub,p_60,p_10_plus,n_fixtures,actual_points,actual_minutes,did_start,captured_at,scored_at
11,3,Xhaka,1,MID,51,1.3964,1.568,0.48,0.1144,0.4556,0.0004,1,3,90,1,2026-08-19T06:20:14.476261+00:00,2026-08-19T06:20:53.240668+00:00
11,4,Elneny,1,MID,43,0,0,0.0,0.0,0.0,0,1,0,0,0,2026-08-19T06:20:14.476261+00:00,2026-08-19T06:20:53.240668+00:00
11,5,Holding,1,DEF,42,0.4764,1.1393,0.1,0.198,0.1088,0.0012,1,1,8,0,2026-08-19T06:20:14.476261+00:00,2026-08-19T06:20:53.240668+00:00
11,6,Partey,1,MID,48,1.01,1.4866,0.28,0.1584,0.2731,0.0016,1,3,90,1,2026-08-19T06:20:14.476261+00:00,2026-08-19T06:20:53.240668+00:00
11,7,Ødegaard,1,MID,64,1.2088,1.7325,0.28,0.2016,0.2765,0.002,1,6,72,1,2026-08-19T06:20:14.476261+00:00,2026-08-19T06:20:53.240668+00:00
11,8,Tierney,1,DEF,48,0.6656,1.365,0.18,0.1804,0.1818,0.0012,1,1,14,0,2026-08-19T06:20:14.476261+00:00,2026-08-19T06:20:53.240668+00:00
11,9,Pépé,1,MID,53,0,0,0.0,0.0,0.0,0,1,0,0,0,2026-08-19T06:20:14.476261+00:00,2026-08-19T06:20:53.240668+00:00
11,10,White,1,DEF,45,0.7908,1.544,0.22,0.1716,0.2183,0.0004,1,6,75,1,2026-08-19T06:20:14.476261+00:00,2026-08-19T06:20:53.240668+00:00
11,11,Nketiah,1,FWD,65,1.386,1.7368,0.45,0.154,0.4308,0.0028,1,1,8,0,2026-08-19T06:20:14.476261+00:00,2026-08-19T06:20:53.240668+00:00
11,12,Smith Rowe,1,MID,56,1.4364,1.7886,0.45,0.154,0.4308,0.0028,1,0,0,0,2026-08-19T06:20:14.476261+00:00,2026-08-19T06:20:53.240668+00:00
11,13,Saka,1,MID,78,0.684,1.2903,0.14,0.2408,0.1495,0.0008,1,9,81,1,2026-08-19T06:20:14.476261+00:00,2026-08-19T06:20:53.240668+00:00
11,14,Tomiyasu,1,DEF,42,0,0,0.0,0.0,0.0,0,1,6,90,1,2026-08-19T06:20:14.476261+00:00,2026-08-19T06:20:53.240668+00:00
11,15,Ramsdale,1,GKP,49,2.4748,1.9524,0.88,0.0096,0.8192,0.0004,1,10,90,1,2026-08-19T06:20:14.476261+00:00,2026-08-19T06:20:53.240668+00:00
11,16,Gabriel,1,DEF,51,1.5764,2.0776,0.48,0.1144,0.4556,0.0032,1,8,90,1,2026-08-19T06:20:14.476261+00:00,2026-08-19T06:20:53.240668+00:00
11,17,Tavares,1,DEF,45,0,0,0.0,0.0,0.0,0,1,0,0,0,2026-08-19T06:20:14.476261+00:00,2026-08-19T06:20:53.240668+00:00
11,19,Martinelli,1,MID,66,0,0,0.0,0.0,0.0,0,1,3,90,1,2026-08-19T06:20:14.476261+00:00,2026-08-19T06:20:53.240668+00:00
11,20,Pablo Marí,1,DEF,45,0,0,0.0,0.0,0.0,0,1,0,0,0,2026-08-19T06:20:14.476261+00:00,2026-08-19T06:20:53.240668+00:00
11,22,Torreira,1,MID,45,0,0,0.0,0.0,0.0,0,1,0,0,0,2026-08-19T06:20:14.476261+00:00,2026-08-19T06:20:53.240668+00:00
11,23,Nelson,1,MID,48,0.452,0.9835,0.09,0.2002,0.0997,0.0012,1,0,0,0,2026-08-19T06:20:14.476261+00:00,2026-08-19T06:20:53.240668+00:00
11,24,Turner,1,GKP,39,0.1388,0.636,0.04,0.0384,0.0403,0.0,1,0,0,0,2026-08-19T06:20:14.476261+00:00,2026-08-19T06:20:53.240668+00:00
11,25,Fábio Vieira,1,MID,57,1.4212,1.7365,0.45,0.154,0.4308,0.0028,1,1,17,0,2026-08-19T06:20:14.476261+00:00,2026-08-19T06:20:53.240668+00:00
11,26,Saliba,1,DEF,51,0,0,0.0,0.0,0.0,0,1,5,90,1,2026-08-19T06:20:14.476261+00:00,2026-08-19T06:20:53.240668+00:00
11,27,Marquinhos,1,MID,47,0,0,0.0,0.0,0.0,0,1,0,0,0,2026-08-19T06:20:14.476261+00:00,2026-08-19T06:20:53.240668+00:00
11,28,Jesus,1,FWD,80,1.0112,1.5713,0.28,0.2016,0.2765,0.0016,1,2,81,1,2026-08-19T06:20:14.476261+00:00,2026-08-19T06:20:53.240668+00:00
11,111,Trossard,1,MID,68,0.7396,1.4352,0.14,0.2408,0.1495,0.002,1,2,68,1,2026-08-19T06:20:14.476261+00:00,2026-08-19T06:20:53.240668+00:00
11,130,Jorginho,1,MID,59,1.0892,1.6235,0.28,0.2016,0.2765,0.002,1,1,25,0,2026-08-19T06:20:14.476261+00:00,2026-08-19T06:20:53.240668+00:00
11,313,Zinchenko,1,DEF,51,0,0,0.0,0.0,0.0,0,1,0,0,0,2026-08-19T06:20:14.476261+00:00,2026-08-19T06:20:53.240668+00:00
11,607,Smith,1,MID,45,0.454,0.8981,0.1,0.198,0.1088,0.0,1,0,0,0,2026-08-19T06:20:14.476261+00:00,2026-08-19T06:20:53.240668+00:00
11,630,Nwaneri,1,MID,45,0,0,0.0,0.0,0.0,0,1,0,0,0,2026-08-19T06:20:14.476261+00:00,2026-08-19T06:20:53.240668+00:00
11,631,Sousa,1,DEF,40,0.47,1.1164,0.1,0.198,0.1088,0.0,1,0,0,0,2026-08-19T06:20:14.476261+00:00,2026-08-19T06:20:53.240668+00:00
11,655,Hein,1,GKP,39,0.158,0.6954,0.04,0.0384,0.0403,0.0,1,,,,2026-08-19T06:20:14.476261+00:00,
11,668,Cozier-Duberry,1,MID,45,0.4828,0.9627,0.1,0.198,0.1088,0.0,1,,,,2026-08-19T06:20:14.476261+00:00,
11,685,Butler-Oyedeji,1,FWD,45,0,0,0.0,0.0,0.0,0,1,,,,2026-08-19T06:20:14.476261+00:00,
11,710,Kiwior,1,DEF,40,0.4596,1.0782,0.1,0.198,0.1088,0.0004,1,,,,2026-08-19T06:20:14.476261+00:00,
11,751,Walters,1,DEF,40,0.4896,1.1342,0.1,0.198,0.1088,0.0012,1,,,,2026-08-19T06:20:14.476261+00:00,
11,767,Bandeira,1,MID,45,0.4576,0.9401,0.1,0.198,0.1088,0.0,1,,,,2026-08-19T06:20:14.476261+00:00,
11,29,Coutinho,2,MID,67,0,0,0.0,0.0,0.0,0,1,1,16,0,2026-08-19T06:20:14.476261+00:00,2026-08-19T06:20:53.240668+00:00
11,31,Martínez,2,GKP,49,3.3004,2.2851,0.88,0.0096,0.8192,0.0016,1,1,90,1,2026-08-19T06:20:14.476261+00:00,2026-08-19T06:20:53.240668+00:00
11,32,Chambers,2,DEF,43,0.4752,1.1151,0.1,0.198,0.1088,0.0,1,0,0,0,2026-08-19T06:20:14.476261+00:00,2026-08-19T06:20:53.240668+00:00
11,33,Digne,2,DEF,46,0.9832,1.7466,0.28,0.1584,0.2731,0.0004,1,0,0,0,2026-08-19T06:20:14.476261+00:00,2026-08-19T06:20:53.240668+00:00
11,34,Traoré,2,MID,49,0.7432,1.331,0.18,0.1804,0.1818,0.0004,1,0,0,0,2026-08-19T06:20:14.476261+00:00,2026-08-19T06:20:53.240668+00:00
11,35,Olsen,2,GKP,40,0.184,0.8099,0.04,0.0384,0.0403,0.0,1,0,0,0,2026-08-19T06:20:14.476261+00:00,2026-08-19T06:20:53.240668+00:00
11,36,Sanson,2,MID,44,0,0,0.0,0.0,0.0,0,1,0,0,0,2026-08-19T06:20:14.476261+00:00,2026-08-19T06:20:53.240668+00:00
11,37,McGinn,2,MID,52,0.7844,1.1846,0.28,0.1584,0.2731,0.0004,1,2,73,1,2026-08-19T06:20:14.476261+00:00,2026-08-19T06:20:53.240668+00:00
11,38,Hause,2,DEF,44,0,0,0.0,0.0,0.0,0,1,0,0,0,2026-08-19T06:20:14.476261+00:00,2026-08-19T06:20:53.240668+00:00
11,39,Mings,2,DEF,44,0.97,1.7632,0.22,0.1716,0.2183,0.0012,1,1,90,1,2026-08-19T06:20:14.476261+00:00,2026-08-19T06:20:53.240668+00:00
11,40,Watkins,2,FWD,72,1.1496,1.7047,0.28,0.2016,0.2765,0.004,1,2,90,1,2026-08-19T06:20:14.476261+00:00,2026-08-19T06:20:53.240668+00:00
11,41,Nakamba,2,MID,44,0,0,0.0,0.0,0.0,0,1,0,0,0,2026-08-19T06:20:14.476261+00:00,2026-08-19T06:20:53.240668+00:00
11,42,Buendía,2,MID,58,0.96,1.5156,0.28,0.2016,0.2765,0.0024,1,1,24,0,2026-08-19T06:20:14.476261+00:00,2026-08-19T06:20:53.240668+00:00
11,43,Cash,2,DEF,46,0.9384,1.7113,0.28,0.1584,0.2731,0.0016,1,1,90,1,2026-08-19T06:20:14.476261+00:00,2026-08-19T06:20:53.240668+00:00
11,44,Konsa,2,DEF,44,0.8636,1.6552,0.22,0.1716,0.2183,0.002,1,1,90,1,2026-08-19T06:20:14.476261+00:00,2026-08-19T06:20:53.240668+00:00
11,45,Bailey,2,MID,46,0.8916,1.315,0.28,0.1584,0.2731,0.0,1,2,65,1,2026-08-19T06:20:14.476261+00:00,2026-08-19T06:20:53.240668+00:00
11,46,Douglas Luiz,2,MID,48,0.9044,1.3923,0.28,0.1584,0.2731,0.0016,1,2,90,1,2026-08-19T06:20:14.476261+00:00,2026-08-19T06:20:53.240668+00:00
11,47,Ramsey,2,MID,52,0.8908,1.4382,0.28,0.1584,0.2731,0.0008,1,2,77,1,2026-08-19T06:20:14.476261+00:00,2026-08-19T06:20:53.240668+00:00
11,49,Iroegbunam,2,MID,45,0,0,0.0,0.0,0.0,0,1,0,0,0,2026-08-19T06:20:14.476261+00:00,2026-08-19T06:20:53.240668+00:00
11,50,Diego Carlos,2,DEF,47,0.7384,1.5447,0.18,0.1804,0.1818,0.0024,1,0,0,0,2026-08-19T06:20:14.476261+00:00,2026-08-19T06:20:53.240668+00:00
11,51,El Ghazi,2,MID,48,0,0,0.0,0.0,0.0,0,1,0,0,0,2026-08-19T06:20:14.476261+00:00,2026-08-19T06:20:53.240668+00:00
11,52,Davis,2,FWD,54,0,0,0.0,0.0,0.0,0,1,0,0,0,2026-08-19T06:20:14.476261+00:00,2026-08-19T06:20:53.240668+00:00
11,53,Kamara,2,MID,48,0.8304,1.2009,0.28,0.1584,0.2731,0.0,1,0,0,0,2026-08-19T06:20:14.476261+00:00,2026-08-19T06:20:53.240668+00:00
11,54,Archer,2,FWD,43,0,0,0.0,0.0,0.0,0,1,0,0,0,2026-08-19T06:20:14.476261+00:00,2026-08-19T06:20:53.240668+00:00
11,55,Philogene-Bidace,2,MID,45,0,0,0.0,0.0,0.0,0,1,0,0,0,2026-08-19T06:20:14.476261+00:00,2026-08-19T06:20:53.240668+00:00
11,56,Guilbert,2,DEF,39,0,0,0.0,0.0,0.0,0,1,0,0,0,2026-08-19T06:20:14.476261+00:00,2026-08-19T06:20:53.240668+00:00
11,479,Dendoncker,2,MID,48,0.674,1.1769,0.18,0.1804,0.1818,0.0,1,1,12,0,2026-08-19T06:20:14.476261+00:00,2026-08-19T06:20:53.240668+00:00
11,525,Augustinsson,2,DEF,43,0,0,0.0,0.0,0.0,0,1,0,0,0,2026-08-19T06:20:14.476261+00:00,2026-08-19T06:20:53.240668+00:00
11,537,Kesler Hayden,2,DEF,40,0,0,0.0,0.0,0.0,0,1,0,0,0,2026-08-19T06:20:14.476261+00:00,2026-08-19T06:20:53.240668+00:00
11,538,Young,2,DEF,44,0.9176,1.7627,0.22,0.1716,0.2183,0.0028,1,1,90,1,2026-08-19T06:20:14.476261+00:00,2026-08-19T06:20:53.240668+00:00
11,638,Bogarde,2,DEF,40,0,0,0.0,0.0,0.0,0,1,0,0,0,2026-08-19T06:20:14.476261+00:00,2026-08-19T06:20:53.240668+00:00
11,670,Marschall,2,GKP,40,0,0,0.0,0.0,0.0,0,1,,,,2026-08-19T06:20:14.476261+00:00,
11,672,Kadan Young,2,MID,45,0,0,0.0,0.0,0.0,0,1,,,,2026-08-19T06:20:14.476261+00:00,
11,694,Álex Moreno,2,DEF,45,0,0,0.0,0.0,0.0,0,1,,,,2026-08-19T06:20:14.476261+00:00,
11,707,Sinisalo,2,GKP,40,0.1704,0.7838,0.04,0.0384,0.0403,0.0,1,,,,2026-08-19T06:20:14.476261+00:00,
11,711,Durán,2,FWD,55,1.2924,1.5816,0.45,0.154,0.4308,0.0024,1,,,,2026-08-19T06:20:14.476261+00:00,
11,744,Swinkels,2,DEF,40,0.536,1.3523,0.1,0.198,0.1088,0.0016,1,,,,2026-08-19T06:20:14.476261+00:00,
11,745,Zych,2,GKP,40,0.1664,0.8182,0.04,0.0384,0.0403,0.0,1,,,,2026-08-19T06:20:14.476261+00:00,
11,753,Wright,2,GKP,40,0.1828,0.8095,0.04,0.0384,0.0403,0.0,1,,,,2026-08-19T06:20:14.476261+00:00,
11,754,Revan,2,DEF,40,0.5252,1.2606,0.1,0.198,0.1088,0.0004,1,,,,2026-08-19T06:20:14.476261+00:00,
11,755,Patterson,2,MID,45,0.4684,0.9611,0.1,0.198,0.1088,0.0,1,,,,2026-08-19T06:20:14.476261+00:00,
11,761,O'Reilly,2,MID,45,0.4912,1.0256,0.1,0.198,0.1088,0.0,1,,,,2026-08-19T06:20:14.476261+00:00,
11,57,Smith,3,DEF,44,0.6384,1.3241,0.22,0.1716,0.2183,0.0,1,1,90,1,2026-08-19T06:20:14.476261+00:00,2026-08-19T06:20:53.240668+00:00
11,58,Stanislas,3,MID,48,0,0,0.0,0.0,0.0,0,1,0,0,0,2026-08-19T06:20:14.476261+00:00,2026-08-19T06:20:53.240668+00:00
11,59,Fredericks,3,DEF,44,0,0,0.0,0.0,0.0,0,1,1,90,1,2026-08-19T06:20:14.476261+00:00,2026-08-19T06:20:53.240668+00:00
11,60,Brooks,3,MID,53,0.7064,1.2586,0.18,0.1804,0.1818,0.0008,1,0,0,0,2026-08-19T06:20:14.476261+00:00,2026-08-19T06:20:53.240668+00:00
11,61,Lowe,3,MID,52,0,0,0.0,0.0,0.0,0,1,0,0,0,2026-08-19T06:20:14.476261+00:00,2026-08-19T06:20:53.240668+00:00
11,62,Moore,3,FWD,55,0.8576,1.2111,0.28,0.2016,0.2765,0.0004,1,1,1,0,2026-08-19T06:20:14.476261+00:00,2026-08-19T06:20:53.240668+00:00
11,63,Marcondes,3,MID,48,0,0,0.0,0.0,0.0,0,1,0,0,0,2026-08-19T06:20:14.476261+00:00,2026-08-19T06:20:53.240668+00:00
11,64,Lerma,3,MID,50,1.3568,1.4571,0.48,0.1144,0.4556,0.0004,1,7,90,1,2026-08-19T06:20:14.476261+00:00,2026-08-19T06:20:53.240668+00:00
11,65,Stacey,3,DEF,43,0.4784,1.1033,0.1,0.198,0.1088,0.0004,1,1,1,0,2026-08-19T06:20:14.476261+00:00,2026-08-19T06:20:53.240668+00:00
11,66,Solanke,3,FWD,57,1.032,1.4604,0.28,0.2016,0.2765,0.0012,1,12,88,1,2026-08-19T06:20:14.476261+00:00,2026-08-19T06:20:53.240668+00:00
11,67,Cook,3,MID,49,0.9252,1.3177,0.28,0.1584,0.2731,0.0004,1,2,90,1,2026-08-19T06:20:14.476261+00:00,2026-08-19T06:20:53.240668+00:00
11,68,Pearson,3,MID,45,0,0,0.0,0.0,0.0,0,1,0,0,0,2026-08-19T06:20:14.476261+00:00,2026-08-19T06:20:53.240668+00:00
11,69,Christie,3,MID,53,0.9148,1.397,0.28,0.1584,0.2731,0.0004,1,2,88,1,2026-08-19T06:20:14.476261+00:00,2026-08-19T06:20:53.240668+00:00
11,70,Billing,3,MID,53,0.6284,1.1928,0.14,0.1892,0.1453,0.0004,1,5,79,1,2026-08-19T06:20:14.476261+00:00,2026-08-19T06:20:53.240668+00:00
11,71,Mepham,3,DEF,44,0.7716,1.5138,0.22,0.1716,0.2183,0.0012,1,1,90,1,2026-08-19T06:20:14.476261+00:00,2026-08-19T06:20:53.240668+00:00
11,72,Travers,3,GKP,44,0.166,0.7896,0.04,0.0384,0.0403,0.0004,1,0,0,0,2026-08-19T06:20:14.476261+00:00,2026-08-19T06:20:53.240668+00:00
11,73,Kelly,3,DEF,44,0.9516,1.7221,0.22,0.1716,0.2183,0.0008,1,0,0,0,2026-08-19T06:20:14.476261+00:00,2026-08-19T06:20:53.240668+00:00
11,74,Dembélé,3,MID,47,0,0,0.0,0.0,0.0,0,1,0,0,0,2026-08-19T06:20:14.476261+00:00,2026-08-19T06:20:53.240668+00:00
11,75,Anthony,3,MID,53,0.6356,1.1632,0.18,0.1804,0.1818,0.0008,1,1,15,0,2026-08-19T06:20:14.476261+00:00,2026-08-19T06:20:53.240668+00:00
11,76,Zemura,3,DEF,44,0.7772,1.4671,0.22,0.1716,0.2183,0.0012,1,1,10,0,2026-08-19T06:20:14.476261+00:00,2026-08-19T06:20:53.240668+00:00
11,77,Dennis,3,GKP,40,0,0,0.0,0.0,0.0,0,1,0,0,0,2026-08-19T06:20:14.476261+00:00,2026-08-19T06:20:53.240668+00:00
11,404,Stephens,3,DEF,43,0.496,1.1272,0.1,0.198,0.1088,0.0,1,0,0,0,2026-08-19T06:20:14.476261+00:00,2026-08-19T06:20:53.240668+00:00
11,505,Rothwell,3,MID,49,0.4792,1.0425,0.09,0.2002,0.0997,0.0008,1,0,0,0,2026-08-19T06:20:14.476261+00:00,2026-08-19T06:20:53.240668+00:00
11,535,Tavernier,3,MID,49,0,0,0.0,0.0,0.0,0,1,2,74,1,2026-08-19T06:20:14.476261+00:00,2026-08-19T06:20:53.240668+00:00
11,539,Hill,3,DEF,44,0,0,0.0,0.0,0.0,0,1,0,0,0,2026-08-19T06:20:14.476261+00:00,2026-08-19T06:20:53.240668+00:00
11,571,Randolph,3,GKP,40,0.1596,0.7636,0.04,0.0384,0.0403,0.0,1,0,0,0,2026-08-19T06:20:14.476261+00:00,2026-08-19T06:20:53.240668+00:00
11,574,Neto,3,GKP,45,2.7228,2.1337,0.88,0.0048,0.8188,0.0012,1,1,90,1,2026-08-19T06:20:14.476261+00:00,2026-08-19T06:20:53.240668+00:00
11,576,Senesi,3,DEF,45,0.7248,1.3846,0.22,0.1716,0.2183,0.0004,1,1,90,1,2026-08-19T06:20:14.476261+00:00,2026-08-19T06:20:53.240668+00:00
11,597,Saydee,3,FWD,45,0,0,0.0,0.0,0.0,0,1,0,0,0,2026-08-19T06:20:14.476261+00:00,2026-08-19T06:20:53.240668+00:00
11,598,Bevan,3,DEF,40,0,0,0.0,0.0,0.0,0,1,0,0,0,2026-08-19T06:20:14.476261+00:00,2026-08-19T06:20:53.240668+00:00
11,649,Plain,3,GKP,40,0.1668,0.7348,0.04,0.0384,0.0403,0.0,1,,,,2026-08-19T06:20:14.476261+00:00,
11,695,Adu-Adjei,3,FWD,45,0.4392,0.8815,0.1,0.198,0.1088,0.0,1,,,,2026-08-19T06:20:14.476261+00:00,
11,696,Dacosta Gonzalez,3,MID,44,0.448,0.8969,0.1,0.198,0.1088,0.0,1,,,,2026-08-19T06:20:14.476261+00:00,
11,697,Sadi,3,FWD,45,0.4248,0.8356,0.1,0.198,0.1088,0.0,1,,,,2026-08-19T06:20:14.476261+00:00,
11,705,Ouattara,3,MID,50,0.6984,1.2323,0.18,0.1804,0.1818,0.0004,1,,,,2026-08-19T06:20:14.476261+00:00,
11,706,Pollock,3,FWD,45,0.41,0.8583,0.1,0.198,0.1088,0.0,1,,,,2026-08-19T06:20:14.476261+00:00,
11,714,Semenyo,3,FWD,50,0,0,0.0,0.0,0.0,0,1,,,,2026-08-19T06:20:14.476261+00:00,
11,718,Viña,3,DEF,45,0.4644,1.0982,0.1,0.198,0.1088,0.0012,1,,,,2026-08-19T06:20:14.476261+00:00,
11,722,Zabarnyi,3,DEF,45,0.5012,1.1504,0.1,0.198,0.1088,0.0,1,,,,2026-08-19T06:20:14.476261+00:00,
11,723,H.Traorè,3,MID,45,0.3948,0.8755,0.05,0.209,0.0632,0.0004,1,,,,2026-08-19T06:20:14.476261+00:00,
11,737,Greenwood,3,DEF,40,0.4784,1.1393,0.1,0.198,0.1088,0.0004,1,,,,2026-08-19T06:20:14.476261+00:00,
11,738,Kinsey-Wellings,3,DEF,40,0.5004,1.2235,0.1,0.198,0.1088,0.0008,1,,,,2026-08-19T06:20:14.476261+00:00,
11,78,Jansson,4,DEF,43,0,0,0.0,0.0,0.0,0,1,0,0,0,2026-08-19T06:20:14.476261+00:00,2026-08-19T06:20:53.240668+00:00
11,79,Nørgaard,4,MID,53,0,0,0.0,0.0,0.0,0,1,0,0,0,2026-08-19T06:20:14.476261+00:00,2026-08-19T06:20:53.240668+00:00
11,80,Toney,4,FWD,73,0,0,0.0,0.0,0.0,0,1,12,90,1,2026-08-19T06:20:14.476261+00:00,2026-08-19T06:20:53.240668+00:00
11,81,Raya,4,GKP,45,3.4508,2.3449,0.88,0.0048,0.8188,0.0028,1,10,90,1,2026-08-19T06:20:14.476261+00:00,2026-08-19T06:20:53.240668+00:00
11,82,Canós,4,DEF,50,0,0,0.0,0.0,0.0,0,1,1,10,0,2026-08-19T06:20:14.476261+00:00,2026-08-19T06:20:53.240668+00:00
11,83,Dasilva,4,MID,44,0.8464,1.2452,0.28,0.1584,0.2731,0.0,1,1,10,0,2026-08-19T06:20:14.476261+00:00,2026-08-19T06:20:53.240668+00:00
11,84,Ajer,4,DEF,45,0.488,1.1593,0.1,0.198,0.1088,0.0004,1,6,90,1,2026-08-19T06:20:14.476261+00:00,2026-08-19T06:20:53.240668+00:00
11,85,Henry,4,DEF,45,0.9104,1.6246,0.22,0.1716,0.2183,0.0,1,6,86,1,2026-08-19T06:20:14.476261+00:00,2026-08-19T06:20:53.240668+00:00
11,86,Janelt,4,MID,55,1.1672,1.6976,0.28,0.2016,0.2765,0.002,1,3,90,1,2026-08-19T06:20:14.476261+00:00,2026-08-19T06:20:53.240668+00:00
11,87,Ghoddos,4,MID,48,0.7196,1.3315,0.18,0.1804,0.1818,0.0012,1,1,3,0,2026-08-19T06:20:14.476261+00:00,2026-08-19T06:20:53.240668+00:00
11,88,Jensen,4,MID,50,1.0256,1.5122,0.28,0.1584,0.2731,0.0008,1,2,79,1,2026-08-19T06:20:14.476261+00:00,2026-08-19T06:20:53.240668+00:00
11,89,Wissa,4,MID,54,0.9592,1.4585,0.28,0.1584,0.2731,0.0008,1,3,70,1,2026-08-19T06:20:14.476261+00:00,2026-08-19T06:20:53.240668+00:00
11,90,Roerslev,4,DEF,43,0.5224,1.2562,0.1,0.198,0.1088,0.002,1,1,19,0,2026-08-19T06:20:14.476261+00:00,2026-08-19T06:20:53.240668+00:00
11,91,Bech,4,DEF,45,0,0,0.0,0.0,0.0,0,1,0,0,0,2026-08-19T06:20:14.476261+00:00,2026-08-19T06:20:53.240668+00:00
11,92,Pinnock,4,DEF,44,0.5108,1.2169,0.1,0.198,0.1088,0.0008,1,7,90,1,2026-08-19T06:20:14.476261+00:00,2026-08-19T06:20:53.240668+00:00
11,93,Onyeka,4,MID,48,0.6928,1.225,0.18,0.1804,0.1818,0.0004,1,6,70,1,2026-08-19T06:20:14.476261+00:00,2026-08-19T06:20:53.240668+00:00
11,94,Baptiste,4,MID,45,0.858,1.249,0.28,0.1584,0.2731,0.0004,1,0,19,0,2026-08-19T06:20:14.476261+00:00,2026-08-19T06:20:53.240668+00:00
11,95,Mbeumo,4,FWD,59,1.006,1.5051,0.28,0.2016,0.2765,0.0016,1,2,79,1,2026-08-19T06:20:14.476261+00:00,2026-08-19T06:20:53.240668+00:00
11,96,Goode,4,DEF,39,0,0,0.0,0.0,0.0,0,1,0,0,0,2026-08-19T06:20:14.476261+00:00,2026-08-19T06:20:53.240668+00:00
11,97,Forss,4,FWD,45,0,0,0.0,0.0,0.0,0,1,0,0,0,2026-08-19T06:20:14.476261+00:00,2026-08-19T06:20:53.240668+00:00
11,98,Thompson,4,DEF,40,0,0,0.0,0.0,0.0,0,1,0,0,0,2026-08-19T06:20:14.476261+00:00,2026-08-19T06:20:53.240668+00:00
11,99,Bidstrup,4,MID,45,0,0,0.0,0.0,0.0,0,1,0,0,0,2026-08-19T06:20:14.476261+00:00,2026-08-19T06:20:53.240668+00:00
11,100,Balcombe,4,GKP,40,0,0,0.0,0.0,0.0,0,1,0,0,0,2026-08-19T06:20:14.476261+00:00,2026-08-19T06:20:53.240668+00:00
11,510,Hickey,4,DEF,50,0.9336,1.646,0.28,0.1584,0.2731,0.0012,1,0,0,0,2026-08-19T06:20:14.476261+00:00,2026-08-19T06:20:53.240668+00:00
11,515,Lewis-Potter,4,MID,52,0,0,0.0,0.0,0.0,0,1,0,0,0,2026-08-19T06:20:14.476261+00:00,2026-08-19T06:20:53.240668+00:00
11,517,Strakosha,4,GKP,43,0.1972,0.903,0.04,0.0384,0.0403,0.0,1,0,0,0,2026-08-19T06:20:14.476261+00:00,2026-08-19T06:20:53.240668+00:00
11,526,Mee,4,DEF,45,0.9452,1.7231,0.22,0.1716,0.2183,0.0008,1,6,90,1,2026-08-19T06:20:14.476261+00:00,2026-08-19T06:20:53.240668+00:00
11,540,Stevens,4,DEF,40,0,0,0.0,0.0,0.0,0,1,0,0,0,2026-08-19T06:20:14.476261+00:00,2026-08-19T06:20:53.240668+00:00
11,541,Dervişoğlu,4,FWD,45,0,0,0.0,0.0,0.0,0,1,0,0,0,2026-08-19T06:20:14.476261+00:00,2026-08-19T06:20:53.240668+00:00
11,580,Damsgaard,4,MID,53,0.7472,1.428,0.18,0.1804,0.1818,0.0024,1,0,0,0,2026-08-19T06:20:14.476261+00:00,2026-08-19T06:20:53.240668+00:00
11,595,Zanka,4,DEF,40,0.538,1.2864,0.1,0.198,0.1088,0.0016,1,0,0,0,2026-08-19T06:20:14.476261+00:00,2026-08-19T06:20:53.240668+00:00
11,632,Trevitt,4,MID,45,0.4904,1.0237,0.1,0.198,0.1088,0.0004,1,0,0,0,2026-08-19T06:20:14.476261+00:00,2026-08-19T06:20:53.240668+00:00
11,633,Cox,4,GKP,40,0,0,0.0,0.0,0.0,0,1,0,0,0,2026-08-19T06:20:14.476261+00:00,2026-08-19T06:20:53.240668+00:00
11,646,Crama,4,DEF,40,0.5096,1.2116,0.1,0.198,0.1088,0.0,1,,,,2026-08-19T06:20:14.476261+00:00,
11,650,Yarmolyuk,4,MID,45,0.4732,0.994,0.1,0.198,0.1088,0.0008,1,,,,2026-08-19T06:20:14.476261+00:00,
11,688,Schade,4,MID,49,0.6776,1.2541,0.18,0.1804,0.1818,0.0012,1,,,,2026-08-19T06:20:14.476261+00:00,
11,752,Olakigbe,4,MID,45,0.5012,1.0068,0.1,0.198,0.1088,0.0004,1,,,,2026-08-19T06:20:14.476261+00:00,
11,101,Lallana,5,MID,49,0,0,0.0,0.0,0.0,0,1,1,22,0,2026-08-19T06:20:14.476261+00:00,2026-08-19T06:20:53.240668+00:00
11,102,Steele,5,GKP,40,0.1704,0.7746,0.04,0.0384,0.0403,0.0,1,0,0,0,2026-08-19T06:20:14.476261+00:00,2026-08-19T06:20:53.240668+00:00
11,103,Welbeck,5,FWD,65,1.0188,1.4711,0.28,0.2016,0.2765,0.0016,1,2,90,1,2026-08-19T06:20:14.476261+00:00,2026-08-19T06:20:53.240668+00:00
11,104,Groß,5,MID,59,1.1428,1.6787,0.28,0.2016,0.2765,0.0012,1,2,67,1,2026-08-19T06:20:14.476261+00:00,2026-08-19T06:20:53.240668+00:00
11,106,Dunk,5,DEF,46,0.9284,1.6185,0.28,0.1584,0.2731,0.0008,1,1,90,1,2026-08-19T06:20:14.476261+00:00,2026-08-19T06:20:53.240668+00:00
11,107,March,5,MID,50,0.5556,1.0218,0.14,0.1892,0.1453,0.0004,1,2,90,1,2026-08-19T06:20:14.476261+00:00,2026-08-19T06:20:53.240668+00:00
11,108,Webster,5,DEF,45,0.7424,1.4034,0.22,0.1716,0.2183,0.0012,1,1,90,1,2026-08-19T06:20:14.476261+00:00,2026-08-19T06:20:53.240668+00:00
11,109,Veltman,5,DEF,46,1.0368,1.7398,0.28,0.1584,0.2731,0.0004,1,1,90,1,2026-08-19T06:20:14.476261+00:00,2026-08-19T06:20:53.240668+00:00
11,113,Sánchez,5,GKP,47,3.1424,2.2608,0.88,0.0096,0.8192,0.0056,1,1,90,1,2026-08-19T06:20:14.476261+00:00,2026-08-19T06:20:53.240668+00:00
11,114,Lamptey,5,DEF,43,0,0,0.0,0.0,0.0,0,1,0,0,0,2026-08-19T06:20:14.476261+00:00,2026-08-19T06:20:53.240668+00:00
11,115,Alzate,5,MID,44,0,0,0.0,0.0,0.0,0,1,0,0,0,2026-08-19T06:20:14.476261+00:00,2026-08-19T06:20:53.240668+00:00
11,116,Mac Allister,5,MID,57,1.1384,1.6858,0.28,0.2016,0.2765,0.002,1,2,90,1,2026-08-19T06:20:14.476261+00:00,2026-08-19T06:20:53.240668+00:00
11,117,Moder,5,MID,44,0,0,0.0,0.0,0.0,0,1,0,0,0,2026-08-19T06:20:14.476261+00:00,2026-08-19T06:20:53.240668+00:00
11,118,Mwepu,5,MID,53,0,0,0.0,0.0,0.0,0,1,0,0,0,2026-08-19T06:20:14.476261+00:00,2026-08-19T06:20:53.240668+00:00
11,119,Sarmiento,5,MID,45,0,0,0.0,0.0,0.0,0,1,0,0,0,2026-08-19T06:20:14.476261+00:00,2026-08-19T06:20:53.240668+00:00
11,120,Caicedo,5,MID,50,0.9,1.2539,0.28,0.1584,0.2731,0.0,1,1,90,1,2026-08-19T06:20:14.476261+00:00,2026-08-19T06:20:53.240668+00:00
11,121,Richards,5,MID,45,0,0,0.0,0.0,0.0,0,1,0,0,0,2026-08-19T06:20:14.476261+00:00,2026-08-19T06:20:53.240668+00:00
11,122,Roberts,5,DEF,40,0,0,0.0,0.0,0.0,0,1,0,0,0,2026-08-19T06:20:14.476261+00:00,2026-08-19T06:20:53.240668+00:00
11,123,Undav,5,FWD,51,0.6532,1.1801,0.18,0.1804,0.1818,0.0012,1,1,21,0,2026-08-19T06:20:14.476261+00:00,2026-08-19T06:20:53.240668+00:00
11,124,Mitoma,5,MID,49,0.6892,1.2421,0.18,0.1804,0.1818,0.0016,1,1,45,1,2026-08-19T06:20:14.476261+00:00,2026-08-19T06:20:53.240668+00:00
11,125,Enciso,5,FWD,48,0.6392,1.1296,0.18,0.1804,0.1818,0.0008,1,0,0,0,2026-08-19T06:20:14.476261+00:00,2026-08-19T06:20:53.240668+00:00
11,126,Kozłowski,5,MID,45,0,0,0.0,0.0,0.0,0,1,0,0,0,2026-08-19T06:20:14.476261+00:00,2026-08-19T06:20:53.240668+00:00
11,149,Gilmour,5,MID,44,0.4544,0.9249,0.1,0.198,0.1088,0.0,1,0,0,0,2026-08-19T06:20:14.476261+00:00,2026-08-19T06:20:53.240668+00:00
11,542,Scherpen,5,GKP,40,0,0,0.0,0.0,0.0,0,1,0,0,0,2026-08-19T06:20:14.476261+00:00,2026-08-19T06:20:53.240668+00:00
11,543,Clarke,5,DEF,40,0,0,0.0,0.0,0.0,0,1,0,0,0,2026-08-19T06:20:14.476261+00:00,2026-08-19T06:20:53.240668+00:00
11,544,Van Hecke,5,DEF,40,0.4612,1.083,0.1,0.198,0.1088,0.0004,1,0,0,0,2026-08-19T06:20:14.476261+00:00,2026-08-19T06:20:53.240668+00:00
11,559,Colwill,5,DEF,44,0.4568,1.0574,0.1,0.198,0.1088,0.0008,1,0,0,0,2026-08-19T06:20:14.476261+00:00,2026-08-19T06:20:53.240668+00:00
11,586,Estupiñán,5,DEF,45,0.7424,1.4026,0.22,0.1716,0.2183,0.0004,1,1,45,1,2026-08-19T06:20:14.476261+00:00,2026-08-19T06:20:53.240668+00:00
11,596,Ferguson,5,FWD,45,0.4388,0.8305,0.1,0.198,0.1088,0.0,1,0,0,0,2026-08-19T06:20:14.476261+00:00,2026-08-19T06:20:53.240668+00:00
11,640,Turns,5,DEF,40,0,0,0.0,0.0,0.0,0,1,0,0,0,2026-08-19T06:20:14.476261+00:00,2026-08-19T06:20:53.240668+00:00
11,651,Moran,5,MID,45,0.4476,0.877,0.1,0.198,0.1088,0.0,1,,,,2026-08-19T06:20:14.476261+00:00,
11,652,Furlong,5,DEF,40,0,0,0.0,0.0,0.0,0,1,,,,2026-08-19T06:20:14.476261+00:00,
11,677,Hinshelwood,5,MID,45,0.4736,0.9605,0.1,0.198,0.1088,0.0,1,,,,2026-08-19T06:20:14.476261+00:00,
11,679,Buonanotte,5,MID,45,0.4616,0.9351,0.1,0.198,0.1088,0.0,1,,,,2026-08-19T06:20:14.476261+00:00,
11,719,Ayari,5,MID,45,0.492,0.9264,0.1,0.198,0.1088,0.0004,1,,,,2026-08-19T06:20:14.476261+00:00,
11,736,Offiah,5,DEF,40,0.5128,1.1876,0.1,0.198,0.1088,0.0004,1,,,,2026-08-19T06:20:14.476261+00:00,
11,756,McGill,5,GKP,40,0.122,0.5967,0.04,0.0384,0.0403,0.0,1,,,,2026-08-19T06:20:14.476261+00:00,
11,762,Peupion,5,MID,45,0.45,0.9247,0.1,0.198,0.1088,0.0,1,,,,2026-08-19T06:20:14.476261+00:00,
11,765,Samuels,5,DEF,40,0,0,0.0,0.0,0.0,0,1,,,,2026-08-19T06:20:14.476261+00:00,
11,48,Chukwuemeka,6,MID,43,0.4412,0.8902,0.1,0.198,0.1088,0.0,1,0,0,0,2026-08-19T06:20:14.476261+00:00,2026-08-19T06:20:53.240668+00:00
11,112,Cucurella,6,DEF,51,0.5748,1.3039,0.14,0.1892,0.1453,0.0012,1,1,45,1,2026-08-19T06:20:14.476261+00:00,2026-08-19T06:20:53.240668+00:00
11,127,Azpilicueta,6,DEF,48,0.8828,1.5755,0.28,0.1584,0.2731,0.0016,1,1,45,1,2026-08-19T06:20:14.476261+00:00,2026-08-19T06:20:53.240668+00:00
11,128,Thiago Silva,6,DEF,54,1.1512,1.9402,0.28,0.1584,0.2731,0.0032,1,7,90,1,2026-08-19T06:20:14.476261+00:00,2026-08-19T06:20:53.240668+00:00
11,129,Alonso,6,DEF,53,0,0,0.0,0.0,0.0,0,1,0,0,0,2026-08-19T06:20:14.476261+00:00,2026-08-19T06:20:53.240668+00:00
11,131,Barkley,6,MID,49,0,0,0.0,0.0,0.0,0,1,0,0,0,2026-08-19T06:20:14.476261+00:00,2026-08-19T06:20:53.240668+00:00
11,132,Kovacic,6,MID,49,0.4744,0.9663,0.09,0.2002,0.0997,0.0,1,3,64,1,2026-08-19T06:20:14.476261+00:00,2026-08-19T06:20:53.240668+00:00
11,133,Arrizabalaga,6,GKP,44,0.166,0.7257,0.04,0.0384,0.0403,0.0,1,10,90,1,2026-08-19T06:20:14.476261+00:00,2026-08-19T06:20:53.240668+00:00
11,134,Kanté,6,MID,48,0.4252,0.8447,0.09,0.2002,0.0997,0.0,1,0,0,0,2026-08-19T06:20:14.476261+00:00,2026-08-19T06:20:53.240668+00:00
11,135,Ziyech,6,MID,56,1.3788,1.6264,0.45,0.154,0.4308,0.0016,1,0,0,0,2026-08-19T06:20:14.476261+00:00,2026-08-19T06:20:53.240668+00:00
11,136,Loftus-Cheek,6,MID,50,0.8148,1.2124,0.28,0.1584,0.2731,0.0,1,3,90,1,2026-08-19T06:20:14.476261+00:00,2026-08-19T06:20:53.240668+00:00
11,137,Werner,6,FWD,79,0,0,0.0,0.0,0.0,0,1,0,0,0,2026-08-19T06:20:14.476261+00:00,2026-08-19T06:20:53.240668+00:00
11,138,Kenedy,6,DEF,39,0,0,0.0,0.0,0.0,0,1,0,0,0,2026-08-19T06:20:14.476261+00:00,2026-08-19T06:20:53.240668+00:00
11,139,Chilwell,6,DEF,58,0.8892,1.6448,0.225,0.217,0.2266,0.002,1,5,90,1,2026-08-19T06:20:14.476261+00:00,2026-08-19T06:20:53.240668+00:00
11,140,Pulisic,6,MID,57,1.3944,1.647,0.45,0.154,0.4308,0.0016,1,0,0,0,2026-08-19T06:20:14.476261+00:00,2026-08-19T06:20:53.240668+00:00
11,141,Chalobah,6,DEF,47,0.6888,1.4145,0.18,0.1804,0.1818,0.0004,1,6,90,1,2026-08-19T06:20:14.476261+00:00,2026-08-19T06:20:53.240668+00:00
11,142,Mount,6,MID,76,0.7404,1.4501,0.14,0.2408,0.1495,0.0016,1,15,90,1,2026-08-19T06:20:14.476261+00:00,2026-08-19T06:20:53.240668+00:00
11,143,Sarr,6,DEF,50,0,0,0.0,0.0,0.0,0,1,0,0,0,2026-08-19T06:20:14.476261+00:00,2026-08-19T06:20:53.240668+00:00
11,144,Hudson-Odoi,6,MID,53,0,0,0.0,0.0,0.0,0,1,0,0,0,2026-08-19T06:20:14.476261+00:00,2026-08-19T06:20:53.240668+00:00
11,145,Havertz,6,FWD,77,0.9348,1.5074,0.28,0.2016,0.2765,0.0028,1,1,45,1,2026-08-19T06:20:14.476261+00:00,2026-08-19T06:20:53.240668+00:00
11,146,James,6,DEF,61,0,0,0.0,0.0,0.0,0,1,0,0,0,2026-08-19T06:20:14.476261+00:00,2026-08-19T06:20:53.240668+00:00
11,147,Mendy,6,GKP,49,2.6856,2.0843,0.88,0.0096,0.8192,0.0012,1,0,0,0,2026-08-19T06:20:14.476261+00:00,2026-08-19T06:20:53.240668+00:00
11,148,Gallagher,6,MID,57,1.2964,1.5636,0.45,0.154,0.4308,0.002,1,1,32,0,2026-08-19T06:20:14.476261+00:00,2026-08-19T06:20:53.240668+00:00
11,150,Broja,6,FWD,53,0,0,0.0,0.0,0.0,0,1,1,1,0,2026-08-19T06:20:14.476261+00:00,2026-08-19T06:20:53.240668+00:00
11,151,Ampadu,6,DEF,44,0,0,0.0,0.0,0.0,0,1,0,0,0,2026-08-19T06:20:14.476261+00:00,2026-08-19T06:20:53.240668+00:00
11,272,W.Fofana,6,DEF,44,0.686,1.3598,0.22,0.1716,0.2183,0.0,1,0,0,0,2026-08-19T06:20:14.476261+00:00,2026-08-19T06:20:53.240668+00:00
11,304,Sterling,6,MID,100,0.7752,1.5776,0.14,0.2408,0.1495,0.0032,1,3,88,1,2026-08-19T06:20:14.476261+00:00,2026-08-19T06:20:53.240668+00:00
11,520,Koulibaly,6,DEF,55,1.0148,1.6701,0.28,0.2016,0.2765,0.0016,1,0,45,1,2026-08-19T06:20:14.476261+00:00,2026-08-19T06:20:53.240668+00:00
11,606,Vale,6,MID,45,0,0,0.0,0.0,0.0,0,1,0,0,0,2026-08-19T06:20:14.476261+00:00,2026-08-19T06:20:53.240668+00:00
11,616,Zakaria,6,MID,50,0.6868,1.292,0.18,0.1804,0.1818,0.0008,1,0,0,0,2026-08-19T06:20:14.476261+00:00,2026-08-19T06:20:53.240668+00:00
11,617,Aubameyang,6,FWD,91,2.4968,2.4378,0.72,0.0784,0.6759,0.026,1,1,57,1,2026-08-19T06:20:14.476261+00:00,2026-08-19T06:20:53.240668+00:00
11,635,Bettinelli,6,GKP,40,0.0984,0.5397,0.02,0.0392,0.0217,0.0,1,0,0,0,2026-08-19T06:20:14.476261+00:00,2026-08-19T06:20:53.240668+00:00
11,653,Hutchinson,6,MID,42,0.43,0.846,0.1,0.198,0.1088,0.0,1,,,,2026-08-19T06:20:14.476261+00:00,
11,661,Hall,6,MID,43,0.474,0.9786,0.1,0.198,0.1088,0.0,1,,,,2026-08-19T06:20:14.476261+00:00,
11,673,Humphreys,6,DEF,45,0,0,0.0,0.0,0.0,0,1,,,,2026-08-19T06:20:14.476261+00:00,
11,684,D.D.Fofana,6,FWD,50,0.6344,1.1585,0.18,0.1804,0.1818,0.0012,1,,,,2026-08-19T06:20:14.476261+00:00,
11,689,Badiashile,6,DEF,50,0.4732,1.1507,0.09,0.2002,0.0997,0.0016,1,,,,2026-08-19T06:20:14.476261+00:00,
11,690,João Félix,6,FWD,71,2.1508,2.0449,0.72,0.0784,0.6759,0.0128,1,,,,2026-08-19T06:20:14.476261+00:00,
11,699,Mudryk,6,MID,64,1.4668,1.8813,0.45,0.154,0.4308,0.0052,1,,,,2026-08-19T06:20:14.476261+00:00,
11,702,Andrey Santos,6,MID,45,0,0,0.0,0.0,0.0,0,1,,,,2026-08-19T06:20:14.476261+00:00,
11,708,Madueke,6,MID,54,0.7048,1.2784,0.18,0.1804,0.1818,0.0008,1,,,,2026-08-19T06:20:14.476261+00:00,
11,724,Enzo,6,MID,50,0.6988,1.2834,0.18,0.1804,0.1818,0.0012,1,,,,2026-08-19T06:20:14.476261+00:00,
11,771,Wady,6,GKP,40,0.1492,0.6846,0.04,0.0384,0.0403,0.0,1,,,,2026-08-19T06:20:14.476261+00:00,
11,775,Gilchrist,6,DEF,40,0.512,1.2433,0.1,0.198,0.1088,0.0008,1,,,,2026-08-19T06:20:14.476261+00:00,
11,18,Sambi,7,MID,44,0.4696,0.9006,0.1,0.198,0.1088,0.0,1,0,0,0,2026-08-19T06:20:14.476261+00:00,2026-08-19T06:20:53.240668+00:00
11,152,Guaita,7,GKP,45,2.5976,2.0376,0.88,0.0048,0.8188,0.0008,1,11,90,1,2026-08-19T06:20:14.476261+00:00,2026-08-19T06:20:53.240668+00:00
11,153,Tomkins,7,DEF,39,0,0,0.0,0.0,0.0,0,1,0,0,0,2026-08-19T06:20:14.476261+00:00,2026-08-19T06:20:53.240668+00:00
11,154,McArthur,7,MID,48,2.1388,1.8614,0.68,0.0704,0.638,0.0024,1,0,0,0,2026-08-19T06:20:14.476261+00:00,2026-08-19T06:20:53.240668+00:00
11,155,Benteke,7,FWD,55,0,0,0.0,0.0,0.0,0,1,0,0,0,2026-08-19T06:20:14.476261+00:00,2026-08-19T06:20:53.240668+00:00
11,156,Ward,7,DEF,45,0.716,1.4387,0.22,0.1716,0.2183,0.0012,1,8,90,1,2026-08-19T06:20:14.476261+00:00,2026-08-19T06:20:53.240668+00:00
11,157,Clyne,7,DEF,45,0.6836,1.3545,0.22,0.1716,0.2183,0.0012,1,0,0,0,2026-08-19T06:20:14.476261+00:00,2026-08-19T06:20:53.240668+00:00
11,158,Milivojevic,7,MID,43,0,0,0.0,0.0,0.0,0,1,1,34,0,2026-08-19T06:20:14.476261+00:00,2026-08-19T06:20:53.240668+00:00
11,159,J.Ayew,7,MID,54,0.936,1.3679,0.28,0.1584,0.2731,0.0016,1,3,90,1,2026-08-19T06:20:14.476261+00:00,2026-08-19T06:20:53.240668+00:00
11,160,Zaha,7,MID,74,0,0,0.0,0.0,0.0,0,1,3,76,1,2026-08-19T06:20:14.476261+00:00,2026-08-19T06:20:53.240668+00:00
11,161,Schlupp,7,MID,48,0,0,0.0,0.0,0.0,0,1,3,90,1,2026-08-19T06:20:14.476261+00:00,2026-08-19T06:20:53.240668+00:00
11,163,Hughes,7,MID,48,0.6204,1.1785,0.18,0.1804,0.1818,0.0004,1,0,0,0,2026-08-19T06:20:14.476261+00:00,2026-08-19T06:20:53.240668+00:00
11,164,Riedewald,7,MID,44,0.4588,0.905,0.1,0.198,0.1088,0.0,1,1,34,0,2026-08-19T06:20:14.476261+00:00,2026-08-19T06:20:53.240668+00:00
11,165,Andersen,7,DEF,45,0.7852,1.4894,0.22,0.1716,0.2183,0.0004,1,5,90,1,2026-08-19T06:20:14.476261+00:00,2026-08-19T06:20:53.240668+00:00
11,166,Edouard,7,FWD,53,0.8536,1.3718,0.28,0.1584,0.2731,0.0012,1,2,64,1,2026-08-19T06:20:14.476261+00:00,2026-08-19T06:20:53.240668+00:00
11,167,Guéhi,7,DEF,43,0.688,1.3557,0.22,0.1716,0.2183,0.0004,1,7,90,1,2026-08-19T06:20:14.476261+00:00,2026-08-19T06:20:53.240668+00:00
11,168,Mateta,7,FWD,52,0.66,1.1659,0.18,0.1804,0.1818,0.0,1,1,13,0,2026-08-19T06:20:14.476261+00:00,2026-08-19T06:20:53.240668+00:00
11,169,Eze,7,MID,55,1.156,1.6644,0.28,0.2016,0.2765,0.002,1,3,90,1,2026-08-19T06:20:14.476261+00:00,2026-08-19T06:20:53.240668+00:00
11,170,Mitchell,7,DEF,45,0.8228,1.5319,0.22,0.1716,0.2183,0.0012,1,1,55,1,2026-08-19T06:20:14.476261+00:00,2026-08-19T06:20:53.240668+00:00
11,171,Olise,7,MID,54,0.8908,1.4016,0.28,0.1584,0.2731,0.0012,1,1,25,0,2026-08-19T06:20:14.476261+00:00,2026-08-19T06:20:53.240668+00:00
11,172,Rak-Sakyi,7,MID,45,0,0,0.0,0.0,0.0,0,1,0,0,0,2026-08-19T06:20:14.476261+00:00,2026-08-19T06:20:53.240668+00:00
11,173,Ebiowei,7,MID,43,0,0,0.0,0.0,0.0,0,1,0,0,0,2026-08-19T06:20:14.476261+00:00,2026-08-19T06:20:53.240668+00:00
11,174,Ferguson,7,DEF,39,0,0,0.0,0.0,0.0,0,1,0,0,0,2026-08-19T06:20:14.476261+00:00,2026-08-19T06:20:53.240668+00:00
11,175,Johnstone,7,GKP,44,0.144,0.693,0.04,0.0384,0.0403,0.0,1,0,0,0,2026-08-19T06:20:14.476261+00:00,2026-08-19T06:20:53.240668+00:00
11,495,Matthews,7,GKP,40,0,0,0.0,0.0,0.0,0,1,0,0,0,2026-08-19T06:20:14.476261+00:00,2026-08-19T06:20:53.240668+00:00
11,496,Plange,7,FWD,45,0,0,0.0,0.0,0.0,0,1,0,0,0,2026-08-19T06:20:14.476261+00:00,2026-08-19T06:20:53.240668+00:00
11,514,C.Doucouré,7,MID,50,0.912,1.3753,0.28,0.1584,0.2731,0.0004,1,0,55,1,2026-08-19T06:20:14.476261+00:00,2026-08-19T06:20:53.240668+00:00
11,530,Richards,7,DEF,44,0.4688,1.1027,0.1,0.198,0.1088,0.0,1,0,0,0,2026-08-19T06:20:14.476261+00:00,2026-08-19T06:20:53.240668+00:00
11,590,Whitworth,7,GKP,40,0.1708,0.7815,0.04,0.0384,0.0403,0.0,1,0,0,0,2026-08-19T06:20:14.476261+00:00,2026-08-19T06:20:53.240668+00:00
11,601,Rodney,7,MID,45,0.4604,0.9291,0.1,0.198,0.1088,0.0,1,0,0,0,2026-08-19T06:20:14.476261+00:00,2026-08-19T06:20:53.240668+00:00
11,604,Phillips,7,MID,45,0,0,0.0,0.0,0.0,0,1,0,0,0,2026-08-19T06:20:14.476261+00:00,2026-08-19T06:20:53.240668+00:00
11,634,Gordon,7,FWD,45,0,0,0.0,0.0,0.0,0,1,0,0,0,2026-08-19T06:20:14.476261+00:00,2026-08-19T06:20:53.240668+00:00
11,642,Balmer,7,DEF,40,0.4552,1.1044,0.1,0.198,0.1088,0.0012,1,0,0,0,2026-08-19T06:20:14.476261+00:00,2026-08-19T06:20:53.240668+00:00
11,644,Goodman,7,GKP,40,0.1628,0.7614,0.04,0.0384,0.0403,0.0,1,,,,2026-08-19T06:20:14.476261+00:00,
11,654,Wells-Morrison,7,MID,45,0.4868,0.9805,0.1,0.198,0.1088,0.0,1,,,,2026-08-19T06:20:14.476261+00:00,
11,676,Ozoh,7,MID,45,0.4552,0.9189,0.1,0.198,0.1088,0.0,1,,,,2026-08-19T06:20:14.476261+00:00,
11,725,Ahamada,7,MID,45,0.4492,0.9138,0.1,0.198,0.1088,0.0,1,,,,2026-08-19T06:20:14.476261+00:00,
11,766,Adaramola,7,DEF,40,0.474,1.1222,0.1,0.198,0.1088,0.0,1,,,,2026-08-19T06:20:14.476261+00:00,
11,110,Maupay,8,FWD,61,0.876,1.2805,0.28,0.2016,0.2765,0.0008,1,1,65,1,2026-08-19T06:20:14.476261+00:00,2026-08-19T06:20:53.240668+00:00
11,176,Begović,8,GKP,40,0.1588,0.7388,0.04,0.0384,0.0403,0.0,1,0,0,0,2026-08-19T06:20:14.476261+00:00,2026-08-19T06:20:53.240668+00:00
11,177,Rondón,8,FWD,50,0,0,0.0,0.0,0.0,0,1,1,9,0,2026-08-19T06:20:14.476261+00:00,2026-08-19T06:20:53.240668+00:00
11,178,Coleman,8,DEF,45,0,0,0.0,0.0,0.0,0,1,2,66,1,2026-08-19T06:20:14.476261+00:00,2026-08-19T06:20:53.240668+00:00
11,179,Townsend,8,MID,55,0,0,0.0,0.0,0.0,0,1,0,0,0,2026-08-19T06:20:14.476261+00:00,2026-08-19T06:20:53.240668+00:00
11,180,Keane,8,DEF,42,0.506,1.17,0.1,0.198,0.1088,0.0004,1,0,0,0,2026-08-19T06:20:14.476261+00:00,2026-08-19T06:20:53.240668+00:00
11,181,Dele,8,MID,53,0,0,0.0,0.0,0.0,0,1,0,0,0,2026-08-19T06:20:14.476261+00:00,2026-08-19T06:20:53.240668+00:00
11,182,Pickford,8,GKP,45,3.0816,2.3047,0.88,0.0048,0.8188,0.002,1,2,90,1,2026-08-19T06:20:14.476261+00:00,2026-08-19T06:20:53.240668+00:00
11,183,Allan,8,MID,48,0,0,0.0,0.0,0.0,0,1,0,0,0,2026-08-19T06:20:14.476261+00:00,2026-08-19T06:20:53.240668+00:00
11,184,André Gomes,8,MID,45,0,0,0.0,0.0,0.0,0,1,0,0,0,2026-08-19T06:20:14.476261+00:00,2026-08-19T06:20:53.240668+00:00
11,185,A.Doucouré,8,MID,53,0.6848,1.2392,0.18,0.1804,0.1818,0.0008,1,0,0,0,2026-08-19T06:20:14.476261+00:00,2026-08-19T06:20:53.240668+00:00
11,186,Iwobi,8,MID,55,1.4016,1.466,0.48,0.1456,0.458,0.0004,1,2,90,1,2026-08-19T06:20:14.476261+00:00,2026-08-19T06:20:53.240668+00:00
11,187,Gbamin,8,MID,45,0,0,0.0,0.0,0.0,0,1,0,0,0,2026-08-19T06:20:14.476261+00:00,2026-08-19T06:20:53.240668+00:00
11,188,Mina,8,DEF,43,0.4816,1.145,0.1,0.198,0.1088,0.0004,1,0,0,0,2026-08-19T06:20:14.476261+00:00,2026-08-19T06:20:53.240668+00:00
11,189,Gray,8,MID,55,1.0172,1.4294,0.28,0.2016,0.2765,0.0008,1,2,90,1,2026-08-19T06:20:14.476261+00:00,2026-08-19T06:20:53.240668+00:00
11,190,Davies,8,MID,49,0.4692,0.9732,0.09,0.2002,0.0997,0.0004,1,0,0,0,2026-08-19T06:20:14.476261+00:00,2026-08-19T06:20:53.240668+00:00
11,191,Calvert-Lewin,8,FWD,79,0,0,0.0,0.0,0.0,0,1,1,24,0,2026-08-19T06:20:14.476261+00:00,2026-08-19T06:20:53.240668+00:00
11,192,Holgate,8,DEF,43,0.72,1.4246,0.22,0.1716,0.2183,0.0012,1,0,0,0,2026-08-19T06:20:14.476261+00:00,2026-08-19T06:20:53.240668+00:00
11,193,Godfrey,8,DEF,43,0,0,0.0,0.0,0.0,0,1,0,0,0,2026-08-19T06:20:14.476261+00:00,2026-08-19T06:20:53.240668+00:00
11,194,Mykolenko,8,DEF,45,0.3956,0.8878,0.11,0.1958,0.118,0.0,1,0,90,1,2026-08-19T06:20:14.476261+00:00,2026-08-19T06:20:53.240668+00:00
11,196,Branthwaite,8,DEF,40,0,0,0.0,0.0,0.0,0,1,0,0,0,2026-08-19T06:20:14.476261+00:00,2026-08-19T06:20:53.240668+00:00
11,197,Patterson,8,DEF,41,0,0,0.0,0.0,0.0,0,1,0,0,0,2026-08-19T06:20:14.476261+00:00,2026-08-19T06:20:53.240668+00:00
11,198,Nkounkou,8,DEF,40,0,0,0.0,0.0,0.0,0,1,0,0,0,2026-08-19T06:20:14.476261+00:00,2026-08-19T06:20:53.240668+00:00
11,199,Tarkowski,8,DEF,44,0.8112,1.5136,0.22,0.1716,0.2183,0.0012,1,1,90,1,2026-08-19T06:20:14.476261+00:00,2026-08-19T06:20:53.240668+00:00
11,475,Coady,8,DEF,49,1.0216,1.7616,0.28,0.1584,0.2731,0.0008,1,1,90,1,2026-08-19T06:20:14.476261+00:00,2026-08-19T06:20:53.240668+00:00
11,531,Vinagre,8,DEF,43,0,0,0.0,0.0,0.0,0,1,0,0,0,2026-08-19T06:20:14.476261+00:00,2026-08-19T06:20:53.240668+00:00
11,534,McNeil,8,MID,52,0.9648,1.5038,0.28,0.1584,0.2731,0.0008,1,1,90,1,2026-08-19T06:20:14.476261+00:00,2026-08-19T06:20:53.240668+00:00
11,560,Mills,8,MID,44,0.452,0.939,0.1,0.198,0.1088,0.0,1,0,0,0,2026-08-19T06:20:14.476261+00:00,2026-08-19T06:20:53.240668+00:00
11,561,Warrington,8,MID,44,0,0,0.0,0.0,0.0,0,1,0,0,0,2026-08-19T06:20:14.476261+00:00,2026-08-19T06:20:53.240668+00:00
11,570,Garner,8,MID,45,0.4816,0.9535,0.1,0.198,0.1088,0.0,1,1,23,0,2026-08-19T06:20:14.476261+00:00,2026-08-19T06:20:53.240668+00:00
11,577,Onana,8,MID,49,0.7652,1.1833,0.28,0.1584,0.2731,0.0,1,2,90,1,2026-08-19T06:20:14.476261+00:00,2026-08-19T06:20:53.240668+00:00
11,605,Welch,8,DEF,40,0.4312,1.0838,0.1,0.198,0.1088,0.0016,1,0,0,0,2026-08-19T06:20:14.476261+00:00,2026-08-19T06:20:53.240668+00:00
11,611,Gueye,8,MID,50,0.6552,1.0729,0.18,0.1804,0.1818,0.0,1,1,80,1,2026-08-19T06:20:14.476261+00:00,2026-08-19T06:20:53.240668+00:00
11,627,Jakupović,8,GKP,40,0,0,0.0,0.0,0.0,0,1,0,0,0,2026-08-19T06:20:14.476261+00:00,2026-08-19T06:20:53.240668+00:00
11,637,John,8,DEF,40,0.4312,1.0343,0.1,0.198,0.1088,0.0,1,0,0,0,2026-08-19T06:20:14.476261+00:00,2026-08-19T06:20:53.240668+00:00
11,662,Cannon,8,FWD,45,0,0,0.0,0.0,0.0,0,1,,,,2026-08-19T06:20:14.476261+00:00,
11,678,Price,8,MID,45,0.458,0.949,0.1,0.198,0.1088,0.0,1,,,,2026-08-19T06:20:14.476261+00:00,
11,686,Simms,8,FWD,45,0.4444,0.8709,0.1,0.198,0.1088,0.0004,1,,,,2026-08-19T06:20:14.476261+00:00,
11,757,Samuels-Smith,8,DEF,40,0,0,0.0,0.0,0.0,0,1,,,,2026-08-19T06:20:14.476261+00:00,
11,760,Lonergan,8,GKP,40,0.1812,0.8428,0.04,0.0384,0.0403,0.0004,1,,,,2026-08-19T06:20:14.476261+00:00,
11,768,McAllister,8,MID,45,0.4212,0.8115,0.1,0.198,0.1088,0.0,1,,,,2026-08-19T06:20:14.476261+00:00,
11,1,Cédric,9,DEF,42,0.914,1.8359,0.22,0.1716,0.2183,0.004,1,0,0,0,2026-08-19T06:20:14.476261+00:00,2026-08-19T06:20:53.240668+00:00
11,2,Leno,9,GKP,45,3.5828,2.3419,0.88,0.0048,0.8188,0.004,1,2,90,1,2026-08-19T06:20:14.476261+00:00,2026-08-19T06:20:53.240668+00:00
11,105,Duffy,9,DEF,44,0.5308,1.3146,0.1,0.198,0.1088,0.0012,1,0,0,0,2026-08-19T06:20:14.476261+00:00,2026-08-19T06:20:53.240668+00:00
11,200,Cairney,9,MID,47,0.6484,1.1647,0.18,0.1804,0.1818,0.0,1,1,45,1,2026-08-19T06:20:14.476261+00:00,2026-08-19T06:20:53.240668+00:00
11,201,Ream,9,DEF,45,0,0,0.0,0.0,0.0,0,1,0,90,1,2026-08-19T06:20:14.476261+00:00,2026-08-19T06:20:53.240668+00:00
11,202,Knockaert,9,MID,47,0,0,0.0,0.0,0.0,0,1,0,0,0,2026-08-19T06:20:14.476261+00:00,2026-08-19T06:20:53.240668+00:00
11,203,Chalobah,9,MID,44,0,0,0.0,0.0,0.0,0,1,0,0,0,2026-08-19T06:20:14.476261+00:00,2026-08-19T06:20:53.240668+00:00
11,204,Kebano,9,MID,54,0.9364,1.4603,0.28,0.1584,0.2731,0.0012,1,2,61,1,2026-08-19T06:20:14.476261+00:00,2026-08-19T06:20:53.240668+00:00
11,205,De Cordova-Reid,9,MID,55,0.9244,1.3854,0.28,0.2016,0.2765,0.0012,1,1,90,1,2026-08-19T06:20:14.476261+00:00,2026-08-19T06:20:53.240668+00:00
11,206,Bryan,9,DEF,44,0,0,0.0,0.0,0.0,0,1,0,0,0,2026-08-19T06:20:14.476261+00:00,2026-08-19T06:20:53.240668+00:00
11,207,Gazzaniga,9,GKP,40,0,0,0.0,0.0,0.0,0,1,0,0,0,2026-08-19T06:20:14.476261+00:00,2026-08-19T06:20:53.240668+00:00
11,208,Kongolo,9,DEF,39,0,0,0.0,0.0,0.0,0,1,0,0,0,2026-08-19T06:20:14.476261+00:00,2026-08-19T06:20:53.240668+00:00
11,209,Tosin,9,DEF,45,0.8616,1.589,0.22,0.1716,0.2183,0.0004,1,0,0,0,2026-08-19T06:20:14.476261+00:00,2026-08-19T06:20:53.240668+00:00
11,210,Mitrović,9,FWD,67,1.0868,1.7322,0.28,0.2016,0.2765,0.0028,1,7,90,1,2026-08-19T06:20:14.476261+00:00,2026-08-19T06:20:53.240668+00:00
11,211,Reed,9,MID,45,0.8168,1.2585,0.28,0.1584,0.2731,0.0,1,1,45,1,2026-08-19T06:20:14.476261+00:00,2026-08-19T06:20:53.240668+00:00
11,212,Wilson,9,MID,57,1.562,1.8945,0.45,0.154,0.4308,0.0032,1,1,28,0,2026-08-19T06:20:14.476261+00:00,2026-08-19T06:20:53.240668+00:00
11,213,Rodák,9,GKP,44,0.1528,0.7156,0.04,0.0384,0.0403,0.0004,1,0,0,0,2026-08-19T06:20:14.476261+00:00,2026-08-19T06:20:53.240668+00:00
11,214,Cavaleiro,9,MID,48,0,0,0.0,0.0,0.0,0,1,0,0,0,2026-08-19T06:20:14.476261+00:00,2026-08-19T06:20:53.240668+00:00
11,215,Tete,9,DEF,45,0.786,1.5418,0.22,0.1716,0.2183,0.0012,1,0,0,0,2026-08-19T06:20:14.476261+00:00,2026-08-19T06:20:53.240668+00:00
11,216,Onomah,9,MID,43,0,0,0.0,0.0,0.0,0,1,0,0,0,2026-08-19T06:20:14.476261+00:00,2026-08-19T06:20:53.240668+00:00
11,217,Robinson,9,DEF,44,0.7588,1.5326,0.22,0.1716,0.2183,0.0016,1,1,90,1,2026-08-19T06:20:14.476261+00:00,2026-08-19T06:20:53.240668+00:00
11,218,Muniz,9,FWD,54,0,0,0.0,0.0,0.0,0,1,0,0,0,2026-08-19T06:20:14.476261+00:00,2026-08-19T06:20:53.240668+00:00
11,219,Stansfield,9,FWD,45,0,0,0.0,0.0,0.0,0,1,0,0,0,2026-08-19T06:20:14.476261+00:00,2026-08-19T06:20:53.240668+00:00
11,220,Palhinha,9,MID,50,0.8528,1.2777,0.28,0.1584,0.2731,0.0004,1,2,90,1,2026-08-19T06:20:14.476261+00:00,2026-08-19T06:20:53.240668+00:00
11,231,James,9,MID,60,0.6728,1.2636,0.14,0.2408,0.1495,0.002,1,1,45,1,2026-08-19T06:20:14.476261+00:00,2026-08-19T06:20:53.240668+00:00
11,346,Andreas,9,MID,46,0,0,0.0,0.0,0.0,0,1,5,86,1,2026-08-19T06:20:14.476261+00:00,2026-08-19T06:20:53.240668+00:00
11,470,Diop,9,DEF,43,0.4956,1.1738,0.1,0.198,0.1088,0.0004,1,9,90,1,2026-08-19T06:20:14.476261+00:00,2026-08-19T06:20:53.240668+00:00
11,521,Francois,9,MID,44,0,0,0.0,0.0,0.0,0,1,0,0,0,2026-08-19T06:20:14.476261+00:00,2026-08-19T06:20:53.240668+00:00
11,532,Mbabu,9,DEF,44,0,0,0.0,0.0,0.0,0,1,0,0,0,2026-08-19T06:20:14.476261+00:00,2026-08-19T06:20:53.240668+00:00
11,546,Harris,9,MID,44,0.5052,1.0338,0.1,0.198,0.1088,0.0004,1,0,0,0,2026-08-19T06:20:14.476261+00:00,2026-08-19T06:20:53.240668+00:00
11,562,Solomon,9,MID,49,0.718,1.2614,0.18,0.1804,0.1818,0.0004,1,0,0,0,2026-08-19T06:20:14.476261+00:00,2026-08-19T06:20:53.240668+00:00
11,591,Ablade,9,FWD,45,0.45,0.9418,0.1,0.198,0.1088,0.0004,1,0,0,0,2026-08-19T06:20:14.476261+00:00,2026-08-19T06:20:53.240668+00:00
11,613,Kurzawa,9,DEF,44,0.5132,1.2903,0.1,0.198,0.1088,0.0016,1,0,0,0,2026-08-19T06:20:14.476261+00:00,2026-08-19T06:20:53.240668+00:00
11,614,Willian,9,MID,55,1.5516,1.838,0.45,0.154,0.4308,0.0028,1,1,45,1,2026-08-19T06:20:14.476261+00:00,2026-08-19T06:20:53.240668+00:00
11,618,Vinícius,9,FWD,55,1.3344,1.6496,0.45,0.154,0.4308,0.0036,1,1,3,0,2026-08-19T06:20:14.476261+00:00,2026-08-19T06:20:53.240668+00:00
11,636,Parkes,9,DEF,40,0.5116,1.1869,0.1,0.198,0.1088,0.0004,1,0,0,0,2026-08-19T06:20:14.476261+00:00,2026-08-19T06:20:53.240668+00:00
11,641,Godo,9,MID,45,0.4888,0.9915,0.1,0.198,0.1088,0.0004,1,0,0,0,2026-08-19T06:20:14.476261+00:00,2026-08-19T06:20:53.240668+00:00
11,667,Sekularac,9,MID,45,0.4648,0.9857,0.1,0.198,0.1088,0.0,1,,,,2026-08-19T06:20:14.476261+00:00,
11,726,Lukic,9,MID,45,0.452,0.9428,0.1,0.198,0.1088,0.0008,1,,,,2026-08-19T06:20:14.476261+00:00,
11,747,Wickens,9,GKP,40,0.1852,0.8528,0.04,0.0384,0.0403,0.0,1,,,,2026-08-19T06:20:14.476261+00:00,
11,750,C.Robinson,9,DEF,40,0.5176,1.2477,0.1,0.198,0.1088,0.0008,1,,,,2026-08-19T06:20:14.476261+00:00,
11,763,Dibley-Dias,9,MID,45,0.4868,0.9975,0.1,0.198,0.1088,0.0004,1,,,,2026-08-19T06:20:14.476261+00:00,
11,248,Schmeichel,10,GKP,50,0,0,0.0,0.0,0.0,0,1,0,0,0,2026-08-19T06:20:14.476261+00:00,2026-08-19T06:20:53.240668+00:00
11,249,Evans,10,DEF,44,0.8912,1.6158,0.22,0.1716,0.2183,0.0008,1,0,0,0,2026-08-19T06:20:14.476261+00:00,2026-08-19T06:20:53.240668+00:00
11,250,Bertrand,10,DEF,40,0.5616,1.2635,0.11,0.1958,0.118,0.0004,1,0,0,0,2026-08-19T06:20:14.476261+00:00,2026-08-19T06:20:53.240668+00:00
11,251,Albrighton,10,MID,48,0,0,0.0,0.0,0.0,0,1,0,0,0,2026-08-19T06:20:14.476261+00:00,2026-08-19T06:20:53.240668+00:00
11,252,Mendy,10,MID,43,1.206,1.2694,0.48,0.1144,0.4556,0.0004,1,1,25,0,2026-08-19T06:20:14.476261+00:00,2026-08-19T06:20:53.240668+00:00
11,253,Vestergaard,10,DEF,39,0,0,0.0,0.0,0.0,0,1,0,0,0,2026-08-19T06:20:14.476261+00:00,2026-08-19T06:20:53.240668+00:00
11,254,Ward,10,GKP,41,0.1052,0.5918,0.02,0.0392,0.0217,0.0,1,6,90,1,2026-08-19T06:20:14.476261+00:00,2026-08-19T06:20:53.240668+00:00
11,255,Vardy,10,FWD,92,1.1444,1.8528,0.28,0.2016,0.2765,0.0068,1,0,25,0,2026-08-19T06:20:14.476261+00:00,2026-08-19T06:20:53.240668+00:00
11,256,Ricardo,10,DEF,43,0.9212,1.8939,0.22,0.1716,0.2183,0.0048,1,0,0,0,2026-08-19T06:20:14.476261+00:00,2026-08-19T06:20:53.240668+00:00
11,257,Amartey,10,DEF,43,0.872,1.6334,0.22,0.1716,0.2183,0.0016,1,6,90,1,2026-08-19T06:20:14.476261+00:00,2026-08-19T06:20:53.240668+00:00
11,258,Castagne,10,DEF,44,0.92,1.7476,0.22,0.1716,0.2183,0.0012,1,6,90,1,2026-08-19T06:20:14.476261+00:00,2026-08-19T06:20:53.240668+00:00
11,259,Tielemans,10,MID,63,1.1708,1.7255,0.28,0.2016,0.2765,0.0016,1,3,81,1,2026-08-19T06:20:14.476261+00:00,2026-08-19T06:20:53.240668+00:00
11,260,Pérez,10,MID,48,0,0,0.0,0.0,0.0,0,1,0,0,0,2026-08-19T06:20:14.476261+00:00,2026-08-19T06:20:53.240668+00:00
11,261,Maddison,10,MID,83,1.1584,1.8694,0.28,0.2016,0.2765,0.0052,1,2,90,1,2026-08-19T06:20:14.476261+00:00,2026-08-19T06:20:53.240668+00:00
11,262,Iheanacho,10,FWD,62,1.7492,2.2901,0.45,0.154,0.4308,0.0152,1,1,5,0,2026-08-19T06:20:14.476261+00:00,2026-08-19T06:20:53.240668+00:00
11,263,Choudhury,10,MID,45,0,0,0.0,0.0,0.0,0,1,0,0,0,2026-08-19T06:20:14.476261+00:00,2026-08-19T06:20:53.240668+00:00
11,264,Barnes,10,MID,69,1.1332,1.7038,0.28,0.2016,0.2765,0.0032,1,3,84,1,2026-08-19T06:20:14.476261+00:00,2026-08-19T06:20:53.240668+00:00
11,265,Ndidi,10,MID,48,0.5648,1.068,0.14,0.1892,0.1453,0.0008,1,0,0,0,2026-08-19T06:20:14.476261+00:00,2026-08-19T06:20:53.240668+00:00
11,266,Dewsbury-Hall,10,MID,50,1.0116,1.5317,0.28,0.1584,0.2731,0.0028,1,3,90,1,2026-08-19T06:20:14.476261+00:00,2026-08-19T06:20:53.240668+00:00
11,267,Söyüncü,10,DEF,42,0,0,0.0,0.0,0.0,0,1,0,0,0,2026-08-19T06:20:14.476261+00:00,2026-08-19T06:20:53.240668+00:00
11,268,Justin,10,DEF,43,0,0,0.0,0.0,0.0,0,1,6,90,1,2026-08-19T06:20:14.476261+00:00,2026-08-19T06:20:53.240668+00:00
11,269,Soumaré,10,MID,44,0.8828,1.2599,0.28,0.1584,0.2731,0.0,1,3,64,1,2026-08-19T06:20:14.476261+00:00,2026-08-19T06:20:53.240668+00:00
11,270,Thomas,10,DEF,43,0.49,1.2037,0.1,0.198,0.1088,0.0012,1,0,0,0,2026-08-19T06:20:14.476261+00:00,2026-08-19T06:20:53.240668+00:00
11,271,Daka,10,FWD,57,0.976,1.3969,0.28,0.2016,0.2765,0.0008,1,2,64,1,2026-08-19T06:20:14.476261+00:00,2026-08-19T06:20:53.240668+00:00
11,273,Brunt,10,DEF,39,0.476,1.1361,0.1,0.198,0.1088,0.0,1,0,0,0,2026-08-19T06:20:14.476261+00:00,2026-08-19T06:20:53.240668+00:00
11,548,Iversen,10,GKP,39,0.1848,0.7734,0.04,0.0384,0.0403,0.0,1,0,0,0,2026-08-19T06:20:14.476261+00:00,2026-08-19T06:20:53.240668+00:00
11,549,Praet,10,MID,49,0.7048,1.2765,0.18,0.1804,0.1818,0.0,1,1,8,0,2026-08-19T06:20:14.476261+00:00,2026-08-19T06:20:53.240668+00:00
11,581,Smithies,10,GKP,40,3.0832,2.2641,0.88,0.0048,0.8188,0.0012,1,0,0,0,2026-08-19T06:20:14.476261+00:00,2026-08-19T06:20:53.240668+00:00
11,612,Faes,10,DEF,45,0.5388,1.2701,0.1,0.198,0.1088,0.0008,1,6,90,1,2026-08-19T06:20:14.476261+00:00,2026-08-19T06:20:53.240668+00:00
11,639,Braybrooke,10,MID,45,0,0,0.0,0.0,0.0,0,1,0,0,0,2026-08-19T06:20:14.476261+00:00,2026-08-19T06:20:53.240668+00:00
11,645,Wormleighton,10,DEF,40,0.5192,1.2062,0.1,0.198,0.1088,0.0004,1,,,,2026-08-19T06:20:14.476261+00:00,
11,687,McAteer,10,MID,45,0,0,0.0,0.0,0.0,0,1,,,,2026-08-19T06:20:14.476261+00:00,
11,709,Kristiansen,10,DEF,45,0.5484,1.3477,0.1,0.198,0.1088,0.0028,1,,,,2026-08-19T06:20:14.476261+00:00,
11,715,Tetê,10,MID,49,0.7304,1.3303,0.18,0.1804,0.1818,0.0008,1,,,,2026-08-19T06:20:14.476261+00:00,
11,727,Souttar,10,DEF,45,0.5376,1.3016,0.1,0.198,0.1088,0.0016,1,,,,2026-08-19T06:20:14.476261+00:00,
11,735,Marçal-Madivadua,10,MID,45,0.4448,0.9144,0.1,0.198,0.1088,0.0,1,,,,2026-08-19T06:20:14.476261+00:00,
11,221,Cooper,11,DEF,44,0.502,1.1846,0.1,0.198,0.1088,0.0008,1,2,90,1,2026-08-19T06:20:14.476261+00:00,2026-08-19T06:20:53.240668+00:00
11,222,Ayling,11,DEF,45,0.5172,1.2617,0.1,0.198,0.1088,0.0012,1,0,0,0,2026-08-19T06:20:14.476261+00:00,2026-08-19T06:20:53.240668+00:00
11,223,Klich,11,MID,47,0,0,0.0,0.0,0.0,0,1,1,15,0,2026-08-19T06:20:14.476261+00:00,2026-08-19T06:20:53.240668+00:00
11,224,Forshaw,11,MID,44,0.468,0.9955,0.1,0.198,0.1088,0.0008,1,0,0,0,2026-08-19T06:20:14.476261+00:00,2026-08-19T06:20:53.240668+00:00
11,225,Rodrigo,11,MID,63,0.7876,1.5464,0.14,0.2408,0.1495,0.0028,1,1,45,1,2026-08-19T06:20:14.476261+00:00,2026-08-19T06:20:53.240668+00:00
11,226,Dallas,11,DEF,49,0,0,0.0,0.0,0.0,0,1,0,0,0,2026-08-19T06:20:14.476261+00:00,2026-08-19T06:20:53.240668+00:00
11,227,Bamford,11,FWD,72,1.4996,2.1687,0.36,0.1792,0.3491,0.012,1,-1,45,1,2026-08-19T06:20:14.476261+00:00,2026-08-19T06:20:53.240668+00:00
11,228,Llorente,11,DEF,45,0,0,0.0,0.0,0.0,0,1,0,0,0,2026-08-19T06:20:14.476261+00:00,2026-08-19T06:20:53.240668+00:00
11,229,Roberts,11,MID,50,0,0,0.0,0.0,0.0,0,1,0,0,0,2026-08-19T06:20:14.476261+00:00,2026-08-19T06:20:53.240668+00:00
11,230,Koch,11,DEF,45,0.772,1.4544,0.22,0.1716,0.2183,0.0,1,2,90,1,2026-08-19T06:20:14.476261+00:00,2026-08-19T06:20:53.240668+00:00
11,232,Raphinha,11,MID,70,0,0,0.0,0.0,0.0,0,1,0,0,0,2026-08-19T06:20:14.476261+00:00,2026-08-19T06:20:53.240668+00:00
11,233,Harrison,11,MID,61,1.2256,1.7984,0.28,0.2016,0.2765,0.0028,1,2,75,1,2026-08-19T06:20:14.476261+00:00,2026-08-19T06:20:53.240668+00:00
11,234,Shackleton,11,MID,45,0,0,0.0,0.0,0.0,0,1,0,0,0,2026-08-19T06:20:14.476261+00:00,2026-08-19T06:20:53.240668+00:00
11,235,Struijk,11,DEF,45,0.9344,1.7978,0.22,0.1716,0.2183,0.0024,1,2,90,1,2026-08-19T06:20:14.476261+00:00,2026-08-19T06:20:53.240668+00:00
11,236,Klaesson,11,GKP,39,0.2736,1.2199,0.04,0.0384,0.0403,0.0028,1,0,0,0,2026-08-19T06:20:14.476261+00:00,2026-08-19T06:20:53.240668+00:00
11,237,Greenwood,11,FWD,43,0.448,0.8911,0.1,0.198,0.1088,0.0,1,0,0,0,2026-08-19T06:20:14.476261+00:00,2026-08-19T06:20:53.240668+00:00
11,238,Meslier,11,GKP,45,3.524,2.4152,0.88,0.0048,0.8188,0.004,1,3,90,1,2026-08-19T06:20:14.476261+00:00,2026-08-19T06:20:53.240668+00:00
11,239,Firpo,11,DEF,45,0.5376,1.3153,0.1,0.198,0.1088,0.0008,1,0,0,0,2026-08-19T06:20:14.476261+00:00,2026-08-19T06:20:53.240668+00:00
11,240,Summerville,11,MID,44,0.4724,0.9904,0.1,0.198,0.1088,0.0008,1,1,6,0,2026-08-19T06:20:14.476261+00:00,2026-08-19T06:20:53.240668+00:00
11,241,Bate,11,MID,45,0,0,0.0,0.0,0.0,0,1,0,0,0,2026-08-19T06:20:14.476261+00:00,2026-08-19T06:20:53.240668+00:00
11,242,Gelhardt,11,FWD,52,0,0,0.0,0.0,0.0,0,1,1,1,0,2026-08-19T06:20:14.476261+00:00,2026-08-19T06:20:53.240668+00:00
11,243,Hjelde,11,DEF,39,0,0,0.0,0.0,0.0,0,1,0,0,0,2026-08-19T06:20:14.476261+00:00,2026-08-19T06:20:53.240668+00:00
11,244,Kristensen,11,DEF,48,0.9308,1.6478,0.28,0.1584,0.2731,0.0012,1,2,90,1,2026-08-19T06:20:14.476261+00:00,2026-08-19T06:20:53.240668+00:00
11,245,Roca,11,MID,49,0.8692,1.3697,0.28,0.1584,0.2731,0.0,1,2,83,1,2026-08-19T06:20:14.476261+00:00,2026-08-19T06:20:53.240668+00:00
11,246,Aaronson,11,MID,55,0.9724,1.4135,0.28,0.2016,0.2765,0.0012,1,2,90,1,2026-08-19T06:20:14.476261+00:00,2026-08-19T06:20:53.240668+00:00
11,247,Gyabi,11,MID,43,0,0,0.0,0.0,0.0,0,1,0,0,0,2026-08-19T06:20:14.476261+00:00,2026-08-19T06:20:53.240668+00:00
11,506,Adams,11,MID,50,0,0,0.0,0.0,0.0,0,1,2,90,1,2026-08-19T06:20:14.476261+00:00,2026-08-19T06:20:53.240668+00:00
11,508,Sinisterra,11,MID,65,0,0,0.0,0.0,0.0,0,1,2,88,1,2026-08-19T06:20:14.476261+00:00,2026-08-19T06:20:53.240668+00:00
11,547,Drameh,11,DEF,40,0,0,0.0,0.0,0.0,0,1,0,0,0,2026-08-19T06:20:14.476261+00:00,2026-08-19T06:20:53.240668+00:00
11,565,Gray,11,MID,45,0,0,0.0,0.0,0.0,0,1,0,0,0,2026-08-19T06:20:14.476261+00:00,2026-08-19T06:20:53.240668+00:00
11,578,Robles,11,GKP,40,0.1884,0.8834,0.04,0.0384,0.0403,0.0,1,0,0,0,2026-08-19T06:20:14.476261+00:00,2026-08-19T06:20:53.240668+00:00
11,619,Gnonto,11,FWD,50,0.6504,1.2339,0.18,0.1804,0.1818,0.0012,1,0,0,0,2026-08-19T06:20:14.476261+00:00,2026-08-19T06:20:53.240668+00:00
11,659,Mateo Joseph,11,FWD,45,0,0,0.0,0.0,0.0,0,1,,,,2026-08-19T06:20:14.476261+00:00,
11,663,Perkins,11,FWD,45,0.484,1.0051,0.1,0.198,0.1088,0.0008,1,,,,2026-08-19T06:20:14.476261+00:00,
11,691,Wöber,11,DEF,44,0.5372,1.2833,0.1,0.198,0.1088,0.0008,1,,,,2026-08-19T06:20:14.476261+00:00,
11,700,Rutter,11,FWD,50,0.6612,1.1774,0.18,0.1804,0.1818,0.0004,1,,,,2026-08-19T06:20:14.476261+00:00,
11,720,McKennie,11,MID,46,0.6228,1.2064,0.18,0.1804,0.1818,0.0004,1,,,,2026-08-19T06:20:14.476261+00:00,
11,742,Chilokoa-Mullen,11,DEF,40,0.5116,1.1893,0.1,0.198,0.1088,0.0004,1,,,,2026-08-19T06:20:14.476261+00:00,
11,743,Monteiro,11,DEF,40,0.5284,1.2826,0.1,0.198,0.1088,0.0012,1,,,,2026-08-19T06:20:14.476261+00:00,
11,274,Milner,12,MID,45,0.51,1.2413,0.1,0.198,0.1088,0.0008,1,3,90,1,2026-08-19T06:20:14.476261+00:00,2026-08-19T06:20:53.240668+00:00
11,275,Henderson,12,MID,53,0.944,1.4283,0.28,0.1584,0.2731,0.0012,1,1,17,0,2026-08-19T06:20:14.476261+00:00,2026-08-19T06:20:53.240668+00:00
11,276,Matip,12,DEF,59,1.6068,2.1729,0.45,0.154,0.4308,0.0048,1,0,0,0,2026-08-19T06:20:14.476261+00:00,2026-08-19T06:20:53.240668+00:00
11,277,Thiago,12,MID,52,0,0,0.0,0.0,0.0,0,1,2,90,1,2026-08-19T06:20:14.476261+00:00,2026-08-19T06:20:53.240668+00:00
11,278,Chamberlain,12,MID,49,1.1456,1.8983,0.28,0.1584,0.2731,0.004,1,0,0,0,2026-08-19T06:20:14.476261+00:00,2026-08-19T06:20:53.240668+00:00
11,279,Firmino,12,FWD,80,1.3056,2.0356,0.28,0.2016,0.2765,0.0048,1,2,71,1,2026-08-19T06:20:14.476261+00:00,2026-08-19T06:20:53.240668+00:00
11,280,Van Dijk,12,DEF,64,1.1004,1.8399,0.28,0.2016,0.2765,0.002,1,8,90,1,2026-08-19T06:20:14.476261+00:00,2026-08-19T06:20:53.240668+00:00
11,281,Alisson,12,GKP,54,3.1788,2.2264,0.88,0.0096,0.8192,0.0012,1,14,90,1,2026-08-19T06:20:14.476261+00:00,2026-08-19T06:20:53.240668+00:00
11,282,Fabinho,12,MID,53,0.9176,1.4424,0.28,0.1584,0.2731,0.0012,1,2,72,1,2026-08-19T06:20:14.476261+00:00,2026-08-19T06:20:53.240668+00:00
11,283,Salah,12,MID,127,1.7768,2.8214,0.28,0.2016,0.2765,0.0272,1,8,89,1,2026-08-19T06:20:14.476261+00:00,2026-08-19T06:20:53.240668+00:00
11,284,Robertson,12,DEF,67,0.7252,1.4782,0.14,0.2408,0.1495,0.002,1,6,90,1,2026-08-19T06:20:14.476261+00:00,2026-08-19T06:20:53.240668+00:00
11,285,Alexander-Arnold,12,DEF,73,1.2508,2.0708,0.28,0.2016,0.2765,0.0056,1,1,1,0,2026-08-19T06:20:14.476261+00:00,2026-08-19T06:20:53.240668+00:00
11,286,Gomez,12,DEF,45,0.8024,1.5565,0.22,0.1716,0.2183,0.0016,1,8,90,1,2026-08-19T06:20:14.476261+00:00,2026-08-19T06:20:53.240668+00:00
11,287,Keita,12,MID,48,0,0,0.0,0.0,0.0,0,1,0,0,0,2026-08-19T06:20:14.476261+00:00,2026-08-19T06:20:53.240668+00:00
11,288,Diogo Jota,12,FWD,89,2.626,2.5317,0.72,0.0784,0.6759,0.0256,1,1,90,1,2026-08-19T06:20:14.476261+00:00,2026-08-19T06:20:53.240668+00:00
11,289,Kelleher,12,GKP,40,0.1696,0.8253,0.04,0.0384,0.0403,0.0012,1,0,0,0,2026-08-19T06:20:14.476261+00:00,2026-08-19T06:20:53.240668+00:00
11,290,Konaté,12,DEF,48,0.5232,1.2642,0.09,0.2002,0.0997,0.0008,1,0,0,0,2026-08-19T06:20:14.476261+00:00,2026-08-19T06:20:53.240668+00:00
11,291,Jones,12,MID,49,1.7468,2.0701,0.48,0.1144,0.4556,0.0056,1,0,0,0,2026-08-19T06:20:14.476261+00:00,2026-08-19T06:20:53.240668+00:00
11,292,Tsimikas,12,DEF,45,0.502,1.2031,0.1,0.198,0.1088,0.0008,1,1,1,0,2026-08-19T06:20:14.476261+00:00,2026-08-19T06:20:53.240668+00:00
11,293,Luis Díaz,12,MID,80,1.2164,1.9986,0.28,0.2016,0.2765,0.0076,1,0,0,0,2026-08-19T06:20:14.476261+00:00,2026-08-19T06:20:53.240668+00:00
11,294,Elliott,12,MID,50,1.058,1.505,0.28,0.1584,0.2731,0.0004,1,3,72,1,2026-08-19T06:20:14.476261+00:00,2026-08-19T06:20:53.240668+00:00
11,296,Carvalho,12,MID,54,0.666,1.2493,0.18,0.1804,0.1818,0.0,1,1,17,0,2026-08-19T06:20:14.476261+00:00,2026-08-19T06:20:53.240668+00:00
11,297,Darwin,12,FWD,88,1.412,2.0796,0.36,0.1792,0.3491,0.0104,1,1,18,0,2026-08-19T06:20:14.476261+00:00,2026-08-19T06:20:53.240668+00:00
11,298,Ramsay,12,DEF,39,0,0,0.0,0.0,0.0,0,1,0,0,0,2026-08-19T06:20:14.476261+00:00,2026-08-19T06:20:53.240668+00:00
11,497,Adrián,12,GKP,39,0.1968,0.8555,0.04,0.0384,0.0403,0.0,1,0,0,0,2026-08-19T06:20:14.476261+00:00,2026-08-19T06:20:53.240668+00:00
11,498,R.Williams,12,DEF,40,0,0,0.0,0.0,0.0,0,1,0,0,0,2026-08-19T06:20:14.476261+00:00,2026-08-19T06:20:53.240668+00:00
11,499,Davies,12,DEF,40,0,0,0.0,0.0,0.0,0,1,0,0,0,2026-08-19T06:20:14.476261+00:00,2026-08-19T06:20:53.240668+00:00
11,500,Van den Berg,12,DEF,40,0,0,0.0,0.0,0.0,0,1,0,0,0,2026-08-19T06:20:14.476261+00:00,2026-08-19T06:20:53.240668+00:00
11,501,Phillips,12,DEF,40,0.5188,1.1983,0.1,0.198,0.1088,0.0008,1,0,0,0,2026-08-19T06:20:14.476261+00:00,2026-08-19T06:20:53.240668+00:00
11,563,Chambers,12,DEF,40,0,0,0.0,0.0,0.0,0,1,0,0,0,2026-08-19T06:20:14.476261+00:00,2026-08-19T06:20:53.240668+00:00
11,564,Bajcetic,12,MID,45,0,0,0.0,0.0,0.0,0,1,0,0,0,2026-08-19T06:20:14.476261+00:00,2026-08-19T06:20:53.240668+00:00
11,584,Clark,12,MID,45,0.4784,0.9618,0.1,0.198,0.1088,0.0004,1,0,0,0,2026-08-19T06:20:14.476261+00:00,2026-08-19T06:20:53.240668+00:00
11,592,H.Davies,12,GKP,40,0.178,0.8169,0.04,0.0384,0.0403,0.0004,1,0,0,0,2026-08-19T06:20:14.476261+00:00,2026-08-19T06:20:53.240668+00:00
11,620,Arthur,12,MID,49,0.7084,1.275,0.18,0.1804,0.1818,0.0,1,0,0,0,2026-08-19T06:20:14.476261+00:00,2026-08-19T06:20:53.240668+00:00
11,665,Doak,12,MID,45,0.4592,0.9461,0.1,0.198,0.1088,0.0,1,,,,2026-08-19T06:20:14.476261+00:00,
11,680,Gakpo,12,MID,76,2.8228,2.6576,0.72,0.0784,0.6759,0.0272,1,,,,2026-08-19T06:20:14.476261+00:00,
11,299,Walker,13,DEF,49,0.8556,1.5385,0.28,0.1584,0.2731,0.0,1,0,0,0,2026-08-19T06:20:14.476261+00:00,2026-08-19T06:20:53.240668+00:00
11,300,Gündogan,13,MID,74,1.218,1.848,0.28,0.2016,0.2765,0.0036,1,2,88,1,2026-08-19T06:20:14.476261+00:00,2026-08-19T06:20:53.240668+00:00
11,301,De Bruyne,13,MID,124,1.5576,2.4381,0.28,0.2016,0.2765,0.0152,1,2,90,1,2026-08-19T06:20:14.476261+00:00,2026-08-19T06:20:53.240668+00:00
11,302,Stones,13,DEF,54,0.9552,1.6824,0.28,0.1584,0.2731,0.0008,1,0,0,0,2026-08-19T06:20:14.476261+00:00,2026-08-19T06:20:53.240668+00:00
11,303,Mahrez,13,MID,75,1.2268,1.9094,0.28,0.2016,0.2765,0.006,1,0,0,0,2026-08-19T06:20:14.476261+00:00,2026-08-19T06:20:53.240668+00:00
11,305,Grealish,13,MID,68,0.6864,1.3163,0.14,0.2408,0.1495,0.0012,1,0,0,0,2026-08-19T06:20:14.476261+00:00,2026-08-19T06:20:53.240668+00:00
11,306,Cancelo,13,DEF,73,0,0,0.0,0.0,0.0,0,1,2,90,1,2026-08-19T06:20:14.476261+00:00,2026-08-19T06:20:53.240668+00:00
11,307,Ederson,13,GKP,55,2.4516,1.9826,0.88,0.0096,0.8192,0.0004,1,2,90,1,2026-08-19T06:20:14.476261+00:00,2026-08-19T06:20:53.240668+00:00
11,308,Aké,13,DEF,50,0.5416,1.1826,0.14,0.1892,0.1453,0.0004,1,2,90,1,2026-08-19T06:20:14.476261+00:00,2026-08-19T06:20:53.240668+00:00
11,309,Laporte,13,DEF,58,0.8272,1.6002,0.225,0.217,0.2266,0.0024,1,0,0,0,2026-08-19T06:20:14.476261+00:00,2026-08-19T06:20:53.240668+00:00
11,310,Steffen,13,GKP,40,0,0,0.0,0.0,0.0,0,1,0,0,0,2026-08-19T06:20:14.476261+00:00,2026-08-19T06:20:53.240668+00:00
11,311,Bernardo,13,MID,70,1.2764,1.8825,0.28,0.2016,0.2765,0.0044,1,2,90,1,2026-08-19T06:20:14.476261+00:00,2026-08-19T06:20:53.240668+00:00
11,312,Dias,13,DEF,59,0.6368,1.2636,0.14,0.2408,0.1495,0.0004,1,2,90,1,2026-08-19T06:20:14.476261+00:00,2026-08-19T06:20:53.240668+00:00
11,314,Foden,13,MID,82,1.2152,1.8802,0.28,0.2016,0.2765,0.0072,1,2,90,1,2026-08-19T06:20:14.476261+00:00,2026-08-19T06:20:53.240668+00:00
11,315,Rodri,13,MID,57,0.8916,1.3815,0.28,0.2016,0.2765,0.0012,1,2,90,1,2026-08-19T06:20:14.476261+00:00,2026-08-19T06:20:53.240668+00:00
11,316,Palmer,13,MID,43,0.4128,0.8416,0.1,0.198,0.1088,0.0,1,0,0,0,2026-08-19T06:20:14.476261+00:00,2026-08-19T06:20:53.240668+00:00
11,317,McAtee,13,MID,45,0,0,0.0,0.0,0.0,0,1,0,0,0,2026-08-19T06:20:14.476261+00:00,2026-08-19T06:20:53.240668+00:00
11,318,Haaland,13,FWD,122,1.4916,2.2784,0.28,0.2016,0.2765,0.0104,1,2,90,1,2026-08-19T06:20:14.476261+00:00,2026-08-19T06:20:53.240668+00:00
11,319,Álvarez,13,FWD,61,1.3352,1.6855,0.45,0.154,0.4308,0.004,1,1,1,0,2026-08-19T06:20:14.476261+00:00,2026-08-19T06:20:53.240668+00:00
11,320,Mbete,13,DEF,39,0,0,0.0,0.0,0.0,0,1,0,0,0,2026-08-19T06:20:14.476261+00:00,2026-08-19T06:20:53.240668+00:00
11,322,Wilson-Esbrand,13,DEF,38,0,0,0.0,0.0,0.0,0,1,0,0,0,2026-08-19T06:20:14.476261+00:00,2026-08-19T06:20:53.240668+00:00
11,323,Delap,13,FWD,44,0,0,0.0,0.0,0.0,0,1,0,0,0,2026-08-19T06:20:14.476261+00:00,2026-08-19T06:20:53.240668+00:00
11,324,Ortega,13,GKP,38,0.1944,0.8353,0.04,0.0384,0.0403,0.0,1,0,0,0,2026-08-19T06:20:14.476261+00:00,2026-08-19T06:20:53.240668+00:00
11,325,Phillips,13,MID,48,0.6536,1.1736,0.18,0.1804,0.1818,0.0004,1,0,0,0,2026-08-19T06:20:14.476261+00:00,2026-08-19T06:20:53.240668+00:00
11,502,Carson,13,GKP,39,0.1612,0.7691,0.04,0.0384,0.0403,0.0,1,0,0,0,2026-08-19T06:20:14.476261+00:00,2026-08-19T06:20:53.240668+00:00
11,573,Lewis,13,DEF,39,0.454,1.0585,0.1,0.198,0.1088,0.0004,1,0,0,0,2026-08-19T06:20:14.476261+00:00,2026-08-19T06:20:53.240668+00:00
11,587,Sergio Gómez,13,DEF,45,0.46,1.1028,0.1,0.198,0.1088,0.0004,1,0,0,0,2026-08-19T06:20:14.476261+00:00,2026-08-19T06:20:53.240668+00:00
11,599,Gomes,13,MID,45,0,0,0.0,0.0,0.0,0,1,0,0,0,2026-08-19T06:20:14.476261+00:00,2026-08-19T06:20:53.240668+00:00
11,600,Knight,13,MID,45,0.4584,0.9341,0.1,0.198,0.1088,0.0,1,0,0,0,2026-08-19T06:20:14.476261+00:00,2026-08-19T06:20:53.240668+00:00
11,610,Akanji,13,DEF,50,0.4068,0.9675,0.09,0.2002,0.0997,0.0,1,1,90,1,2026-08-19T06:20:14.476261+00:00,2026-08-19T06:20:53.240668+00:00
11,712,Perrone,13,MID,44,0,0,0.0,0.0,0.0,0,1,,,,2026-08-19T06:20:14.476261+00:00,
11,772,Robertson,13,MID,45,0.4216,0.8585,0.1,0.198,0.1088,0.0,1,,,,2026-08-19T06:20:14.476261+00:00,
11,773,Charles,13,MID,45,0.45,0.9372,0.1,0.198,0.1088,0.0004,1,,,,2026-08-19T06:20:14.476261+00:00,
11,774,O'Reilly,13,MID,45,0.4816,0.9527,0.1,0.198,0.1088,0.0004,1,,,,2026-08-19T06:20:14.476261+00:00,
11,162,Butland,14,GKP,44,3.2368,2.3368,0.88,0.0048,0.8188,0.0016,1,0,0,0,2026-08-19T06:20:14.476261+00:00,2026-08-19T06:20:53.240668+00:00
11,326,Ronaldo,14,FWD,102,0,0,0.0,0.0,0.0,0,1,1,71,1,2026-08-19T06:20:14.476261+00:00,2026-08-19T06:20:53.240668+00:00
11,327,De Gea,14,GKP,49,0.3616,1.1514,0.08,0.0736,0.0803,0.0,1,6,90,1,2026-08-19T06:20:14.476261+00:00,2026-08-19T06:20:53.240668+00:00
11,328,Jones,14,DEF,39,0.4432,1.0874,0.1,0.198,0.1088,0.0004,1,0,0,0,2026-08-19T06:20:14.476261+00:00,2026-08-19T06:20:53.240668+00:00
11,329,Varane,14,DEF,48,1.0432,1.7575,0.28,0.1584,0.2731,0.0012,1,6,90,1,2026-08-19T06:20:14.476261+00:00,2026-08-19T06:20:53.240668+00:00
11,330,Maguire,14,DEF,47,0.7432,1.5181,0.18,0.1804,0.1818,0.0012,1,0,0,0,2026-08-19T06:20:14.476261+00:00,2026-08-19T06:20:53.240668+00:00
11,331,Fred,14,MID,51,0.69,1.2785,0.18,0.1804,0.1818,0.0012,1,3,90,1,2026-08-19T06:20:14.476261+00:00,2026-08-19T06:20:53.240668+00:00
11,332,Shaw,14,DEF,47,0.4516,1.1431,0.09,0.2002,0.0997,0.0012,1,6,90,1,2026-08-19T06:20:14.476261+00:00,2026-08-19T06:20:53.240668+00:00
11,333,Fernandes,14,MID,98,1.2656,2.1619,0.28,0.2016,0.2765,0.0112,1,2,90,1,2026-08-19T06:20:14.476261+00:00,2026-08-19T06:20:53.240668+00:00
11,334,Telles,14,DEF,50,0,0,0.0,0.0,0.0,0,1,0,0,0,2026-08-19T06:20:14.476261+00:00,2026-08-19T06:20:53.240668+00:00
11,335,Rashford,14,MID,65,1.2996,1.9664,0.28,0.2016,0.2765,0.0032,1,1,18,0,2026-08-19T06:20:14.476261+00:00,2026-08-19T06:20:53.240668+00:00
11,336,Van de Beek,14,MID,51,0,0,0.0,0.0,0.0,0,1,0,0,0,2026-08-19T06:20:14.476261+00:00,2026-08-19T06:20:53.240668+00:00
11,337,Lindelöf,14,DEF,43,0.5372,1.2783,0.1,0.198,0.1088,0.0008,1,0,0,0,2026-08-19T06:20:14.476261+00:00,2026-08-19T06:20:53.240668+00:00
11,338,McTominay,14,MID,49,0.7948,1.2518,0.28,0.1584,0.2731,0.0004,1,0,0,0,2026-08-19T06:20:14.476261+00:00,2026-08-19T06:20:53.240668+00:00
11,339,Bailly,14,DEF,40,0,0,0.0,0.0,0.0,0,1,0,0,0,2026-08-19T06:20:14.476261+00:00,2026-08-19T06:20:53.240668+00:00
11,340,Sancho,14,MID,73,1.4248,2.138,0.28,0.2016,0.2765,0.008,1,3,90,1,2026-08-19T06:20:14.476261+00:00,2026-08-19T06:20:53.240668+00:00
11,341,Wan-Bissaka,14,DEF,43,0.5468,1.2908,0.1,0.198,0.1088,0.0004,1,0,0,0,2026-08-19T06:20:14.476261+00:00,2026-08-19T06:20:53.240668+00:00
11,342,Dalot,14,DEF,45,0.9128,1.8093,0.22,0.1716,0.2183,0.002,1,9,90,1,2026-08-19T06:20:14.476261+00:00,2026-08-19T06:20:53.240668+00:00
11,343,B.Williams,14,DEF,39,0.7864,1.5685,0.22,0.1404,0.2158,0.0,1,0,0,0,2026-08-19T06:20:14.476261+00:00,2026-08-19T06:20:53.240668+00:00
11,344,Elanga,14,MID,48,0.6364,1.1936,0.18,0.1804,0.1818,0.0008,1,0,0,0,2026-08-19T06:20:14.476261+00:00,2026-08-19T06:20:53.240668+00:00
11,345,Martial,14,FWD,69,1.8772,2.4411,0.45,0.154,0.4308,0.0224,1,0,0,0,2026-08-19T06:20:14.476261+00:00,2026-08-19T06:20:53.240668+00:00
11,347,Pellistri,14,MID,44,0.5176,1.0525,0.1,0.198,0.1088,0.0004,1,0,0,0,2026-08-19T06:20:14.476261+00:00,2026-08-19T06:20:53.240668+00:00
11,348,Heaton,14,GKP,39,0.1984,0.841,0.04,0.0384,0.0403,0.0,1,0,0,0,2026-08-19T06:20:14.476261+00:00,2026-08-19T06:20:53.240668+00:00
11,504,Malacia,14,DEF,45,0.8172,1.6459,0.22,0.1716,0.2183,0.002,1,0,0,0,2026-08-19T06:20:14.476261+00:00,2026-08-19T06:20:53.240668+00:00
11,519,Eriksen,14,MID,63,1.0024,1.5253,0.28,0.2016,0.2765,0.002,1,0,0,0,2026-08-19T06:20:14.476261+00:00,2026-08-19T06:20:53.240668+00:00
11,533,Martínez,14,DEF,45,0,0,0.0,0.0,0.0,0,1,6,90,1,2026-08-19T06:20:14.476261+00:00,2026-08-19T06:20:53.240668+00:00
11,550,Amad,14,MID,44,0,0,0.0,0.0,0.0,0,1,0,0,0,2026-08-19T06:20:14.476261+00:00,2026-08-19T06:20:53.240668+00:00
11,551,Iqbal,14,MID,43,0.4796,1.0192,0.1,0.198,0.1088,0.0004,1,0,0,0,2026-08-19T06:20:14.476261+00:00,2026-08-19T06:20:53.240668+00:00
11,569,Garnacho,14,MID,44,0.5112,0.9789,0.1,0.198,0.1088,0.0004,1,0,0,0,2026-08-19T06:20:14.476261+00:00,2026-08-19T06:20:53.240668+00:00
11,593,Casemiro,14,MID,49,0.6624,1.191,0.18,0.1804,0.1818,0.0,1,2,90,1,2026-08-19T06:20:14.476261+00:00,2026-08-19T06:20:53.240668+00:00
11,609,Antony,14,MID,76,1.486,2.1231,0.36,0.1792,0.3491,0.0084,1,3,90,1,2026-08-19T06:20:14.476261+00:00,2026-08-19T06:20:53.240668+00:00
11,615,Kovár,14,GKP,40,0,0,0.0,0.0,0.0,0,1,0,0,0,2026-08-19T06:20:14.476261+00:00,2026-08-19T06:20:53.240668+00:00
11,643,Mainoo,14,MID,45,0.4628,0.9742,0.1,0.198,0.1088,0.0,1,0,0,0,2026-08-19T06:20:14.476261+00:00,2026-08-19T06:20:53.240668+00:00
11,656,Bishop,14,GKP,40,0.1936,0.8706,0.04,0.0384,0.0403,0.0004,1,,,,2026-08-19T06:20:14.476261+00:00,
11,660,Shoretire,14,FWD,45,0,0,0.0,0.0,0.0,0,1,,,,2026-08-19T06:20:14.476261+00:00,
11,674,Bennett,14,DEF,40,0.5136,1.2407,0.1,0.198,0.1088,0.0008,1,,,,2026-08-19T06:20:14.476261+00:00,
11,701,Weghorst,14,FWD,54,2.2868,2.1554,0.68,0.0704,0.638,0.01,1,,,,2026-08-19T06:20:14.476261+00:00,
11,728,Sabitzer,14,MID,47,0,0,0.0,0.0,0.0,0,1,,,,2026-08-19T06:20:14.476261+00:00,
11,759,Jurado,14,DEF,40,0.4904,1.1489,0.1,0.198,0.1088,0.0004,1,,,,2026-08-19T06:20:14.476261+00:00,
11,195,Gordon,15,MID,55,0.8764,1.3152,0.28,0.2016,0.2765,0.0004,1,0,0,0,2026-08-19T06:20:14.476261+00:00,2026-08-19T06:20:53.240668+00:00
11,350,Ritchie,15,DEF,43,0,0,0.0,0.0,0.0,0,1,0,0,0,2026-08-19T06:20:14.476261+00:00,2026-08-19T06:20:53.240668+00:00
11,351,Fernández,15,DEF,44,0,0,0.0,0.0,0.0,0,1,0,0,0,2026-08-19T06:20:14.476261+00:00,2026-08-19T06:20:53.240668+00:00
11,352,Clark,15,DEF,45,0,0,0.0,0.0,0.0,0,1,0,0,0,2026-08-19T06:20:14.476261+00:00,2026-08-19T06:20:53.240668+00:00
11,353,Darlow,15,GKP,40,0,0,0.0,0.0,0.0,0,1,0,0,0,2026-08-19T06:20:14.476261+00:00,2026-08-19T06:20:53.240668+00:00
11,355,Dubravka,15,GKP,42,3.0328,2.1105,0.9,0.004,0.8373,0.0004,1,0,0,0,2026-08-19T06:20:14.476261+00:00,2026-08-19T06:20:53.240668+00:00
11,356,Wilson,15,FWD,73,1.194,1.9739,0.28,0.2016,0.2765,0.0088,1,2,77,1,2026-08-19T06:20:14.476261+00:00,2026-08-19T06:20:53.240668+00:00
11,357,Trippier,15,DEF,56,1.1096,1.8262,0.28,0.2016,0.2765,0.0016,1,6,90,1,2026-08-19T06:20:14.476261+00:00,2026-08-19T06:20:53.240668+00:00
11,358,Burn,15,DEF,45,0.7708,1.4609,0.22,0.1716,0.2183,0.0004,1,5,77,1,2026-08-19T06:20:14.476261+00:00,2026-08-19T06:20:53.240668+00:00
11,359,Fraser,15,MID,53,0.6856,1.2362,0.18,0.1804,0.1818,0.0008,1,1,31,0,2026-08-19T06:20:14.476261+00:00,2026-08-19T06:20:53.240668+00:00
11,360,Lascelles,15,DEF,43,0,0,0.0,0.0,0.0,0,1,1,1,0,2026-08-19T06:20:14.476261+00:00,2026-08-19T06:20:53.240668+00:00
11,361,Gayle,15,FWD,45,0,0,0.0,0.0,0.0,0,1,0,0,0,2026-08-19T06:20:14.476261+00:00,2026-08-19T06:20:53.240668+00:00
11,362,Dummett,15,DEF,39,0.4236,0.9772,0.1,0.198,0.1088,0.0,1,0,0,0,2026-08-19T06:20:14.476261+00:00,2026-08-19T06:20:53.240668+00:00
11,363,Manquillo,15,DEF,43,0,0,0.0,0.0,0.0,0,1,0,0,0,2026-08-19T06:20:14.476261+00:00,2026-08-19T06:20:53.240668+00:00
11,364,Krafth,15,DEF,43,0,0,0.0,0.0,0.0,0,1,0,0,0,2026-08-19T06:20:14.476261+00:00,2026-08-19T06:20:53.240668+00:00
11,365,Murphy,15,MID,43,0.4404,0.9009,0.1,0.198,0.1088,0.0008,1,1,58,1,2026-08-19T06:20:14.476261+00:00,2026-08-19T06:20:53.240668+00:00
11,366,Schär,15,DEF,48,0.8684,1.5935,0.28,0.1584,0.2731,0.0004,1,8,90,1,2026-08-19T06:20:14.476261+00:00,2026-08-19T06:20:53.240668+00:00
11,367,Targett,15,DEF,49,0.9132,1.5827,0.28,0.1584,0.2731,0.0008,1,1,12,0,2026-08-19T06:20:14.476261+00:00,2026-08-19T06:20:53.240668+00:00
11,368,Saint-Maximin,15,MID,63,1.0192,1.5514,0.28,0.2016,0.2765,0.002,1,0,0,0,2026-08-19T06:20:14.476261+00:00,2026-08-19T06:20:53.240668+00:00
11,369,Almirón,15,MID,52,1.028,1.4694,0.28,0.1584,0.2731,0.0012,1,3,90,1,2026-08-19T06:20:14.476261+00:00,2026-08-19T06:20:53.240668+00:00
11,370,S.Longstaff,15,MID,44,0.8476,1.2385,0.28,0.1584,0.2731,0.0,1,3,90,1,2026-08-19T06:20:14.476261+00:00,2026-08-19T06:20:53.240668+00:00
11,371,Joelinton,15,MID,60,0,0,0.0,0.0,0.0,0,1,3,90,1,2026-08-19T06:20:14.476261+00:00,2026-08-19T06:20:53.240668+00:00
11,372,Lewis,15,DEF,44,0.4952,1.1974,0.1,0.198,0.1088,0.0008,1,0,0,0,2026-08-19T06:20:14.476261+00:00,2026-08-19T06:20:53.240668+00:00
11,373,Willock,15,MID,49,0,0,0.0,0.0,0.0,0,1,1,12,0,2026-08-19T06:20:14.476261+00:00,2026-08-19T06:20:53.240668+00:00
11,374,Bruno Guimarães,15,MID,56,1.1576,1.6408,0.28,0.2016,0.2765,0.0012,1,3,77,1,2026-08-19T06:20:14.476261+00:00,2026-08-19T06:20:53.240668+00:00
11,375,Hendrick,15,MID,45,0,0,0.0,0.0,0.0,0,1,0,0,0,2026-08-19T06:20:14.476261+00:00,2026-08-19T06:20:53.240668+00:00
11,376,Pope,15,GKP,53,0,0,0.0,0.0,0.0,0,1,6,90,1,2026-08-19T06:20:14.476261+00:00,2026-08-19T06:20:53.240668+00:00
11,377,Botman,15,DEF,44,0.8068,1.4732,0.22,0.1716,0.2183,0.0008,1,7,90,1,2026-08-19T06:20:14.476261+00:00,2026-08-19T06:20:53.240668+00:00
11,552,Anderson,15,MID,45,0.454,0.9057,0.1,0.198,0.1088,0.0,1,0,0,0,2026-08-19T06:20:14.476261+00:00,2026-08-19T06:20:53.240668+00:00
11,555,Ashby,15,DEF,40,0.4464,1.1309,0.1,0.198,0.1088,0.0004,1,0,0,0,2026-08-19T06:20:14.476261+00:00,2026-08-19T06:20:53.240668+00:00
11,594,Isak,15,FWD,68,1.3224,1.6607,0.45,0.154,0.4308,0.0028,1,0,0,0,2026-08-19T06:20:14.476261+00:00,2026-08-19T06:20:53.240668+00:00
11,626,Karius,15,GKP,40,0.1632,0.76,0.04,0.0384,0.0403,0.0,1,0,0,0,2026-08-19T06:20:14.476261+00:00,2026-08-19T06:20:53.240668+00:00
11,683,Kuol,15,MID,45,0,0,0.0,0.0,0.0,0,1,,,,2026-08-19T06:20:14.476261+00:00,
11,741,Miley,15,MID,45,0.4504,0.9273,0.1,0.198,0.1088,0.0004,1,,,,2026-08-19T06:20:14.476261+00:00,
11,776,Gillespie,15,GKP,40,0.1604,0.7529,0.04,0.0384,0.0403,0.0,1,,,,2026-08-19T06:20:14.476261+00:00,
11,295,N.Williams,16,DEF,41,0,0,0.0,0.0,0.0,0,1,2,90,1,2026-08-19T06:20:14.476261+00:00,2026-08-19T06:20:53.240668+00:00
11,349,Shelvey,16,MID,48,2.0176,1.9577,0.68,0.0576,0.637,0.0072,1,0,0,0,2026-08-19T06:20:14.476261+00:00,2026-08-19T06:20:53.240668+00:00
11,354,Wood,16,FWD,56,0,0,0.0,0.0,0.0,0,1,1,12,0,2026-08-19T06:20:14.476261+00:00,2026-08-19T06:20:53.240668+00:00
11,378,Arter,16,MID,43,0.4504,0.9006,0.1,0.198,0.1088,0.0,1,0,0,0,2026-08-19T06:20:14.476261+00:00,2026-08-19T06:20:53.240668+00:00
11,379,Cook,16,DEF,44,0.628,1.2983,0.22,0.1716,0.2183,0.0,1,2,90,1,2026-08-19T06:20:14.476261+00:00,2026-08-19T06:20:53.240668+00:00
11,380,Lyle Taylor,16,FWD,43,0.4532,0.9274,0.1,0.198,0.1088,0.0,1,0,0,0,2026-08-19T06:20:14.476261+00:00,2026-08-19T06:20:53.240668+00:00
11,381,Colback,16,MID,43,0.3212,0.7002,0.05,0.209,0.0632,0.0,1,0,0,0,2026-08-19T06:20:14.476261+00:00,2026-08-19T06:20:53.240668+00:00
11,382,Samba,16,GKP,45,0,0,0.0,0.0,0.0,0,1,0,0,0,2026-08-19T06:20:14.476261+00:00,2026-08-19T06:20:53.240668+00:00
11,383,Cafú,16,MID,43,0.4384,0.8782,0.1,0.198,0.1088,0.0004,1,0,0,0,2026-08-19T06:20:14.476261+00:00,2026-08-19T06:20:53.240668+00:00
11,384,Lolley,16,MID,49,0,0,0.0,0.0,0.0,0,1,0,0,0,2026-08-19T06:20:14.476261+00:00,2026-08-19T06:20:53.240668+00:00
11,385,McKenna,16,DEF,44,0,0,0.0,0.0,0.0,0,1,1,90,1,2026-08-19T06:20:14.476261+00:00,2026-08-19T06:20:53.240668+00:00
11,386,Dräger,16,DEF,40,0,0,0.0,0.0,0.0,0,1,0,0,0,2026-08-19T06:20:14.476261+00:00,2026-08-19T06:20:53.240668+00:00
11,387,Yates,16,MID,50,0.7984,1.2426,0.28,0.1584,0.2731,0.0008,1,2,90,1,2026-08-19T06:20:14.476261+00:00,2026-08-19T06:20:53.240668+00:00
11,388,Worrall,16,DEF,43,0.6908,1.3888,0.22,0.1716,0.2183,0.0016,1,0,0,0,2026-08-19T06:20:14.476261+00:00,2026-08-19T06:20:53.240668+00:00
11,389,Panzo,16,DEF,40,0,0,0.0,0.0,0.0,0,1,0,0,0,2026-08-19T06:20:14.476261+00:00,2026-08-19T06:20:53.240668+00:00
11,390,Xande Silva,16,MID,50,0,0,0.0,0.0,0.0,0,1,0,0,0,2026-08-19T06:20:14.476261+00:00,2026-08-19T06:20:53.240668+00:00
11,391,Surridge,16,FWD,48,0.606,1.0651,0.18,0.1804,0.1818,0.0,1,1,1,0,2026-08-19T06:20:14.476261+00:00,2026-08-19T06:20:53.240668+00:00
11,392,Laryea,16,DEF,45,0,0,0.0,0.0,0.0,0,1,0,0,0,2026-08-19T06:20:14.476261+00:00,2026-08-19T06:20:53.240668+00:00
11,393,Mbe Soh,16,DEF,43,0,0,0.0,0.0,0.0,0,1,0,0,0,2026-08-19T06:20:14.476261+00:00,2026-08-19T06:20:53.240668+00:00
11,394,Johnson,16,FWD,58,0.9832,1.4321,0.28,0.2016,0.2765,0.0008,1,0,90,1,2026-08-19T06:20:14.476261+00:00,2026-08-19T06:20:53.240668+00:00
11,395,Mighten,16,MID,49,0,0,0.0,0.0,0.0,0,1,0,0,0,2026-08-19T06:20:14.476261+00:00,2026-08-19T06:20:53.240668+00:00
11,396,Ojeda,16,MID,45,0,0,0.0,0.0,0.0,0,1,0,0,0,2026-08-19T06:20:14.476261+00:00,2026-08-19T06:20:53.240668+00:00
11,397,Awoniyi,16,FWD,58,0.9016,1.3196,0.28,0.2016,0.2765,0.0008,1,1,6,0,2026-08-19T06:20:14.476261+00:00,2026-08-19T06:20:53.240668+00:00
11,398,Henderson,16,GKP,47,0,0,0.0,0.0,0.0,0,1,2,90,1,2026-08-19T06:20:14.476261+00:00,2026-08-19T06:20:53.240668+00:00
11,399,Biancone,16,DEF,43,0,0,0.0,0.0,0.0,0,1,0,0,0,2026-08-19T06:20:14.476261+00:00,2026-08-19T06:20:53.240668+00:00
11,474,Boly,16,DEF,42,0.4796,1.1152,0.1,0.198,0.1088,0.0004,1,0,0,0,2026-08-19T06:20:14.476261+00:00,2026-08-19T06:20:53.240668+00:00
11,493,Gibbs-White,16,MID,55,0.8972,1.2832,0.28,0.2016,0.2765,0.0008,1,2,90,1,2026-08-19T06:20:14.476261+00:00,2026-08-19T06:20:53.240668+00:00
11,507,Niakhaté,16,DEF,43,0.4596,1.0892,0.1,0.198,0.1088,0.0004,1,0,0,0,2026-08-19T06:20:14.476261+00:00,2026-08-19T06:20:53.240668+00:00
11,511,Richards,16,DEF,44,0,0,0.0,0.0,0.0,0,1,0,0,0,2026-08-19T06:20:14.476261+00:00,2026-08-19T06:20:53.240668+00:00
11,518,Hennessey,16,GKP,39,2.9808,2.1546,0.88,0.0048,0.8188,0.0012,1,0,0,0,2026-08-19T06:20:14.476261+00:00,2026-08-19T06:20:53.240668+00:00
11,523,Toffolo,16,DEF,44,0.7268,1.4015,0.22,0.1716,0.2183,0.0004,1,2,88,1,2026-08-19T06:20:14.476261+00:00,2026-08-19T06:20:53.240668+00:00
11,524,O'Brien,16,MID,49,0,0,0.0,0.0,0.0,0,1,0,0,0,2026-08-19T06:20:14.476261+00:00,2026-08-19T06:20:53.240668+00:00
11,527,Lingard,16,MID,56,0.5784,1.0219,0.14,0.2408,0.1495,0.0,1,1,20,0,2026-08-19T06:20:14.476261+00:00,2026-08-19T06:20:53.240668+00:00
11,536,Mangala,16,MID,49,0.6692,1.1968,0.18,0.1804,0.1818,0.0008,1,1,20,0,2026-08-19T06:20:14.476261+00:00,2026-08-19T06:20:53.240668+00:00
11,553,Hammond,16,MID,44,0.4404,0.9066,0.1,0.198,0.1088,0.0,1,0,0,0,2026-08-19T06:20:14.476261+00:00,2026-08-19T06:20:53.240668+00:00
11,582,Freuler,16,MID,50,0.9116,1.3135,0.28,0.1584,0.2731,0.0012,1,2,83,1,2026-08-19T06:20:14.476261+00:00,2026-08-19T06:20:53.240668+00:00
11,583,Kouyaté,16,MID,45,0.8068,1.2078,0.28,0.1584,0.2731,0.0012,1,2,69,1,2026-08-19T06:20:14.476261+00:00,2026-08-19T06:20:53.240668+00:00
11,585,Dennis,16,FWD,58,1.3288,1.6194,0.45,0.154,0.4308,0.002,1,1,69,1,2026-08-19T06:20:14.476261+00:00,2026-08-19T06:20:53.240668+00:00
11,602,Renan Lodi,16,DEF,45,0.7476,1.4541,0.22,0.1716,0.2183,0.0008,1,0,0,0,2026-08-19T06:20:14.476261+00:00,2026-08-19T06:20:53.240668+00:00
11,621,Badé,16,DEF,45,0,0,0.0,0.0,0.0,0,1,0,0,0,2026-08-19T06:20:14.476261+00:00,2026-08-19T06:20:53.240668+00:00
11,628,Aurier,16,DEF,45,0.4476,1.0429,0.1,0.198,0.1088,0.0008,1,0,0,0,2026-08-19T06:20:14.476261+00:00,2026-08-19T06:20:53.240668+00:00
11,666,Dale Taylor,16,FWD,45,0,0,0.0,0.0,0.0,0,1,,,,2026-08-19T06:20:14.476261+00:00,
11,675,Smith,16,GKP,40,0,0,0.0,0.0,0.0,0,1,,,,2026-08-19T06:20:14.476261+00:00,
11,681,Scarpa,16,MID,46,0.4324,0.9021,0.09,0.2002,0.0997,0.0004,1,,,,2026-08-19T06:20:14.476261+00:00,
11,703,Danilo,16,MID,45,0.3292,0.7107,0.05,0.209,0.0632,0.0,1,,,,2026-08-19T06:20:14.476261+00:00,
11,729,Navas,16,GKP,45,0,0,0.0,0.0,0.0,0,1,,,,2026-08-19T06:20:14.476261+00:00,
11,730,Felipe,16,DEF,45,0.3592,0.881,0.05,0.209,0.0632,0.0004,1,,,,2026-08-19T06:20:14.476261+00:00,
11,734,A.Ayew,16,MID,50,0.712,1.2775,0.18,0.1804,0.1818,0.0008,1,,,,2026-08-19T06:20:14.476261+00:00,
11,749,G.Shelvey,16,GKP,40,0.1788,0.7646,0.04,0.0384,0.0403,0.0,1,,,,2026-08-19T06:20:14.476261+00:00,
11,21,Maitland-Niles,17,MID,48,0.6764,1.2232,0.18,0.1804,0.1818,0.0004,1,2,74,1,2026-08-19T06:20:14.476261+00:00,2026-08-19T06:20:53.240668+00:00
11,321,Lavia,17,MID,45,0.8668,1.2548,0.28,0.1584,0.2731,0.0,1,0,0,0,2026-08-19T06:20:14.476261+00:00,2026-08-19T06:20:53.240668+00:00
11,400,Walcott,17,MID,49,0.8948,1.3343,0.28,0.1584,0.2731,0.0008,1,0,0,0,2026-08-19T06:20:14.476261+00:00,2026-08-19T06:20:53.240668+00:00
11,401,McCarthy,17,GKP,43,3.1356,2.2534,0.88,0.0048,0.8188,0.0,1,0,0,0,2026-08-19T06:20:14.476261+00:00,2026-08-19T06:20:53.240668+00:00
11,402,Romeu,17,MID,48,0,0,0.0,0.0,0.0,0,1,0,0,0,2026-08-19T06:20:14.476261+00:00,2026-08-19T06:20:53.240668+00:00
11,403,Redmond,17,MID,53,0,0,0.0,0.0,0.0,0,1,0,0,0,2026-08-19T06:20:14.476261+00:00,2026-08-19T06:20:53.240668+00:00
11,405,S.Armstrong,17,MID,49,0.9244,1.3642,0.28,0.1584,0.2731,0.0004,1,1,16,0,2026-08-19T06:20:14.476261+00:00,2026-08-19T06:20:53.240668+00:00
11,406,Elyounoussi,17,MID,52,0.8912,1.3303,0.28,0.1584,0.2731,0.0008,1,2,90,1,2026-08-19T06:20:14.476261+00:00,2026-08-19T06:20:53.240668+00:00
11,407,Ward-Prowse,17,MID,64,1.696,1.9273,0.48,0.1456,0.458,0.0044,1,2,90,1,2026-08-19T06:20:14.476261+00:00,2026-08-19T06:20:53.240668+00:00
11,408,A.Armstrong,17,FWD,55,1.0908,1.6004,0.28,0.2016,0.2765,0.002,1,2,73,1,2026-08-19T06:20:14.476261+00:00,2026-08-19T06:20:53.240668+00:00
11,409,Walker-Peters,17,DEF,45,0.806,1.6304,0.22,0.1716,0.2183,0.002,1,1,90,1,2026-08-19T06:20:14.476261+00:00,2026-08-19T06:20:53.240668+00:00
11,410,Bednarek,17,DEF,43,0.492,1.1652,0.1,0.198,0.1088,0.0004,1,0,0,0,2026-08-19T06:20:14.476261+00:00,2026-08-19T06:20:53.240668+00:00
11,411,Adams,17,FWD,64,0,0,0.0,0.0,0.0,0,1,2,73,1,2026-08-19T06:20:14.476261+00:00,2026-08-19T06:20:53.240668+00:00
11,412,Tella,17,MID,50,0,0,0.0,0.0,0.0,0,1,0,0,0,2026-08-19T06:20:14.476261+00:00,2026-08-19T06:20:53.240668+00:00
11,413,Lyanco,17,DEF,44,0.5228,1.2874,0.1,0.198,0.1088,0.0012,1,0,0,0,2026-08-19T06:20:14.476261+00:00,2026-08-19T06:20:53.240668+00:00
11,414,Valery,17,DEF,40,0,0,0.0,0.0,0.0,0,1,0,0,0,2026-08-19T06:20:14.476261+00:00,2026-08-19T06:20:53.240668+00:00
11,415,Smallbone,17,MID,45,0,0,0.0,0.0,0.0,0,1,0,0,0,2026-08-19T06:20:14.476261+00:00,2026-08-19T06:20:53.240668+00:00
11,416,Diallo,17,MID,44,0.4452,0.8846,0.1,0.198,0.1088,0.0,1,1,16,0,2026-08-19T06:20:14.476261+00:00,2026-08-19T06:20:53.240668+00:00
11,417,Perraud,17,DEF,45,0,0,0.0,0.0,0.0,0,1,8,90,1,2026-08-19T06:20:14.476261+00:00,2026-08-19T06:20:53.240668+00:00
11,418,Djenepo,17,MID,50,0.9344,1.3489,0.28,0.1584,0.2731,0.0008,1,0,0,0,2026-08-19T06:20:14.476261+00:00,2026-08-19T06:20:53.240668+00:00
11,419,Livramento,17,DEF,44,0.8916,1.822,0.22,0.1404,0.2158,0.0028,1,0,0,0,2026-08-19T06:20:14.476261+00:00,2026-08-19T06:20:53.240668+00:00
11,420,Salisu,17,DEF,44,0,0,0.0,0.0,0.0,0,1,2,90,1,2026-08-19T06:20:14.476261+00:00,2026-08-19T06:20:53.240668+00:00
11,421,Lis,17,GKP,40,0,0,0.0,0.0,0.0,0,1,0,0,0,2026-08-19T06:20:14.476261+00:00,2026-08-19T06:20:53.240668+00:00
11,422,Bazunu,17,GKP,45,0.1852,0.8476,0.04,0.0384,0.0403,0.0,1,3,90,1,2026-08-19T06:20:14.476261+00:00,2026-08-19T06:20:53.240668+00:00
11,423,Bella-Kotchap,17,DEF,45,0,0,0.0,0.0,0.0,0,1,1,41,0,2026-08-19T06:20:14.476261+00:00,2026-08-19T06:20:53.240668+00:00
11,424,Caballero,17,GKP,40,0.1884,0.82,0.04,0.0384,0.0403,0.0,1,0,0,0,2026-08-19T06:20:14.476261+00:00,2026-08-19T06:20:53.240668+00:00
11,512,Aribo,17,MID,54,1.0284,1.6341,0.28,0.1584,0.2731,0.002,1,2,73,1,2026-08-19T06:20:14.476261+00:00,2026-08-19T06:20:53.240668+00:00
11,528,Mara,17,FWD,54,0.6988,1.3118,0.18,0.1804,0.1818,0.002,1,1,16,0,2026-08-19T06:20:14.476261+00:00,2026-08-19T06:20:53.240668+00:00
11,622,Larios,17,DEF,40,0,0,0.0,0.0,0.0,0,1,0,0,0,2026-08-19T06:20:14.476261+00:00,2026-08-19T06:20:53.240668+00:00
11,623,Caleta-Car,17,DEF,45,0.6268,1.4799,0.1,0.198,0.1088,0.0028,1,1,48,1,2026-08-19T06:20:14.476261+00:00,2026-08-19T06:20:53.240668+00:00
11,624,Edozie,17,MID,49,0,0,0.0,0.0,0.0,0,1,1,16,0,2026-08-19T06:20:14.476261+00:00,2026-08-19T06:20:53.240668+00:00
11,647,Payne,17,MID,45,0,0,0.0,0.0,0.0,0,1,,,,2026-08-19T06:20:14.476261+00:00,
11,648,Finnigan,17,MID,45,0,0,0.0,0.0,0.0,0,1,,,,2026-08-19T06:20:14.476261+00:00,
11,671,Morgan,17,FWD,45,0,0,0.0,0.0,0.0,0,1,,,,2026-08-19T06:20:14.476261+00:00,
11,692,Orsic,17,MID,51,0.7028,1.3351,0.18,0.1804,0.1818,0.0012,1,,,,2026-08-19T06:20:14.476261+00:00,
11,693,Alcaraz,17,MID,50,0.7148,1.3329,0.18,0.1804,0.1818,0.0012,1,,,,2026-08-19T06:20:14.476261+00:00,
11,716,Bree,17,DEF,45,0.518,1.2737,0.1,0.198,0.1088,0.0,1,,,,2026-08-19T06:20:14.476261+00:00,
11,731,Kamaldeen,17,MID,49,0.6816,1.3103,0.18,0.1804,0.1818,0.0012,1,,,,2026-08-19T06:20:14.476261+00:00,
11,732,Onuachu,17,FWD,53,0.4804,1.0942,0.09,0.2002,0.0997,0.0008,1,,,,2026-08-19T06:20:14.476261+00:00,
11,769,Doyle,17,MID,45,0.5052,1.0222,0.1,0.198,0.1088,0.0,1,,,,2026-08-19T06:20:14.476261+00:00,
11,770,Ballard,17,FWD,45,0.4532,0.9021,0.1,0.198,0.1088,0.0004,1,,,,2026-08-19T06:20:14.476261+00:00,
11,778,Amo-Ameyaw,17,MID,45,0.4548,0.9141,0.1,0.198,0.1088,0.0,1,,,,2026-08-19T06:20:14.476261+00:00,
11,425,Lloris,18,GKP,55,0,0,0.0,0.0,0.0,0,1,6,90,1,2026-08-19T06:20:14.476261+00:00,2026-08-19T06:20:53.240668+00:00
11,426,Forster,18,GKP,39,3.6108,2.3346,0.9,0.004,0.8373,0.0028,1,0,0,0,2026-08-19T06:20:14.476261+00:00,2026-08-19T06:20:53.240668+00:00
11,427,Kane,18,FWD,114,1.3648,2.1698,0.28,0.2016,0.2765,0.0076,1,9,90,1,2026-08-19T06:20:14.476261+00:00,2026-08-19T06:20:53.240668+00:00
11,428,Son,18,MID,117,1.5604,2.4671,0.28,0.2016,0.2765,0.0144,1,3,90,1,2026-08-19T06:20:14.476261+00:00,2026-08-19T06:20:53.240668+00:00
11,429,Doherty,18,DEF,46,0,0,0.0,0.0,0.0,0,1,6,90,1,2026-08-19T06:20:14.476261+00:00,2026-08-19T06:20:53.240668+00:00
11,430,Dier,18,DEF,52,0,0,0.0,0.0,0.0,0,1,6,90,1,2026-08-19T06:20:14.476261+00:00,2026-08-19T06:20:53.240668+00:00
11,431,Lucas Moura,18,MID,58,1.5928,1.9452,0.45,0.154,0.4308,0.0044,1,1,1,0,2026-08-19T06:20:14.476261+00:00,2026-08-19T06:20:53.240668+00:00
11,432,Davies,18,DEF,49,1.0136,1.7496,0.28,0.1584,0.2731,0.0016,1,6,90,1,2026-08-19T06:20:14.476261+00:00,2026-08-19T06:20:53.240668+00:00
11,433,Højbjerg,18,MID,55,0.7316,1.2726,0.14,0.2408,0.1495,0.0004,1,9,90,1,2026-08-19T06:20:14.476261+00:00,2026-08-19T06:20:53.240668+00:00
11,434,Winks,18,MID,44,0,0,0.0,0.0,0.0,0,1,0,0,0,2026-08-19T06:20:14.476261+00:00,2026-08-19T06:20:53.240668+00:00
11,435,Sánchez,18,DEF,44,0.8732,1.6497,0.22,0.1716,0.2183,0.0016,1,1,3,0,2026-08-19T06:20:14.476261+00:00,2026-08-19T06:20:53.240668+00:00
11,436,R.Sessegnon,18,DEF,45,0,0,0.0,0.0,0.0,0,1,0,0,0,2026-08-19T06:20:14.476261+00:00,2026-08-19T06:20:53.240668+00:00
11,437,Bergwijn,18,MID,55,0,0,0.0,0.0,0.0,0,1,0,0,0,2026-08-19T06:20:14.476261+00:00,2026-08-19T06:20:53.240668+00:00
11,438,Reguilón,18,DEF,42,0,0,0.0,0.0,0.0,0,1,0,0,0,2026-08-19T06:20:14.476261+00:00,2026-08-19T06:20:53.240668+00:00
11,439,Tanganga,18,DEF,39,0.7932,1.5552,0.22,0.1716,0.2183,0.0012,1,0,0,0,2026-08-19T06:20:14.476261+00:00,2026-08-19T06:20:53.240668+00:00
11,440,Bentancur,18,MID,54,0,0,0.0,0.0,0.0,0,1,5,90,1,2026-08-19T06:20:14.476261+00:00,2026-08-19T06:20:53.240668+00:00
11,441,Skipp,18,MID,44,0.4564,0.9498,0.1,0.198,0.1088,0.0,1,1,1,0,2026-08-19T06:20:14.476261+00:00,2026-08-19T06:20:53.240668+00:00
11,442,Rodon,18,DEF,40,0,0,0.0,0.0,0.0,0,1,0,0,0,2026-08-19T06:20:14.476261+00:00,2026-08-19T06:20:53.240668+00:00
11,443,Romero,18,DEF,49,0,0,0.0,0.0,0.0,0,1,6,86,1,2026-08-19T06:20:14.476261+00:00,2026-08-19T06:20:53.240668+00:00
11,444,Bissouma,18,MID,47,0.6312,1.1141,0.18,0.1804,0.1818,0.0004,1,1,38,0,2026-08-19T06:20:14.476261+00:00,2026-08-19T06:20:53.240668+00:00
11,445,Emerson Royal,18,DEF,50,1.0828,1.851,0.28,0.1584,0.2731,0.0016,1,0,0,0,2026-08-19T06:20:14.476261+00:00,2026-08-19T06:20:53.240668+00:00
11,446,Kulusevski,18,MID,80,1.3316,2.1233,0.28,0.2016,0.2765,0.0076,1,0,0,0,2026-08-19T06:20:14.476261+00:00,2026-08-19T06:20:53.240668+00:00
11,447,Scarlett,18,FWD,45,0,0,0.0,0.0,0.0,0,1,0,0,0,2026-08-19T06:20:14.476261+00:00,2026-08-19T06:20:53.240668+00:00
11,448,Perišić,18,DEF,55,1.0824,1.825,0.28,0.2016,0.2765,0.0024,1,8,90,1,2026-08-19T06:20:14.476261+00:00,2026-08-19T06:20:53.240668+00:00
11,449,White,18,MID,44,0,0,0.0,0.0,0.0,0,1,0,0,0,2026-08-19T06:20:14.476261+00:00,2026-08-19T06:20:53.240668+00:00
11,450,Sarr,18,MID,43,0.5108,1.0568,0.1,0.198,0.1088,0.0,1,0,0,0,2026-08-19T06:20:14.476261+00:00,2026-08-19T06:20:53.240668+00:00
11,451,Austin,18,GKP,40,0.1632,0.7797,0.04,0.0384,0.0403,0.0,1,0,0,0,2026-08-19T06:20:14.476261+00:00,2026-08-19T06:20:53.240668+00:00
11,452,Devine,18,MID,44,0,0,0.0,0.0,0.0,0,1,0,0,0,2026-08-19T06:20:14.476261+00:00,2026-08-19T06:20:53.240668+00:00
11,453,Parrott,18,FWD,45,0,0,0.0,0.0,0.0,0,1,0,0,0,2026-08-19T06:20:14.476261+00:00,2026-08-19T06:20:53.240668+00:00
11,454,Richarlison,18,FWD,85,1.1312,1.825,0.28,0.2016,0.2765,0.0056,1,1,51,1,2026-08-19T06:20:14.476261+00:00,2026-08-19T06:20:53.240668+00:00
11,513,Lenglet,18,DEF,48,0.7756,1.6112,0.18,0.1804,0.1818,0.0024,1,0,0,0,2026-08-19T06:20:14.476261+00:00,2026-08-19T06:20:53.240668+00:00
11,522,Spence,18,DEF,42,0,0,0.0,0.0,0.0,0,1,1,1,0,2026-08-19T06:20:14.476261+00:00,2026-08-19T06:20:53.240668+00:00
11,554,Bryan,18,MID,50,0,0,0.0,0.0,0.0,0,1,0,0,0,2026-08-19T06:20:14.476261+00:00,2026-08-19T06:20:53.240668+00:00
11,713,Danjuma,18,MID,61,1.6256,2.0421,0.45,0.154,0.4308,0.0056,1,,,,2026-08-19T06:20:14.476261+00:00,
11,733,Pedro Porro,18,DEF,48,0.7892,1.6123,0.18,0.1804,0.1818,0.0008,1,,,,2026-08-19T06:20:14.476261+00:00,
11,748,Mundle,18,MID,45,0.4636,0.973,0.1,0.198,0.1088,0.0004,1,,,,2026-08-19T06:20:14.476261+00:00,
11,758,Abbott,18,MID,45,0.4648,0.9514,0.1,0.198,0.1088,0.0,1,,,,2026-08-19T06:20:14.476261+00:00,
11,764,Craig,18,MID,45,0.4984,0.9883,0.1,0.198,0.1088,0.0004,1,,,,2026-08-19T06:20:14.476261+00:00,
11,777,Alonso,18,MID,45,0.4976,1.0396,0.1,0.198,0.1088,0.0008,1,,,,2026-08-19T06:20:14.476261+00:00,
11,30,Ings,19,FWD,67,1.362,1.699,0.45,0.154,0.4308,0.0048,1,2,90,1,2026-08-19T06:20:14.476261+00:00,2026-08-19T06:20:53.240668+00:00
11,455,Fabianski,19,GKP,50,2.8148,2.1006,0.88,0.0096,0.8192,0.002,1,6,90,1,2026-08-19T06:20:14.476261+00:00,2026-08-19T06:20:53.240668+00:00
11,456,Ogbonna,19,DEF,44,0.4716,1.1064,0.1,0.198,0.1088,0.0,1,0,0,0,2026-08-19T06:20:14.476261+00:00,2026-08-19T06:20:53.240668+00:00
11,457,Cresswell,19,DEF,48,0.7592,1.4118,0.28,0.1584,0.2731,0.0,1,3,90,1,2026-08-19T06:20:14.476261+00:00,2026-08-19T06:20:53.240668+00:00
11,458,Antonio,19,FWD,71,1.1064,1.6364,0.28,0.2016,0.2765,0.002,1,1,3,0,2026-08-19T06:20:14.476261+00:00,2026-08-19T06:20:53.240668+00:00
11,460,Lanzini,19,MID,52,0.8164,1.6716,0.18,0.1804,0.1818,0.0048,1,1,3,0,2026-08-19T06:20:14.476261+00:00,2026-08-19T06:20:53.240668+00:00
11,461,Zouma,19,DEF,45,0.8144,1.5121,0.22,0.1716,0.2183,0.0008,1,0,0,0,2026-08-19T06:20:14.476261+00:00,2026-08-19T06:20:53.240668+00:00
11,462,Masuaku,19,DEF,45,0,0,0.0,0.0,0.0,0,1,0,0,0,2026-08-19T06:20:14.476261+00:00,2026-08-19T06:20:53.240668+00:00
11,463,Coufal,19,DEF,44,0.7404,1.4072,0.22,0.1716,0.2183,0.0,1,1,90,1,2026-08-19T06:20:14.476261+00:00,2026-08-19T06:20:53.240668+00:00
11,464,Benrahma,19,MID,56,0.9344,1.3841,0.28,0.2016,0.2765,0.0012,1,4,31,0,2026-08-19T06:20:14.476261+00:00,2026-08-19T06:20:53.240668+00:00
11,465,Bowen,19,MID,82,1.7804,2.0062,0.48,0.1456,0.458,0.0064,1,2,90,1,2026-08-19T06:20:14.476261+00:00,2026-08-19T06:20:53.240668+00:00
11,466,Vlasic,19,MID,50,0,0,0.0,0.0,0.0,0,1,0,0,0,2026-08-19T06:20:14.476261+00:00,2026-08-19T06:20:53.240668+00:00
11,467,Rice,19,MID,49,1.3088,1.4116,0.48,0.1144,0.4556,0.0,1,10,90,1,2026-08-19T06:20:14.476261+00:00,2026-08-19T06:20:53.240668+00:00
11,468,Soucek,19,MID,54,1.4808,1.6108,0.48,0.1144,0.4556,0.0008,1,2,90,1,2026-08-19T06:20:14.476261+00:00,2026-08-19T06:20:53.240668+00:00
11,469,Fornals,19,MID,53,1.0076,1.4963,0.28,0.1584,0.2731,0.0,1,0,0,0,2026-08-19T06:20:14.476261+00:00,2026-08-19T06:20:53.240668+00:00
11,471,Johnson,19,DEF,44,0.4724,1.0778,0.1,0.198,0.1088,0.0,1,2,90,1,2026-08-19T06:20:14.476261+00:00,2026-08-19T06:20:53.240668+00:00
11,472,Aguerd,19,DEF,48,0.6864,1.4752,0.18,0.1804,0.1818,0.0016,1,0,0,0,2026-08-19T06:20:14.476261+00:00,2026-08-19T06:20:53.240668+00:00
11,473,Areola,19,GKP,44,0.1868,0.7926,0.04,0.0384,0.0403,0.0,1,0,0,0,2026-08-19T06:20:14.476261+00:00,2026-08-19T06:20:53.240668+00:00
11,509,Downes,19,MID,44,0.456,0.9145,0.1,0.198,0.1088,0.0004,1,0,0,0,2026-08-19T06:20:14.476261+00:00,2026-08-19T06:20:53.240668+00:00
11,529,Scamacca,19,FWD,68,0,0,0.0,0.0,0.0,0,1,2,86,1,2026-08-19T06:20:14.476261+00:00,2026-08-19T06:20:53.240668+00:00
11,545,Emerson,19,DEF,40,0.3256,0.8004,0.05,0.209,0.0632,0.0,1,1,58,1,2026-08-19T06:20:14.476261+00:00,2026-08-19T06:20:53.240668+00:00
11,556,Coventry,19,MID,44,0,0,0.0,0.0,0.0,0,1,0,0,0,2026-08-19T06:20:14.476261+00:00,2026-08-19T06:20:53.240668+00:00
11,572,Oko-Flex,19,MID,44,0,0,0.0,0.0,0.0,0,1,0,0,0,2026-08-19T06:20:14.476261+00:00,2026-08-19T06:20:53.240668+00:00
11,575,Cornet,19,MID,59,1.414,1.7241,0.45,0.154,0.4308,0.0024,1,0,0,0,2026-08-19T06:20:14.476261+00:00,2026-08-19T06:20:53.240668+00:00
11,588,Kehrer,19,DEF,45,0.6752,1.3179,0.22,0.1716,0.2183,0.0,1,3,90,1,2026-08-19T06:20:14.476261+00:00,2026-08-19T06:20:53.240668+00:00
11,603,Paquetá,19,MID,60,1.0036,1.4737,0.28,0.2016,0.2765,0.0012,1,2,86,1,2026-08-19T06:20:14.476261+00:00,2026-08-19T06:20:53.240668+00:00
11,669,Mubama,19,FWD,45,0.4268,0.8524,0.1,0.198,0.1088,0.0,1,,,,2026-08-19T06:20:14.476261+00:00,
11,739,Anang,19,GKP,40,0.17,0.7551,0.04,0.0384,0.0403,0.0,1,,,,2026-08-19T06:20:14.476261+00:00,
11,740,Hegyi,19,GKP,39,0.1592,0.7341,0.04,0.0384,0.0403,0.0,1,,,,2026-08-19T06:20:14.476261+00:00,
11,746,Casey,19,DEF,40,0.4848,1.1805,0.1,0.198,0.1088,0.0008,1,,,,2026-08-19T06:20:14.476261+00:00,
11,459,Dawson,20,DEF,48,0.7216,1.5433,0.18,0.1804,0.1818,0.0024,1,0,0,0,2026-08-19T06:20:14.476261+00:00,2026-08-19T06:20:53.240668+00:00
11,476,Jiménez,20,FWD,68,1.8636,2.3806,0.45,0.154,0.4308,0.0196,1,0,0,0,2026-08-19T06:20:14.476261+00:00,2026-08-19T06:20:53.240668+00:00
11,477,Jonny,20,DEF,44,0.8356,1.5842,0.22,0.1716,0.2183,0.0008,1,6,90,1,2026-08-19T06:20:14.476261+00:00,2026-08-19T06:20:53.240668+00:00
11,478,Sá,20,GKP,50,3.4976,2.329,0.88,0.0096,0.8192,0.0028,1,14,90,1,2026-08-19T06:20:14.476261+00:00,2026-08-19T06:20:53.240668+00:00
11,480,Neves,20,MID,55,1.0444,1.5792,0.28,0.2016,0.2765,0.0008,1,10,90,1,2026-08-19T06:20:14.476261+00:00,2026-08-19T06:20:53.240668+00:00
11,481,Hwang,20,MID,57,1.4864,1.7821,0.45,0.154,0.4308,0.0028,1,1,8,0,2026-08-19T06:20:14.476261+00:00,2026-08-19T06:20:53.240668+00:00
11,482,Semedo,20,DEF,50,0.9988,1.7555,0.28,0.1584,0.2731,0.002,1,1,5,0,2026-08-19T06:20:14.476261+00:00,2026-08-19T06:20:53.240668+00:00
11,483,Podence,20,MID,55,1.1824,1.7424,0.28,0.2016,0.2765,0.0024,1,2,90,1,2026-08-19T06:20:14.476261+00:00,2026-08-19T06:20:53.240668+00:00
11,484,Kilman,20,DEF,45,0.944,1.7676,0.22,0.1716,0.2183,0.0016,1,6,90,1,2026-08-19T06:20:14.476261+00:00,2026-08-19T06:20:53.240668+00:00
11,485,Cundle,20,MID,44,0,0,0.0,0.0,0.0,0,1,0,0,0,2026-08-19T06:20:14.476261+00:00,2026-08-19T06:20:53.240668+00:00
11,486,Neto,20,MID,50,0.9124,1.3208,0.28,0.1584,0.2731,0.0004,1,0,0,0,2026-08-19T06:20:14.476261+00:00,2026-08-19T06:20:53.240668+00:00
11,487,Aït-Nouri,20,DEF,43,0.8604,1.5953,0.22,0.1716,0.2183,0.0,1,6,90,1,2026-08-19T06:20:14.476261+00:00,2026-08-19T06:20:53.240668+00:00
11,488,Fabio Silva,20,FWD,55,0,0,0.0,0.0,0.0,0,1,0,0,0,2026-08-19T06:20:14.476261+00:00,2026-08-19T06:20:53.240668+00:00
11,489,Toti,20,DEF,39,0.5048,1.1693,0.1,0.198,0.1088,0.0008,1,7,90,1,2026-08-19T06:20:14.476261+00:00,2026-08-19T06:20:53.240668+00:00
11,490,Chiquinho,20,MID,50,0,0,0.0,0.0,0.0,0,1,0,0,0,2026-08-19T06:20:14.476261+00:00,2026-08-19T06:20:53.240668+00:00
11,491,Adama,20,MID,55,1.4976,1.8047,0.45,0.154,0.4308,0.0048,1,6,84,1,2026-08-19T06:20:14.476261+00:00,2026-08-19T06:20:53.240668+00:00
11,492,Šarkić,20,GKP,40,0,0,0.0,0.0,0.0,0,1,0,0,0,2026-08-19T06:20:14.476261+00:00,2026-08-19T06:20:53.240668+00:00
11,494,Mosquera,20,DEF,39,0,0,0.0,0.0,0.0,0,1,0,0,0,2026-08-19T06:20:14.476261+00:00,2026-08-19T06:20:53.240668+00:00
11,503,Moutinho,20,MID,48,0.8304,1.2344,0.28,0.1584,0.2731,0.0,1,3,81,1,2026-08-19T06:20:14.476261+00:00,2026-08-19T06:20:53.240668+00:00
11,516,Collins,20,DEF,45,1.0144,1.8756,0.22,0.1716,0.2183,0.0008,1,0,0,0,2026-08-19T06:20:14.476261+00:00,2026-08-19T06:20:53.240668+00:00
11,557,Smith,20,GKP,40,0,0,0.0,0.0,0.0,0,1,0,0,0,2026-08-19T06:20:14.476261+00:00,2026-08-19T06:20:53.240668+00:00
11,558,Bueno,20,DEF,40,0.5132,1.2283,0.1,0.198,0.1088,0.0004,1,1,1,0,2026-08-19T06:20:14.476261+00:00,2026-08-19T06:20:53.240668+00:00
11,566,Hodge,20,MID,44,0.4536,0.9501,0.1,0.198,0.1088,0.0004,1,0,1,0,2026-08-19T06:20:14.476261+00:00,2026-08-19T06:20:53.240668+00:00
11,567,Ronan,20,MID,44,0,0,0.0,0.0,0.0,0,1,0,0,0,2026-08-19T06:20:14.476261+00:00,2026-08-19T06:20:53.240668+00:00
11,568,Campbell,20,MID,44,0,0,0.0,0.0,0.0,0,1,0,0,0,2026-08-19T06:20:14.476261+00:00,2026-08-19T06:20:53.240668+00:00
11,579,Guedes,20,MID,60,0,0,0.0,0.0,0.0,0,1,0,0,0,2026-08-19T06:20:14.476261+00:00,2026-08-19T06:20:53.240668+00:00
11,589,Matheus,20,MID,50,1.002,1.5091,0.28,0.1584,0.2731,0.0008,1,3,90,1,2026-08-19T06:20:14.476261+00:00,2026-08-19T06:20:53.240668+00:00
11,608,Kalajdžić,20,FWD,54,0,0,0.0,0.0,0.0,0,1,0,0,0,2026-08-19T06:20:14.476261+00:00,2026-08-19T06:20:53.240668+00:00
11,625,Diego Costa,20,FWD,55,1.3392,1.6863,0.45,0.154,0.4308,0.0032,1,2,81,1,2026-08-19T06:20:14.476261+00:00,2026-08-19T06:20:53.240668+00:00
11,629,Traoré,20,MID,45,0.4948,0.9928,0.1,0.198,0.1088,0.0,1,1,8,0,2026-08-19T06:20:14.476261+00:00,2026-08-19T06:20:53.240668+00:00
11,657,Fraser,20,FWD,45,0.4624,0.9188,0.1,0.198,0.1088,0.0,1,,,,2026-08-19T06:20:14.476261+00:00,
11,658,Griffiths,20,MID,44,0.482,0.9978,0.1,0.198,0.1088,0.0004,1,,,,2026-08-19T06:20:14.476261+00:00,
11,664,Lembikisa,20,DEF,40,0.5804,1.3304,0.1,0.198,0.1088,0.0008,1,,,,2026-08-19T06:20:14.476261+00:00,
11,682,Cunha,20,FWD,53,0.6692,1.2327,0.18,0.1804,0.1818,0.002,1,,,,2026-08-19T06:20:14.476261+00:00,
11,698,Lemina,20,MID,45,0.4744,0.9868,0.1,0.198,0.1088,0.0,1,,,,2026-08-19T06:20:14.476261+00:00,
11,704,Sarabia,20,MID,49,0.722,1.3172,0.18,0.1804,0.1818,0.002,1,,,,2026-08-19T06:20:14.476261+00:00,
11,717,Bentley,20,GKP,40,0.15,0.7395,0.04,0.0384,0.0403,0.0,1,,,,2026-08-19T06:20:14.476261+00:00,
11,721,João Gomes,20,MID,45,0.5004,1.0064,0.1,0.198,0.1088,0.0,1,,,,2026-08-19T06:20:14.476261+00:00,
