season,cap_gate,gw,movement,player_id,web_name,position,club_transition,n_comp,recent4,demotion,demoted,ctrl_p_start,treat_p_start,p_start_delta,ctrl_mu,treat_mu,actual_minutes,blank,actual_points
2022-23,FAIL,1,left,227,Bamford,FWD,1,0,0,n_comp_0,0,0.72,0.72,0.0,2.8148,2.8148,83.0,0,5.0
2022-23,FAIL,1,left,306,Cancelo,DEF,1,2,0,cap_0.48,1,0.72,0.48,-0.24,2.3396,1.6676,90.0,0,7.0
2022-23,FAIL,1,left,345,Martial,FWD,1,1,0,cap_0.68,1,0.72,0.68,-0.04,2.7476,2.6616,0.0,1,0.0
2022-23,FAIL,1,left,284,Robertson,DEF,1,3,0,cap_0.48,1,0.72,0.48,-0.24,2.2988,1.618,90.0,0,1.0
2022-23,FAIL,1,left,285,Alexander-Arnold,DEF,1,3,0,cap_0.48,1,0.72,0.48,-0.24,2.3944,1.6588,90.0,0,1.0
2022-23,FAIL,1,entered,448,Perišić,DEF,1,5,0,cap_0.48,1,0.45,0.45,0.0,1.682,1.682,24.0,0,1.0
2022-23,FAIL,1,entered,129,Alonso,DEF,0,0,0,none,0,0.45,0.45,0.0,1.5156,1.5156,0.0,1,0.0
2022-23,FAIL,1,entered,427,Kane,FWD,1,0,0,n_comp_0,0,0.72,0.72,0.0,3.82,3.82,90.0,0,2.0
2022-23,FAIL,1,entered,302,Stones,DEF,1,3,0,cap_0.48,1,0.45,0.45,0.0,1.5564,1.5564,0.0,1,0.0
2022-23,FAIL,1,entered,191,Calvert-Lewin,FWD,0,0,0,none,0,0.72,0.72,0.0,3.0024,3.0024,0.0,1,0.0
2022-23,FAIL,2,left,264,Barnes,MID,1,3,0,cap_0.48,1,0.82,0.48,-0.34,4.2192,2.5688,0.0,1,0.0
2022-23,FAIL,2,left,475,Coady,DEF,1,4,0,cap_0.48,1,0.85,0.48,-0.37,2.8648,1.6908,80.0,0,2.0
2022-23,FAIL,2,left,301,De Bruyne,MID,1,5,0,cap_0.48,1,0.72,0.48,-0.24,3.784,2.6952,90.0,0,14.0
2022-23,FAIL,2,left,454,Richarlison,FWD,1,1,0,cap_0.68,1,0.82,0.68,-0.14,3.4296,2.8568,33.0,0,1.0
2022-23,FAIL,2,entered,482,Semedo,DEF,0,0,0,none,0,0.82,0.82,0.0,2.8388,2.8388,12.0,0,1.0
2022-23,FAIL,2,entered,428,Son,MID,1,1,0,cap_0.68,1,0.72,0.68,-0.04,3.3824,3.2328,78.0,0,2.0
2022-23,FAIL,2,entered,318,Haaland,FWD,1,0,0,n_comp_0,0,0.72,0.72,0.0,3.5172,3.5172,73.0,0,5.0
2022-23,FAIL,2,entered,503,Moutinho,MID,0,0,0,none,0,0.85,0.85,0.0,2.5544,2.5544,0.0,1,0.0
2022-23,FAIL,3,left,283,Salah,MID,1,2,0,cap_0.48,1,0.72,0.48,-0.24,3.3772,2.448,90.0,0,8.0
2022-23,FAIL,3,left,110,Maupay,FWD,1,0,0,n_comp_0,0,0.82,0.82,0.0,3.3596,3.3596,0.0,1,0.0
2022-23,FAIL,3,entered,427,Kane,FWD,1,0,0,n_comp_0,0,0.72,0.72,0.0,3.4352,3.4352,90.0,0,6.0
2022-23,FAIL,3,entered,503,Moutinho,MID,0,0,0,none,0,0.85,0.85,0.0,2.366,2.366,57.0,0,1.0
2022-23,FAIL,4,left,300,Gündogan,MID,1,5,0,cap_0.48,1,0.72,0.48,-0.24,2.62,1.8588,29.0,0,4.0
2022-23,FAIL,4,left,110,Maupay,FWD,1,0,0,n_comp_0,0,0.82,0.82,0.0,2.9136,2.9136,0.0,1,0.0
2022-23,FAIL,4,left,303,Mahrez,MID,1,6,0,cap_0.48,1,0.72,0.48,-0.24,2.8124,1.954,60.0,0,2.0
2022-23,FAIL,4,left,81,Raya,GKP,1,0,0,none,0,0.85,0.85,0.0,3.3496,3.3496,90.0,0,6.0
2022-23,FAIL,4,left,283,Salah,MID,1,2,0,cap_0.48,1,0.72,0.48,-0.24,3.5716,2.5192,90.0,0,3.0
2022-23,FAIL,4,left,285,Alexander-Arnold,DEF,1,3,0,cap_0.48,1,0.72,0.48,-0.24,2.546,1.8036,82.0,0,17.0
2022-23,FAIL,4,entered,518,Hennessey,GKP,1,0,0,none,0,0.85,0.85,0.0,3.3136,3.3136,0.0,1,0.0
2022-23,FAIL,4,entered,428,Son,MID,1,1,0,cap_0.68,1,0.72,0.68,-0.04,3.0988,2.9672,73.0,0,3.0
2022-23,FAIL,4,entered,465,Bowen,MID,0,0,0,none,0,0.72,0.72,0.0,2.5748,2.5748,90.0,0,3.0
2022-23,FAIL,4,entered,276,Matip,DEF,1,3,0,cap_0.48,1,0.45,0.45,0.0,1.7224,1.7224,0.0,1,0.0
2022-23,FAIL,4,entered,349,Shelvey,MID,1,0,0,n_comp_0,0,0.68,0.68,0.0,2.1556,2.1556,0.0,1,0.0
2022-23,FAIL,4,entered,318,Haaland,FWD,1,0,0,n_comp_0,0,0.72,0.72,0.0,3.592,3.592,83.0,0,17.0
2022-23,FAIL,8,left,454,Richarlison,FWD,1,1,120,cap_0.68,1,0.72,0.68,-0.04,2.5476,2.4188,58.0,0,1.0
2022-23,FAIL,8,left,303,Mahrez,MID,1,6,112,cap_0.48,1,0.72,0.48,-0.24,2.444,1.7624,18.0,0,1.0
2022-23,FAIL,8,entered,210,Mitrović,FWD,1,0,270,hot_skip,0,0.72,0.72,0.0,2.5116,2.5116,89.0,0,2.0
2022-23,FAIL,8,entered,445,Emerson Royal,DEF,1,4,270,hot_skip,0,0.72,0.72,0.0,2.4252,2.4252,35.0,0,1.0
2022-23,FAIL,9,left,680,Gakpo,MID,1,3,0,cap_0.48,1,0.72,0.48,-0.24,2.828,2.0052,0.0,1,0.0
2022-23,FAIL,9,left,303,Mahrez,MID,1,6,70,cap_0.48,1,0.72,0.48,-0.24,2.754,1.9428,15.0,0,1.0
2022-23,FAIL,9,entered,209,Tosin,DEF,1,1,270,hot_skip,0,0.72,0.72,0.0,2.4172,2.4172,90.0,0,0.0
2022-23,FAIL,9,entered,484,Kilman,DEF,0,0,270,none,0,0.72,0.72,0.0,2.3956,2.3956,90.0,0,1.0
2022-23,FAIL,10,left,680,Gakpo,MID,1,3,0,cap_0.48,1,0.72,0.48,-0.24,2.5736,1.8276,0.0,1,0.0
2022-23,FAIL,10,left,303,Mahrez,MID,1,6,50,cap_0.48,1,0.72,0.48,-0.24,2.6696,1.8232,70.0,0,8.0
2022-23,FAIL,10,entered,468,Soucek,MID,0,0,270,none,0,0.72,0.72,0.0,2.3772,2.3772,90.0,0,2.0
2022-23,FAIL,10,entered,199,Tarkowski,DEF,1,4,270,hot_skip,0,0.72,0.72,0.0,2.4856,2.4856,90.0,0,1.0
2022-23,FAIL,11,left,680,Gakpo,MID,1,3,0,cap_0.48,1,0.72,0.48,-0.24,2.8228,2.0124,0.0,1,0.0
2022-23,FAIL,11,entered,85,Henry,DEF,1,4,270,hot_skip,0,0.72,0.72,0.0,2.3132,2.3132,86.0,0,6.0
2022-23,FAIL,12,left,680,Gakpo,MID,1,3,0,cap_0.48,1,0.72,0.48,-0.24,2.7748,1.9364,0.0,1,0.0
2022-23,FAIL,12,entered,116,Mac Allister,MID,1,1,270,hot_skip,0,0.72,0.72,0.0,2.5092,2.5092,90.0,0,2.0
2022-23,FAIL,13,left,617,Aubameyang,FWD,1,1,140,cap_0.68,1,0.72,0.68,-0.04,2.708,2.5968,73.0,0,2.0
2022-23,FAIL,13,left,39,Mings,DEF,0,0,360,none,0,0.72,0.72,0.0,2.4232,2.4232,90.0,0,10.0
2022-23,FAIL,13,entered,104,Groß,MID,1,1,296,hot_skip,0,0.72,0.72,0.0,2.4368,2.4368,86.0,0,1.0
2022-23,FAIL,13,entered,169,Eze,MID,0,0,342,none,0,0.72,0.72,0.0,2.4812,2.4812,90.0,0,2.0
2022-23,FAIL,14,left,680,Gakpo,MID,1,3,0,cap_0.48,1,0.72,0.48,-0.24,2.8064,2.0208,0.0,1,0.0
2022-23,FAIL,14,entered,428,Son,MID,1,1,349,hot_skip,0,0.72,0.72,0.0,2.674,2.674,90.0,0,2.0
2022-23,FAIL,16,left,680,Gakpo,MID,1,3,0,cap_0.48,1,0.72,0.48,-0.24,2.774,1.9752,0.0,1,0.0
2022-23,FAIL,16,entered,576,Senesi,DEF,1,2,343,hot_skip,0,0.72,0.72,0.0,2.5132,2.5132,90.0,0,5.0
2022-23,FAIL,18,left,680,Gakpo,MID,1,3,0,cap_0.48,1,0.72,0.48,-0.24,2.7892,2.0044,0.0,1,0.0
2022-23,FAIL,18,entered,285,Alexander-Arnold,DEF,1,3,332,hot_skip,0,0.72,0.72,0.0,2.6832,2.6832,85.0,0,8.0
2022-23,FAIL,21,left,680,Gakpo,MID,1,3,90,cap_0.48,1,0.72,0.48,-0.24,2.91,2.0428,81.0,0,3.0
2022-23,FAIL,21,entered,357,Trippier,DEF,1,2,360,hot_skip,0,0.72,0.72,0.0,2.62,2.62,90.0,0,8.0
2022-23,FAIL,26,left,357,Trippier,DEF,1,2,243,cap_0.48,1,0.82,0.48,-0.34,3.0396,1.7796,90.0,0,1.0
2022-23,FAIL,26,entered,92,Pinnock,DEF,1,4,270,hot_skip,0,0.72,0.72,0.0,2.5408,2.5408,90.0,0,7.0
2022-23,FAIL,28,left,357,Trippier,DEF,1,2,243,cap_0.48,1,0.82,0.48,-0.34,3.1704,1.9188,90.0,0,2.0
2022-23,FAIL,28,entered,493,Gibbs-White,MID,1,3,360,hot_skip,0,0.82,0.82,0.0,2.674,2.674,90.0,0,1.0
2022-23,FAIL,29,left,333,Fernandes,MID,1,3,180,cap_0.48,1,0.82,0.48,-0.34,6.4416,3.872,180.0,0,4.0
2022-23,FAIL,29,left,366,Schär,DEF,1,1,180,cap_0.68,1,0.82,0.68,-0.14,5.6372,4.7976,180.0,0,11.0
2022-23,FAIL,29,left,335,Rashford,MID,1,4,174,cap_0.48,1,0.82,0.48,-0.34,7.4164,4.5968,180.0,0,12.0
2022-23,FAIL,29,entered,233,Harrison,MID,1,3,349,hot_skip,0,0.72,0.72,0.0,5.4268,5.4268,174.0,0,10.0
2022-23,FAIL,29,entered,116,Mac Allister,MID,1,1,267,cap_0.68,1,0.68,0.68,0.0,5.3424,5.3424,162.0,0,9.0
2022-23,FAIL,29,entered,285,Alexander-Arnold,DEF,1,3,313,hot_skip,0,0.72,0.72,0.0,5.1692,5.1692,90.0,0,0.0
2022-23,FAIL,30,left,355,Dubravka,GKP,1,0,0,none,0,0.85,0.85,0.0,3.7688,3.7688,0.0,1,0.0
2022-23,FAIL,30,left,116,Mac Allister,MID,1,1,429,hot_skip,0,0.82,0.82,0.0,3.0752,3.0752,90.0,0,2.0
2022-23,FAIL,30,left,285,Alexander-Arnold,DEF,1,3,244,cap_0.48,1,0.82,0.48,-0.34,3.434,2.0868,90.0,0,5.0
2022-23,FAIL,30,entered,81,Raya,GKP,1,0,540,none,0,0.85,0.85,0.0,3.804,3.804,90.0,0,0.0
2022-23,FAIL,30,entered,124,Mitoma,MID,1,2,430,hot_skip,0,0.72,0.72,0.0,3.0768,3.0768,90.0,0,2.0
2022-23,FAIL,30,entered,85,Henry,DEF,1,4,536,hot_skip,0,0.82,0.82,0.0,2.9636,2.9636,90.0,0,5.0
2022-23,FAIL,31,left,233,Harrison,MID,1,3,444,hot_skip,0,0.82,0.82,0.0,3.16,3.16,76.0,0,2.0
2022-23,FAIL,31,left,301,De Bruyne,MID,1,5,191,cap_0.48,1,0.82,0.48,-0.34,3.8136,2.2984,61.0,0,8.0
2022-23,FAIL,31,entered,283,Salah,MID,1,2,274,hot_skip,0,0.82,0.82,0.0,3.6016,3.6016,80.0,0,14.0
2022-23,FAIL,31,entered,116,Mac Allister,MID,1,1,429,hot_skip,0,0.82,0.82,0.0,3.1592,3.1592,90.0,0,2.0
2022-23,FAIL,32,left,283,Salah,MID,1,2,264,cap_0.48,1,0.82,0.48,-0.34,4.0956,2.5408,90.0,0,7.0
2022-23,FAIL,32,entered,280,Van Dijk,DEF,1,3,270,hot_skip,0,0.82,0.82,0.0,3.0344,3.0344,90.0,0,1.0
2022-23,FAIL,33,left,301,De Bruyne,MID,1,5,241,cap_0.48,1,0.82,0.48,-0.34,3.7812,2.298,79.0,0,19.0
2022-23,FAIL,33,left,335,Rashford,MID,1,4,260,cap_0.48,1,0.82,0.48,-0.34,3.5928,2.2096,90.0,0,12.0
2022-23,FAIL,33,entered,233,Harrison,MID,1,3,419,hot_skip,0,0.82,0.82,0.0,3.1628,3.1628,90.0,0,8.0
2022-23,FAIL,33,entered,283,Salah,MID,1,2,354,hot_skip,0,0.82,0.82,0.0,3.756,3.756,90.0,0,2.0
2022-23,FAIL,34,left,342,Dalot,DEF,1,3,180,cap_0.48,1,0.68,0.48,-0.2,5.242,3.862,180.0,0,10.0
2022-23,FAIL,34,left,335,Rashford,MID,1,4,170,cap_0.48,1,0.82,0.48,-0.34,7.6504,4.7328,175.0,0,8.0
2022-23,FAIL,34,entered,464,Benrahma,MID,0,0,253,none,0,0.68,0.68,0.0,4.896,4.896,56.0,0,2.0
2022-23,FAIL,34,entered,461,Zouma,DEF,0,0,360,none,0,0.72,0.72,0.0,4.5608,4.5608,18.0,0,1.0
2022-23,FAIL,35,left,427,Kane,FWD,1,0,360,hot_skip,0,0.85,0.85,0.0,3.7448,3.7448,90.0,0,8.0
2022-23,FAIL,35,left,335,Rashford,MID,1,4,265,cap_0.48,1,0.82,0.48,-0.34,3.6484,2.2376,90.0,0,2.0
2022-23,FAIL,35,entered,680,Gakpo,MID,1,3,312,hot_skip,0,0.72,0.72,0.0,3.5344,3.5344,90.0,0,3.0
2022-23,FAIL,35,entered,285,Alexander-Arnold,DEF,1,3,450,hot_skip,0,0.82,0.82,0.0,3.5672,3.5672,90.0,0,7.0
2022-23,FAIL,37,left,301,De Bruyne,MID,1,5,169,cap_0.48,1,0.82,0.48,-0.34,7.5644,4.7072,68.0,0,2.0
2022-23,FAIL,37,entered,300,Gündogan,MID,1,5,328,hot_skip,0,0.82,0.82,0.0,6.9916,6.9916,90.0,0,2.0
2022-23,FAIL,38,left,342,Dalot,DEF,1,3,183,cap_0.48,1,0.82,0.48,-0.34,3.3568,1.9604,90.0,0,2.0
2022-23,FAIL,38,entered,10,White,DEF,0,0,360,none,0,0.85,0.85,0.0,3.1556,3.1556,90.0,0,6.0
2023-24,PASS,1,left,290,Alexander-Arnold,DEF,1,2,0,cap_0.48,1,0.72,0.48,-0.24,2.4604,1.7336,90.0,0,1.0
2023-24,PASS,1,left,396,Rashford,MID,0,0,0,none,0,0.72,0.72,0.0,3.1624,3.1624,87.0,0,3.0
2023-24,PASS,1,entered,349,De Bruyne,MID,0,0,0,none,0,0.72,0.72,0.0,3.3796,3.3796,22.0,0,1.0
2023-24,PASS,1,entered,398,Shaw,DEF,0,0,0,none,0,0.45,0.45,0.0,1.6968,1.6968,90.0,0,5.0
2023-24,PASS,2,left,664,Ward-Prowse,MID,1,4,0,cap_0.48,1,0.85,0.48,-0.37,3.16,1.9108,80.0,0,9.0
2023-24,PASS,2,left,236,Olise,MID,1,4,0,cap_0.48,1,0.85,0.48,-0.37,3.2504,1.8684,0.0,1,0.0
2023-24,PASS,2,left,308,Salah,MID,1,2,0,cap_0.48,1,0.72,0.48,-0.24,4.0084,2.8124,85.0,0,5.0
2023-24,PASS,2,entered,8,G.Jesus,FWD,0,0,0,none,0,0.82,0.82,0.0,2.9896,2.9896,0.0,1,0.0
2023-24,PASS,2,entered,373,B.Fernandes,MID,0,0,0,none,0,0.72,0.72,0.0,3.1248,3.1248,90.0,0,1.0
2023-24,PASS,2,entered,526,Bowen,MID,0,0,0,none,0,0.72,0.72,0.0,2.6012,2.6012,90.0,0,2.0
2023-24,PASS,3,left,355,Haaland,FWD,0,0,0,none,0,0.72,0.72,0.0,3.7232,3.7232,90.0,0,4.0
2023-24,PASS,3,left,290,Alexander-Arnold,DEF,1,2,0,cap_0.48,1,0.72,0.48,-0.24,2.2604,1.6328,90.0,0,1.0
2023-24,PASS,3,left,259,McNeil,MID,1,3,0,cap_0.48,1,0.82,0.48,-0.34,3.1248,1.8824,0.0,1,0.0
2023-24,PASS,3,left,236,Olise,MID,1,4,0,cap_0.48,1,0.85,0.48,-0.37,2.9848,1.8368,0.0,1,0.0
2023-24,PASS,3,entered,433,Wilson,FWD,0,0,0,none,0,0.72,0.72,0.0,3.0936,3.0936,18.0,0,1.0
2023-24,PASS,3,entered,195,Chilwell,DEF,1,1,0,cap_0.68,1,0.45,0.45,0.0,1.7568,1.7568,85.0,0,6.0
2023-24,PASS,3,entered,396,Rashford,MID,0,0,0,none,0,0.72,0.72,0.0,3.1272,3.1272,90.0,0,7.0
2023-24,PASS,3,entered,349,De Bruyne,MID,0,0,0,none,0,0.72,0.72,0.0,3.1564,3.1564,0.0,1,0.0
2023-24,PASS,4,left,259,McNeil,MID,1,3,0,cap_0.48,1,0.82,0.48,-0.34,2.8332,1.7468,15.0,0,1.0
2023-24,PASS,4,left,236,Olise,MID,1,4,0,cap_0.48,1,0.85,0.48,-0.37,3.1732,1.92,0.0,1,0.0
2023-24,PASS,4,entered,8,G.Jesus,FWD,0,0,0,none,0,0.72,0.72,0.0,2.564,2.564,14.0,0,6.0
2023-24,PASS,4,entered,86,Tavernier,MID,0,0,0,none,0,0.68,0.68,0.0,2.32,2.32,19.0,0,4.0
2023-24,PASS,23,left,308,Salah,MID,1,2,180,cap_0.48,1,0.68,0.48,-0.2,4.6188,3.3868,0.0,1,0.0
2023-24,PASS,23,entered,134,Gross,MID,0,0,360,none,0,0.72,0.72,0.0,3.3964,3.3964,90.0,0,11.0
2023-24,PASS,24,left,664,Ward-Prowse,MID,1,4,360,hot_skip,0,0.72,0.72,0.0,3.504,3.504,90.0,0,2.0
2023-24,PASS,24,left,308,Salah,MID,1,2,90,cap_0.48,1,0.68,0.48,-0.2,5.4672,3.888,0.0,1,0.0
2023-24,PASS,24,entered,353,Foden,MID,0,0,346,none,0,0.72,0.72,0.0,3.6564,3.6564,90.0,0,3.0
2023-24,PASS,24,entered,516,Son,MID,0,0,90,none,0,0.68,0.68,0.0,3.9268,3.9268,28.0,0,4.0
2023-24,PASS,28,left,393,Mengi,DEF,1,5,270,hot_skip,0,0.72,0.72,0.0,3.9576,3.9576,151.0,0,2.0
2023-24,PASS,28,left,308,Salah,MID,1,2,46,cap_0.48,1,0.55,0.48,-0.07,4.6592,4.0744,29.0,0,1.0
2023-24,PASS,28,entered,330,Osho,DEF,1,5,270,hot_skip,0,0.72,0.72,0.0,3.9684,3.9684,80.0,0,2.0
2023-24,PASS,28,entered,526,Bowen,MID,0,0,360,none,0,0.82,0.82,0.0,4.1488,4.1488,90.0,0,2.0
2023-24,PASS,30,left,77,Neto,GKP,0,0,360,none,0,0.85,0.85,0.0,3.5024,3.5024,90.0,0,2.0
2023-24,PASS,30,entered,409,Dubravka,GKP,0,0,180,none,0,0.85,0.85,0.0,3.4716,3.4716,90.0,0,1.0
2023-24,PASS,31,left,664,Ward-Prowse,MID,1,4,199,cap_0.48,1,0.82,0.48,-0.34,3.7724,2.3,90.0,0,2.0
2023-24,PASS,31,left,308,Salah,MID,1,2,119,cap_0.48,1,0.68,0.48,-0.2,5.7708,4.1352,59.0,0,1.0
2023-24,PASS,31,entered,516,Son,MID,0,0,352,none,0,0.82,0.82,0.0,4.438,4.438,90.0,0,2.0
2023-24,PASS,31,entered,14,Ødegaard,MID,0,0,270,none,0,0.82,0.82,0.0,4.1492,4.1492,90.0,0,11.0
2023-24,PASS,33,left,321,Doughty,DEF,1,6,307,hot_skip,0,0.82,0.82,0.0,2.9632,2.9632,90.0,0,0.0
2023-24,PASS,33,left,308,Salah,MID,1,2,239,cap_0.48,1,0.82,0.48,-0.34,6.6464,4.172,90.0,0,2.0
2023-24,PASS,33,left,303,Luis Díaz,MID,1,3,268,cap_0.48,1,0.82,0.48,-0.34,4.5536,2.7868,65.0,0,2.0
2023-24,PASS,33,entered,506,Pedro Porro,DEF,0,0,360,none,0,0.82,0.82,0.0,3.1972,3.1972,48.0,0,0.0
2023-24,PASS,33,entered,516,Son,MID,0,0,353,none,0,0.82,0.82,0.0,4.5728,4.5728,57.0,0,1.0
2023-24,PASS,33,entered,85,Solanke,FWD,0,0,263,none,0,0.85,0.85,0.0,4.416,4.416,90.0,0,7.0
2024-25,FAIL,1,left,3,Gabriel,DEF,0,0,0,none,0,0.45,0.45,0.0,1.776,1.776,90.0,0,6.0
2024-25,FAIL,1,left,401,Isak,FWD,0,0,0,none,0,0.72,0.72,0.0,2.6964,2.6964,90.0,0,5.0
2024-25,FAIL,1,left,182,Palmer,MID,1,3,0,cap_0.48,1,0.72,0.48,-0.24,4.1552,2.93,90.0,0,2.0
2024-25,FAIL,1,left,503,Son,MID,0,0,0,none,0,0.72,0.72,0.0,3.4976,3.4976,90.0,0,2.0
2024-25,FAIL,1,left,58,Watkins,FWD,0,0,0,none,0,0.72,0.72,0.0,2.8592,2.8592,61.0,0,2.0
2024-25,FAIL,1,entered,514,Bowen,MID,0,0,0,none,0,0.72,0.72,0.0,2.9056,2.9056,72.0,0,2.0
2024-25,FAIL,1,entered,6,J.Timber,DEF,0,0,0,none,0,0.45,0.45,0.0,1.7072,1.7072,21.0,0,1.0
2024-25,FAIL,1,entered,13,Ødegaard,MID,0,0,0,none,0,0.72,0.72,0.0,3.054,3.054,90.0,0,3.0
2024-25,FAIL,1,entered,207,Mateta,FWD,1,0,0,n_comp_0,0,0.72,0.72,0.0,2.588,2.588,45.0,0,1.0
2024-25,FAIL,1,entered,351,Haaland,FWD,0,0,0,none,0,0.72,0.72,0.0,3.9596,3.9596,90.0,0,7.0
2024-25,FAIL,2,left,328,M.Salah,MID,1,3,0,cap_0.48,1,0.72,0.48,-0.24,3.808,2.702,82.0,0,10.0
2024-25,FAIL,2,left,772,Willian,MID,1,2,0,cap_0.48,1,0.82,0.48,-0.34,3.596,2.2084,0.0,1,0.0
2024-25,FAIL,2,left,182,Palmer,MID,1,3,0,cap_0.48,1,0.72,0.48,-0.24,3.62,2.594,82.0,0,17.0
2024-25,FAIL,2,left,375,Højlund,FWD,0,0,0,none,0,0.82,0.82,0.0,2.9424,2.9424,0.0,1,0.0
2024-25,FAIL,2,entered,17,Saka,MID,0,0,0,none,0,0.72,0.72,0.0,3.4332,3.4332,87.0,0,6.0
2024-25,FAIL,2,entered,58,Watkins,FWD,0,0,0,none,0,0.72,0.72,0.0,3.0892,3.0892,64.0,0,2.0
2024-25,FAIL,2,entered,366,B.Fernandes,MID,0,0,0,none,0,0.72,0.72,0.0,3.4168,3.4168,78.0,0,2.0
2024-25,FAIL,2,entered,311,Alexander-Arnold,DEF,1,1,0,cap_0.68,1,0.72,0.68,-0.04,2.8436,2.696,71.0,0,6.0
2024-25,FAIL,3,left,322,Gomez,DEF,1,2,0,cap_0.48,1,0.68,0.48,-0.2,1.9532,1.4852,0.0,1,0.0
2024-25,FAIL,3,left,772,Willian,MID,1,2,0,cap_0.48,1,0.82,0.48,-0.34,3.2488,2.0068,0.0,1,0.0
2024-25,FAIL,3,left,182,Palmer,MID,1,3,0,cap_0.48,1,0.72,0.48,-0.24,4.1632,2.9548,90.0,0,6.0
2024-25,FAIL,3,entered,360,Rodrigo,MID,0,0,0,none,0,0.85,0.85,0.0,3.1628,3.1628,0.0,1,0.0
2024-25,FAIL,3,entered,122,Estupiñan,DEF,0,0,0,none,0,0.48,0.48,0.0,1.8268,1.8268,18.0,0,1.0
2024-25,FAIL,3,entered,13,Ødegaard,MID,0,0,0,none,0,0.72,0.72,0.0,2.9044,2.9044,73.0,0,2.0
2024-25,FAIL,4,left,755,Marmoush,FWD,1,2,0,cap_0.48,1,0.72,0.48,-0.24,2.4656,1.7528,0.0,1,0.0
2024-25,FAIL,4,left,636,Chiesa,MID,1,4,0,cap_0.48,1,0.72,0.48,-0.24,2.65,1.9024,0.0,1,0.0
2024-25,FAIL,4,entered,82,Solanke,FWD,1,0,0,n_comp_0,0,0.72,0.72,0.0,2.4124,2.4124,90.0,0,2.0
2024-25,FAIL,4,entered,316,Darwin,FWD,1,0,0,n_comp_0,0,0.72,0.72,0.0,2.4456,2.4456,30.0,0,1.0
2024-25,FAIL,18,left,328,M.Salah,MID,1,3,266,cap_0.48,1,0.68,0.48,-0.2,5.356,3.9528,90.0,0,9.0
2024-25,FAIL,18,left,71,Kluivert,MID,0,0,281,none,0,0.72,0.72,0.0,3.3696,3.3696,71.0,0,2.0
2024-25,FAIL,18,entered,17,Saka,MID,0,0,293,none,0,0.72,0.72,0.0,4.3772,4.3772,0.0,1,0.0
2024-25,FAIL,18,entered,366,B.Fernandes,MID,0,0,345,none,0,0.72,0.72,0.0,3.6252,3.6252,46.0,0,-2.0
2024-25,FAIL,19,left,328,M.Salah,MID,1,3,266,cap_0.48,1,0.68,0.48,-0.2,4.89,3.658,90.0,0,16.0
2024-25,FAIL,19,left,36,Digne,DEF,0,0,301,none,0,0.72,0.72,0.0,2.8228,2.8228,82.0,0,1.0
2024-25,FAIL,19,entered,350,Gvardiol,DEF,0,0,360,none,0,0.72,0.72,0.0,2.972,2.972,90.0,0,6.0
2024-25,FAIL,19,entered,351,Haaland,FWD,0,0,360,none,0,0.72,0.72,0.0,4.1576,4.1576,90.0,0,8.0
2024-25,FAIL,24,left,321,Gakpo,FWD,1,1,328,hot_skip,0,0.72,0.72,0.0,6.558,6.558,137.0,0,7.0
2024-25,FAIL,24,left,398,Gordon,MID,0,0,331,none,0,0.72,0.72,0.0,4.15,4.15,90.0,0,1.0
2024-25,FAIL,24,left,238,Young,DEF,1,3,204,cap_0.48,1,0.68,0.48,-0.2,4.8176,3.584,18.0,0,2.0
2024-25,FAIL,24,entered,232,Ndiaye,FWD,1,1,337,hot_skip,0,0.72,0.72,0.0,5.0532,5.0532,114.0,0,9.0
2024-25,FAIL,24,entered,580,Huijsen,DEF,1,4,360,hot_skip,0,0.72,0.72,0.0,2.9768,2.9768,90.0,0,0.0
2024-25,FAIL,24,entered,327,Luis Díaz,MID,1,3,282,hot_skip,0,0.72,0.72,0.0,6.8536,6.8536,177.0,0,5.0
2024-25,FAIL,30,left,58,Watkins,FWD,0,0,233,none,0,0.82,0.82,0.0,4.2324,4.2324,25.0,0,0.0
2024-25,FAIL,30,left,182,Palmer,MID,1,3,252,cap_0.48,1,0.82,0.48,-0.34,5.7624,3.5172,90.0,0,6.0
2024-25,FAIL,30,left,311,Alexander-Arnold,DEF,1,1,254,cap_0.68,1,0.82,0.68,-0.14,3.7988,3.184,0.0,1,0.0
2024-25,FAIL,30,entered,99,Mbeumo,MID,0,0,360,none,0,0.82,0.82,0.0,4.188,4.188,90.0,0,8.0
2024-25,FAIL,30,entered,573,Milenković,DEF,1,1,360,hot_skip,0,0.82,0.82,0.0,3.1864,3.1864,90.0,0,6.0
2024-25,FAIL,30,entered,351,Haaland,FWD,0,0,270,none,0,0.82,0.82,0.0,5.1108,5.1108,0.0,1,0.0
2024-25,FAIL,31,left,585,I.Sarr,MID,1,3,265,cap_0.48,1,0.82,0.48,-0.34,4.3736,2.69,90.0,0,2.0
2024-25,FAIL,31,left,211,Muñoz,DEF,1,4,255,cap_0.48,1,0.82,0.48,-0.34,3.494,2.144,90.0,0,8.0
2024-25,FAIL,31,left,182,Palmer,MID,1,3,252,cap_0.48,1,0.82,0.48,-0.34,5.0232,3.0764,31.0,0,1.0
2024-25,FAIL,31,entered,401,Isak,FWD,0,0,143,none,0,0.82,0.82,0.0,4.5904,4.5904,71.0,0,2.0
2024-25,FAIL,31,entered,350,Gvardiol,DEF,0,0,360,none,0,0.82,0.82,0.0,3.166,3.166,90.0,0,9.0
2024-25,FAIL,31,entered,71,Kluivert,MID,0,0,258,none,0,0.82,0.82,0.0,4.0704,4.0704,0.0,1,0.0
2024-25,FAIL,32,left,211,Muñoz,DEF,1,4,255,cap_0.48,1,0.82,0.48,-0.34,5.802,3.5896,180.0,0,-1.0
2024-25,FAIL,32,left,413,Pope,GKP,0,0,270,none,0,0.85,0.85,0.0,6.256,6.256,180.0,0,15.0
2024-25,FAIL,32,left,182,Palmer,MID,1,3,193,cap_0.48,1,0.82,0.48,-0.34,5.6148,3.3676,90.0,0,4.0
2024-25,FAIL,32,entered,201,Henderson,GKP,1,0,270,none,0,0.85,0.85,0.0,5.408,5.408,180.0,0,2.0
2024-25,FAIL,32,entered,409,Livramento,DEF,0,0,270,none,0,0.82,0.82,0.0,5.654,5.654,180.0,0,8.0
2024-25,FAIL,32,entered,351,Haaland,FWD,0,0,180,none,0,0.82,0.82,0.0,5.194,5.194,0.0,1,0.0
2024-25,FAIL,33,left,571,Savinho,MID,1,3,149,cap_0.48,1,0.68,0.48,-0.2,7.0468,5.1968,77.0,0,3.0
2024-25,FAIL,33,entered,755,Marmoush,FWD,1,2,346,hot_skip,0,0.72,0.72,0.0,6.9816,6.9816,180.0,0,4.0
2024-25,FAIL,36,left,311,Alexander-Arnold,DEF,1,1,150,cap_0.68,1,0.82,0.68,-0.14,3.816,3.166,23.0,0,1.0
2024-25,FAIL,36,left,327,Luis Díaz,MID,1,3,255,cap_0.48,1,0.82,0.48,-0.34,4.6868,2.7872,78.0,0,8.0
2024-25,FAIL,36,entered,436,Murillo,DEF,0,0,350,none,0,0.85,0.85,0.0,3.28,3.28,0.0,1,0.0
2024-25,FAIL,36,entered,71,Kluivert,MID,0,0,225,none,0,0.82,0.82,0.0,4.3416,4.3416,45.0,0,1.0
2024-25,FAIL,37,left,177,Madueke,MID,1,4,257,cap_0.48,1,0.82,0.48,-0.34,4.638,2.7552,90.0,0,3.0
2024-25,FAIL,37,entered,207,Mateta,FWD,1,0,218,n_comp_0,0,0.85,0.85,0.0,4.4092,4.4092,9.0,0,1.0
2024-25,FAIL,38,left,252,Raúl,FWD,1,0,360,hot_skip,0,0.82,0.82,0.0,4.1432,4.1432,90.0,0,2.0
2024-25,FAIL,38,left,311,Alexander-Arnold,DEF,1,1,154,cap_0.68,1,0.82,0.68,-0.14,3.8888,3.3096,45.0,0,1.0
2024-25,FAIL,38,left,327,Luis Díaz,MID,1,3,180,cap_0.48,1,0.82,0.48,-0.34,4.9624,2.9932,68.0,0,2.0
2024-25,FAIL,38,entered,491,Johnson,MID,0,0,93,none,0,0.82,0.82,0.0,4.2708,4.2708,90.0,0,2.0
2024-25,FAIL,38,entered,436,Murillo,DEF,0,0,260,none,0,0.85,0.85,0.0,3.1648,3.1648,90.0,0,2.0
2024-25,FAIL,38,entered,110,Wissa,FWD,0,0,360,none,0,0.85,0.85,0.0,4.3552,4.3552,90.0,0,1.0
2025-26,PASS,1,left,81,Kluivert,MID,1,4,0,cap_0.48,1,0.72,0.48,-0.24,2.8732,2.0236,0.0,1,0.0
2025-26,PASS,1,left,235,Palmer,MID,1,3,0,cap_0.48,1,0.72,0.48,-0.24,4.0508,2.8532,90.0,0,3.0
2025-26,PASS,1,left,691,Calvert-Lewin,FWD,1,0,0,n_comp_0,0,0.45,0.45,0.0,1.7908,1.7908,0.0,1,0.0
2025-26,PASS,1,entered,383,Luis Díaz,MID,0,0,0,none,0,0.72,0.72,0.0,3.0308,3.0308,0.0,1,0.0
2025-26,PASS,1,entered,661,Ekitiké,FWD,1,0,0,n_comp_0,0,0.72,0.72,0.0,2.7252,2.7252,71.0,0,11.0
2025-26,PASS,1,entered,47,Rogers,MID,0,0,0,none,0,0.72,0.72,0.0,2.6792,2.6792,90.0,0,3.0
2025-26,PASS,2,left,81,Kluivert,MID,1,4,0,cap_0.48,1,0.82,0.48,-0.34,4.198,2.5656,12.0,0,1.0
2025-26,PASS,2,left,316,Robinson,DEF,1,2,0,cap_0.48,1,0.85,0.48,-0.37,3.0344,1.8156,28.0,0,1.0
2025-26,PASS,2,left,430,Haaland,FWD,0,0,0,none,0,0.72,0.72,0.0,4.5848,4.5848,90.0,0,2.0
2025-26,PASS,2,entered,414,Foden,MID,0,0,0,none,0,0.68,0.68,0.0,3.5864,3.5864,15.0,0,1.0
2025-26,PASS,2,entered,381,M.Salah,MID,0,0,0,none,0,0.72,0.72,0.0,4.6412,4.6412,90.0,0,5.0
2025-26,PASS,2,entered,438,Mazraoui,DEF,0,0,0,none,0,0.85,0.85,0.0,2.3924,2.3924,0.0,1,0.0
2025-26,PASS,3,left,227,Colwill,DEF,1,2,0,cap_0.48,1,0.85,0.48,-0.37,2.94,1.716,0.0,1,0.0
2025-26,PASS,3,left,453,Garnacho,MID,1,4,0,cap_0.48,1,0.82,0.48,-0.34,3.7696,2.346,0.0,1,0.0
2025-26,PASS,3,entered,437,Martinez,DEF,0,0,0,none,0,0.68,0.68,0.0,2.43,2.43,0.0,1,0.0
2025-26,PASS,3,entered,415,Savinho,MID,0,0,0,none,0,0.68,0.68,0.0,3.4328,3.4328,0.0,1,0.0
2025-26,PASS,4,left,227,Colwill,DEF,1,2,0,cap_0.48,1,0.85,0.48,-0.37,2.3492,1.3808,0.0,1,0.0
2025-26,PASS,4,left,453,Garnacho,MID,1,4,0,cap_0.48,1,0.82,0.48,-0.34,3.276,1.9824,11.0,0,1.0
2025-26,PASS,4,entered,725,Hincapie,DEF,1,3,0,cap_0.48,1,0.45,0.45,0.0,1.734,1.734,0.0,1,0.0
2025-26,PASS,4,entered,581,Maddison,MID,0,0,0,none,0,0.68,0.68,0.0,3.2312,3.2312,0.0,1,0.0
2025-26,PASS,5,left,81,Kluivert,MID,1,4,44,cap_0.48,1,0.72,0.48,-0.24,3.338,2.3896,27.0,0,1.0
2025-26,PASS,5,left,414,Foden,MID,0,0,105,none,0,0.72,0.72,0.0,3.4136,3.4136,67.0,0,3.0
2025-26,PASS,5,entered,16,Saka,MID,0,0,142,none,0,0.72,0.72,0.0,3.62,3.62,45.0,0,1.0
2025-26,PASS,5,entered,299,Ndiaye,MID,1,1,333,hot_skip,0,0.72,0.72,0.0,3.23,3.23,85.0,0,6.0
2025-26,PASS,6,left,235,Palmer,MID,1,3,54,cap_0.48,1,0.72,0.48,-0.24,3.9636,2.7344,0.0,1,0.0
2025-26,PASS,6,entered,414,Foden,MID,0,0,172,none,0,0.72,0.72,0.0,3.5676,3.5676,90.0,0,1.0
2025-26,PASS,7,left,235,Palmer,MID,1,3,54,cap_0.48,1,0.72,0.48,-0.24,4.0204,2.8412,0.0,1,0.0
2025-26,PASS,7,left,348,Rodon,DEF,1,0,360,hot_skip,0,0.72,0.72,0.0,3.2772,3.2772,90.0,0,1.0
2025-26,PASS,7,entered,226,Chalobah,DEF,1,3,322,hot_skip,0,0.72,0.72,0.0,3.3292,3.3292,0.0,1,0.0
2025-26,PASS,7,entered,82,Semenyo,MID,1,3,360,hot_skip,0,0.72,0.72,0.0,3.5552,3.5552,90.0,0,18.0
2025-26,PASS,9,left,235,Palmer,MID,1,3,20,cap_0.48,1,0.72,0.48,-0.24,3.9828,2.828,0.0,1,0.0
2025-26,PASS,9,left,295,Keane,DEF,1,3,334,hot_skip,0,0.72,0.72,0.0,3.2112,3.2112,90.0,0,1.0
2025-26,PASS,9,entered,299,Ndiaye,MID,1,1,340,hot_skip,0,0.72,0.72,0.0,3.314,3.314,90.0,0,2.0
2025-26,PASS,9,entered,119,Mbeumo,MID,1,2,325,hot_skip,0,0.72,0.72,0.0,3.5972,3.5972,90.0,0,15.0
2025-26,PASS,11,left,72,Senesi,DEF,1,1,347,hot_skip,0,0.72,0.72,0.0,3.4592,3.4592,90.0,0,2.0
2025-26,PASS,11,left,235,Palmer,MID,1,3,0,cap_0.48,1,0.72,0.48,-0.24,3.9632,2.7084,0.0,1,0.0
2025-26,PASS,11,entered,21,Rice,MID,0,0,339,none,0,0.72,0.72,0.0,3.4632,3.4632,90.0,0,2.0
2025-26,PASS,11,entered,5,Gabriel,DEF,0,0,360,none,0,0.72,0.72,0.0,3.5556,3.5556,90.0,0,1.0
2025-26,PASS,13,left,235,Palmer,MID,1,3,0,cap_0.48,1,0.72,0.48,-0.24,3.9928,2.858,0.0,1,0.0
2025-26,PASS,13,entered,16,Saka,MID,0,0,335,none,0,0.72,0.72,0.0,3.7004,3.7004,90.0,0,5.0
2025-26,PASS,24,left,119,Mbeumo,MID,1,2,138,cap_0.48,1,0.68,0.48,-0.2,3.7556,2.6764,90.0,0,2.0
2025-26,PASS,24,entered,382,Wirtz,MID,1,6,345,hot_skip,0,0.72,0.72,0.0,3.6588,3.6588,86.0,0,12.0
2025-26,PASS,30,left,257,Lacroix,DEF,1,3,145,cap_0.48,1,0.82,0.48,-0.34,3.904,2.4568,90.0,0,9.0
2025-26,PASS,30,entered,72,Senesi,DEF,1,1,360,hot_skip,0,0.82,0.82,0.0,3.7744,3.7744,90.0,0,10.0
2025-26,PASS,31,left,295,Keane,DEF,1,3,188,cap_0.48,1,0.82,0.48,-0.34,4.1408,2.4592,90.0,0,8.0
2025-26,PASS,31,entered,291,Tarkowski,DEF,1,2,270,hot_skip,0,0.82,0.82,0.0,3.9,3.9,90.0,0,6.0
2025-26,PASS,32,left,257,Lacroix,DEF,1,3,145,cap_0.48,1,0.82,0.48,-0.34,4.1248,2.496,90.0,0,4.0
2025-26,PASS,32,left,531,Ballard,DEF,1,5,243,cap_0.48,1,0.82,0.48,-0.34,4.2724,2.6284,0.0,1,0.0
2025-26,PASS,32,entered,72,Senesi,DEF,1,1,360,hot_skip,0,0.82,0.82,0.0,3.85,3.85,90.0,0,4.0
2025-26,PASS,32,entered,106,Collins,DEF,1,3,270,hot_skip,0,0.82,0.82,0.0,3.8244,3.8244,90.0,0,3.0
2025-26,PASS,33,left,237,Enzo,MID,1,3,258,cap_0.48,1,0.82,0.48,-0.34,8.378,4.9596,177.0,0,4.0
2025-26,PASS,33,entered,169,Gomez,MID,1,5,343,hot_skip,0,0.82,0.82,0.0,6.8192,6.8192,19.0,0,1.0
2025-26,PASS,34,left,666,Gyökeres,FWD,1,1,125,cap_0.68,1,0.82,0.68,-0.14,3.8768,3.2396,56.0,0,1.0
2025-26,PASS,34,left,531,Ballard,DEF,1,5,90,cap_0.48,1,0.82,0.48,-0.34,4.334,2.5512,90.0,0,0.0
2025-26,PASS,34,left,119,Mbeumo,MID,1,2,250,cap_0.48,1,0.82,0.48,-0.34,4.0324,2.4812,73.0,0,3.0
2025-26,PASS,34,entered,16,Saka,MID,0,0,90,none,0,0.68,0.68,0.0,4.0712,4.0712,9.0,0,1.0
2025-26,PASS,34,entered,684,Thiaw,DEF,1,4,306,hot_skip,0,0.82,0.82,0.0,3.634,3.634,90.0,0,2.0
2025-26,PASS,34,entered,606,Mavropanos,DEF,0,0,360,none,0,0.72,0.72,0.0,3.7536,3.7536,90.0,0,4.0
2025-26,PASS,35,left,249,João Pedro,FWD,1,1,158,cap_0.68,1,0.82,0.68,-0.14,4.3324,3.682,90.0,0,8.0
2025-26,PASS,35,left,237,Enzo,MID,1,3,267,cap_0.48,1,0.85,0.48,-0.37,4.3576,2.5948,90.0,0,2.0
2025-26,PASS,35,entered,84,Tavernier,MID,1,4,358,hot_skip,0,0.82,0.82,0.0,4.2312,4.2312,85.0,0,3.0
2025-26,PASS,35,entered,21,Rice,MID,0,0,270,none,0,0.85,0.85,0.0,4.1684,4.1684,63.0,0,5.0
2025-26,PASS,36,left,531,Ballard,DEF,1,5,140,cap_0.48,1,0.82,0.48,-0.34,4.3104,2.6328,0.0,1,0.0
2025-26,PASS,36,entered,72,Senesi,DEF,1,1,360,hot_skip,0,0.85,0.85,0.0,3.9912,3.9912,90.0,0,8.0
2025-26,PASS,38,left,417,Cherki,MID,1,3,194,cap_0.48,1,0.68,0.48,-0.2,4.1464,2.9832,32.0,0,1.0
2025-26,PASS,38,left,531,Ballard,DEF,1,5,113,cap_0.48,1,0.82,0.48,-0.34,4.2308,2.5324,0.0,1,0.0
2025-26,PASS,38,entered,178,Welbeck,FWD,1,0,219,n_comp_0,0,0.82,0.82,0.0,4.0648,4.0648,58.0,0,1.0
2025-26,PASS,38,entered,5,Gabriel,DEF,0,0,360,none,0,0.85,0.85,0.0,3.994,3.994,45.0,0,1.0
