season,e024_gate,gw,movement,player_id,web_name,position,season_minutes,recent4_minutes,q,ctrl_mu,treat_mu,packaged_u,mu_delta,had_club_prior,new_club,was_ctrl_captain,was_treat_captain,actual_minutes,blank,actual_points,decision_utility
2022-23,FAIL,1,left,356,Wilson,FWD,0,0,1.0,2.8608,3.4592,3.4592,0.5984,1,1,0,0,89.0,0,6.0,3.4592
2022-23,FAIL,1,left,428,Son,MID,0,0,1.0,4.1008,5.6048,5.6048,1.504,1,1,1,0,90.0,0,5.0,5.6048
2022-23,FAIL,1,left,13,Saka,MID,0,0,1.0,3.1804,3.8156,3.8156,0.6352,1,0,0,0,90.0,0,6.0,3.8156
2022-23,FAIL,1,left,306,Cancelo,DEF,0,0,1.0,2.3396,2.76,2.76,0.4204,1,1,0,0,90.0,0,7.0,2.76
2022-23,FAIL,1,left,345,Martial,FWD,0,0,1.0,2.7476,2.7476,2.7476,0.0,0,1,0,0,0.0,1,0.0,2.7476
2022-23,FAIL,1,entered,261,Maddison,MID,0,0,1.0,2.9508,4.6712,4.6712,1.7204,1,1,0,0,90.0,0,5.0,4.6712
2022-23,FAIL,1,entered,139,Chilwell,DEF,0,0,1.0,1.564,2.8804,2.8804,1.3164,1,0,0,0,64.0,0,9.0,2.8804
2022-23,FAIL,1,entered,303,Mahrez,MID,0,0,1.0,2.6808,4.7044,4.7044,2.0236,1,1,0,0,2.0,0,1.0,4.7044
2022-23,FAIL,1,entered,446,Kulusevski,MID,0,0,1.0,2.8276,4.9052,4.9052,2.0776,1,1,0,1,85.0,0,13.0,4.9052
2022-23,FAIL,1,entered,255,Vardy,FWD,0,0,1.0,2.842,4.2408,4.2408,1.3988,1,1,0,0,90.0,0,5.0,4.2408
2022-23,FAIL,2,left,475,Coady,DEF,3361,0,1.0,2.8648,2.8648,2.8648,0.0,0,1,0,0,80.0,0,2.0,2.8648
2022-23,FAIL,2,left,454,Richarlison,FWD,2522,0,1.0,3.4296,3.4296,3.4296,0.0,0,1,0,0,33.0,0,1.0,3.4296
2022-23,FAIL,2,entered,285,Alexander-Arnold,DEF,90,90,1.0,2.7108,3.5096,3.5096,0.7988,1,1,0,0,90.0,0,3.0,3.5096
2022-23,FAIL,2,entered,303,Mahrez,MID,2,2,1.0,2.9688,5.5728,5.5728,2.604,1,1,0,0,90.0,0,3.0,5.5728
2022-23,FAIL,3,left,585,Dennis,FWD,2579,0,1.0,3.6232,3.6232,3.6232,0.0,0,1,0,0,0.0,1,0.0,3.6232
2022-23,FAIL,3,left,283,Salah,MID,180,180,1.0,3.3772,4.5632,4.5632,1.186,1,1,0,0,90.0,0,8.0,4.5632
2022-23,FAIL,3,left,465,Bowen,MID,174,174,1.0,2.9608,4.3044,4.3044,1.3436,1,0,0,0,90.0,0,2.0,4.3044
2022-23,FAIL,3,left,110,Maupay,FWD,2269,0,1.0,3.3596,3.3596,3.3596,0.0,0,1,0,0,0.0,1,0.0,3.3596
2022-23,FAIL,3,entered,255,Vardy,FWD,159,159,1.0,2.778,4.028,4.028,1.25,1,1,0,0,64.0,0,2.0,4.028
2022-23,FAIL,3,entered,261,Maddison,MID,180,180,1.0,2.7584,4.2416,4.2416,1.4832,1,1,0,0,90.0,0,7.0,4.2416
2022-23,FAIL,3,entered,446,Kulusevski,MID,175,175,1.0,2.746,4.3672,4.3672,1.6212,1,1,0,0,85.0,0,3.0,4.3672
2022-23,FAIL,3,entered,303,Mahrez,MID,92,92,1.0,2.6608,4.6048,4.6048,1.944,1,1,0,0,0.0,1,0.0,4.6048
2022-23,FAIL,4,left,81,Raya,GKP,270,270,1.0,3.3496,3.338,3.338,-0.0116,1,1,0,0,90.0,0,6.0,3.338
2022-23,FAIL,4,left,300,Gündogan,MID,231,231,1.0,2.62,3.492,3.492,0.872,1,1,0,0,29.0,0,4.0,3.492
2022-23,FAIL,4,left,301,De Bruyne,MID,267,267,1.0,3.5448,4.3688,4.3688,0.824,1,1,0,0,88.0,0,2.0,4.3688
2022-23,FAIL,4,left,110,Maupay,FWD,2269,0,1.0,2.9136,2.9136,2.9136,0.0,0,1,0,0,0.0,1,0.0,2.9136
2022-23,FAIL,4,entered,465,Bowen,MID,264,264,1.0,2.5748,3.5792,3.5792,1.0044,1,0,0,0,90.0,0,3.0,3.5792
2022-23,FAIL,4,entered,314,Foden,MID,222,222,1.0,2.6844,3.5488,3.5488,0.8644,1,1,0,0,90.0,0,4.0,3.5488
2022-23,FAIL,4,entered,446,Kulusevski,MID,260,260,1.0,2.4184,3.604,3.604,1.1856,1,1,0,0,82.0,0,6.0,3.604
2022-23,FAIL,4,entered,518,Hennessey,GKP,180,0,1.0,3.3136,3.3136,3.3136,0.0,0,1,0,0,0.0,1,0.0,3.3136
2022-23,FAIL,5,left,288,Diogo Jota,FWD,2357,0,0.0,3.03,3.03,3.03,0.0,1,1,0,0,0.0,1,0.0,3.03
2022-23,FAIL,5,left,257,Amartey,DEF,332,332,1.0,2.3476,2.128,2.128,-0.2196,1,1,0,0,0.0,1,0.0,2.128
2022-23,FAIL,5,left,258,Castagne,DEF,360,360,1.0,2.3148,2.2412,2.2412,-0.0736,1,1,0,0,0.0,1,0.0,2.2412
2022-23,FAIL,5,left,301,De Bruyne,MID,355,355,1.0,3.414,4.176,4.176,0.762,1,1,0,0,21.0,0,1.0,4.176
2022-23,FAIL,5,left,210,Mitrović,FWD,360,360,1.0,2.5264,2.5264,2.5264,0.0,0,1,0,0,90.0,0,9.0,2.5264
2022-23,FAIL,5,left,116,Mac Allister,MID,360,360,1.0,2.3984,2.7676,2.7676,0.3692,1,1,0,0,90.0,0,10.0,2.7676
2022-23,FAIL,5,left,156,Ward,DEF,270,270,1.0,2.308,2.1672,2.1672,-0.1408,1,0,0,0,90.0,0,2.0,2.1672
2022-23,FAIL,5,left,318,Haaland,FWD,323,323,1.0,3.56,3.56,3.56,0.0,0,1,1,0,68.0,0,17.0,3.56
2022-23,FAIL,5,entered,261,Maddison,MID,270,270,1.0,2.5856,4.028,4.028,1.4424,1,1,0,0,90.0,0,1.0,4.028
2022-23,FAIL,5,entered,357,Trippier,DEF,360,360,1.0,2.0768,3.154,3.154,1.0772,1,1,0,0,90.0,0,0.0,3.154
2022-23,FAIL,5,entered,457,Cresswell,DEF,360,360,1.0,2.2588,2.58,2.58,0.3212,1,0,0,0,71.0,0,2.0,2.58
2022-23,FAIL,5,entered,303,Mahrez,MID,152,152,1.0,2.6836,5.2708,5.2708,2.5872,1,1,0,1,35.0,0,4.0,5.2708
2022-23,FAIL,5,entered,465,Bowen,MID,354,354,1.0,2.724,3.8672,3.8672,1.1432,1,0,0,0,90.0,0,2.0,3.8672
2022-23,FAIL,5,entered,279,Firmino,FWD,208,208,1.0,2.3972,3.5044,3.5044,1.1072,1,1,0,0,90.0,0,9.0,3.5044
2022-23,FAIL,5,entered,285,Alexander-Arnold,DEF,352,352,1.0,2.6452,3.2212,3.2212,0.576,1,1,0,0,70.0,0,2.0,3.2212
2022-23,FAIL,5,entered,255,Vardy,FWD,313,313,1.0,2.5452,3.7528,3.7528,1.2076,1,1,0,0,86.0,0,2.0,3.7528
2022-23,FAIL,6,left,480,Neves,MID,450,360,1.0,2.608,2.768,2.768,0.16,1,0,0,0,90.0,0,2.0,2.768
2022-23,FAIL,6,left,288,Diogo Jota,FWD,2357,0,0.0,2.8292,2.8292,2.8292,0.0,1,1,0,0,10.0,0,1.0,2.8292
2022-23,FAIL,6,left,516,Collins,DEF,450,360,1.0,2.5984,2.5984,2.5984,0.0,0,1,0,0,90.0,0,9.0,2.5984
2022-23,FAIL,6,left,104,Groß,MID,450,360,1.0,2.8824,3.1112,3.1112,0.2288,1,1,0,0,90.0,0,5.0,3.1112
2022-23,FAIL,6,left,106,Dunk,DEF,450,360,1.0,2.632,2.66,2.66,0.028,1,1,0,0,90.0,0,1.0,2.66
2022-23,FAIL,6,left,427,Kane,FWD,450,360,1.0,3.2404,3.5756,3.5756,0.3352,1,1,0,0,77.0,0,9.0,3.5756
2022-23,FAIL,6,left,210,Mitrović,FWD,450,360,1.0,2.6796,2.6796,2.6796,0.0,0,1,0,0,90.0,0,5.0,2.6796
2022-23,FAIL,6,entered,356,Wilson,FWD,244,155,1.0,2.5984,3.3292,3.3292,0.7308,1,1,0,0,0.0,1,0.0,3.3292
2022-23,FAIL,6,entered,261,Maddison,MID,360,270,1.0,2.3492,3.4236,3.4236,1.0744,1,1,0,0,90.0,0,2.0,3.4236
2022-23,FAIL,6,entered,357,Trippier,DEF,450,360,1.0,2.3332,3.6916,3.6916,1.3584,1,1,0,0,90.0,0,8.0,3.6916
2022-23,FAIL,6,entered,303,Mahrez,MID,187,185,1.0,2.5668,4.3852,4.3852,1.8184,1,1,0,0,17.0,0,1.0,4.3852
2022-23,FAIL,6,entered,145,Havertz,FWD,408,334,1.0,2.6248,3.2212,3.2212,0.5964,1,0,0,0,18.0,0,6.0,3.2212
2022-23,FAIL,6,entered,477,Jonny,DEF,437,347,1.0,2.1752,2.7716,2.7716,0.5964,1,0,0,0,90.0,0,5.0,2.7716
2022-23,FAIL,6,entered,446,Kulusevski,MID,417,332,1.0,2.6268,3.9188,3.9188,1.292,1,1,0,0,12.0,0,1.0,3.9188
2022-23,FAIL,8,left,480,Neves,MID,540,270,1.0,2.4304,2.5668,2.5668,0.1364,1,0,0,0,90.0,0,1.0,2.5668
2022-23,FAIL,8,left,454,Richarlison,FWD,167,120,1.0,2.5476,2.5476,2.5476,0.0,0,1,0,0,58.0,0,1.0,2.5476
2022-23,FAIL,8,left,526,Mee,DEF,508,270,1.0,2.4876,2.4876,2.4876,0.0,0,1,0,0,90.0,0,1.0,2.4876
2022-23,FAIL,8,entered,477,Jonny,DEF,527,270,1.0,2.1892,2.5996,2.5996,0.4104,1,0,0,0,90.0,0,1.0,2.5996
2022-23,FAIL,8,entered,465,Bowen,MID,534,270,1.0,2.4008,3.3016,3.3016,0.9008,1,0,0,0,90.0,0,2.0,3.3016
2022-23,FAIL,8,entered,189,Gray,MID,530,270,1.0,2.396,2.9084,2.9084,0.5124,1,0,0,0,80.0,0,3.0,2.9084
2022-23,FAIL,9,left,81,Raya,GKP,630,270,1.0,3.29,3.16,3.16,-0.13,1,1,1,0,90.0,0,6.0,3.16
2022-23,FAIL,9,left,356,Wilson,FWD,244,0,0.0,2.4396,2.9612,2.4396,0.5216,1,1,0,0,65.0,0,6.0,2.4396
2022-23,FAIL,9,left,71,Mepham,DEF,621,270,1.0,2.5184,2.5184,2.5184,0.0,0,1,0,0,90.0,0,6.0,2.5184
2022-23,FAIL,9,entered,40,Watkins,FWD,564,270,1.0,2.3476,2.5776,2.5776,0.23,1,0,0,0,90.0,0,2.0,2.5776
2022-23,FAIL,9,entered,2,Leno,GKP,450,270,1.0,3.2876,3.2876,3.2876,0.0,0,1,0,0,90.0,0,2.0,3.2876
2022-23,FAIL,9,entered,357,Trippier,DEF,630,270,1.0,2.2816,3.1428,3.1428,0.8612,1,1,0,0,82.0,0,7.0,3.1428
2022-23,FAIL,10,left,71,Mepham,DEF,711,270,1.0,2.5304,2.5304,2.5304,0.0,0,1,0,0,90.0,0,2.0,2.5304
2022-23,FAIL,10,entered,407,Ward-Prowse,MID,720,270,1.0,2.2584,2.5732,2.5732,0.3148,1,1,0,0,90.0,0,2.0,2.5732
2022-23,FAIL,11,left,617,Aubameyang,FWD,74,74,0.8222,2.4968,2.4968,2.4968,0.0,0,1,0,0,57.0,0,1.0,2.4968
2022-23,FAIL,11,entered,40,Watkins,FWD,744,270,1.0,2.38,2.6152,2.6152,0.2352,1,0,0,0,90.0,0,2.0,2.6152
2022-23,FAIL,12,left,258,Castagne,DEF,741,336,1.0,2.6056,2.6084,2.6084,0.0028,1,1,0,0,90.0,0,6.0,2.6084
2022-23,FAIL,12,left,66,Solanke,FWD,673,358,1.0,2.5312,2.5312,2.5312,0.0,0,1,0,0,90.0,0,2.0,2.5312
2022-23,FAIL,12,left,680,Gakpo,MID,0,0,0.0,2.7748,2.7748,2.7748,0.0,0,1,0,0,0.0,1,0.0,2.7748
2022-23,FAIL,12,left,333,Fernandes,MID,809,270,1.0,2.544,2.5476,2.5476,0.0036,1,1,0,0,90.0,0,11.0,2.5476
2022-23,FAIL,12,left,342,Dalot,DEF,805,270,1.0,2.7348,2.5928,2.5928,-0.142,1,1,0,0,90.0,0,6.0,2.5928
2022-23,FAIL,12,left,377,Botman,DEF,631,270,1.0,2.5288,2.5288,2.5288,0.0,0,1,0,0,90.0,0,7.0,2.5288
2022-23,FAIL,12,entered,288,Diogo Jota,FWD,195,185,1.0,2.4964,3.7,3.7,1.2036,1,1,0,1,0.0,1,0.0,3.7
2022-23,FAIL,12,entered,261,Maddison,MID,804,354,1.0,2.4652,3.316,3.316,0.8508,1,1,0,0,0.0,1,0.0,3.316
2022-23,FAIL,12,entered,264,Barnes,MID,654,354,1.0,2.3324,3.2644,3.2644,0.932,1,1,0,0,84.0,0,8.0,3.2644
2022-23,FAIL,12,entered,366,Schär,DEF,802,352,1.0,2.4888,2.642,2.642,0.1532,1,1,0,0,90.0,0,5.0,2.642
2022-23,FAIL,12,entered,465,Bowen,MID,894,360,1.0,2.4184,2.9556,2.9556,0.5372,1,0,0,0,90.0,0,0.0,2.9556
2022-23,FAIL,12,entered,374,Bruno Guimarães,MID,553,283,1.0,2.4628,3.5232,3.5232,1.0604,1,1,0,0,90.0,0,6.0,3.5232
2022-23,FAIL,13,left,484,Kilman,DEF,990,360,1.0,2.516,2.502,2.502,-0.014,1,0,0,0,90.0,0,0.0,2.502
2022-23,FAIL,13,left,39,Mings,DEF,810,360,1.0,2.4232,2.6212,2.6212,0.198,1,0,0,0,90.0,0,10.0,2.6212
2022-23,FAIL,13,left,617,Aubameyang,FWD,140,140,1.0,2.708,2.708,2.708,0.0,0,1,0,0,73.0,0,2.0,2.708
2022-23,FAIL,13,left,461,Zouma,DEF,900,270,1.0,2.546,2.534,2.534,-0.012,1,0,0,0,90.0,0,15.0,2.534
2022-23,FAIL,13,left,475,Coady,DEF,890,360,1.0,2.5704,2.5704,2.5704,0.0,0,1,0,0,90.0,0,6.0,2.5704
2022-23,FAIL,13,left,318,Haaland,FWD,841,270,1.0,3.3244,3.3244,3.3244,0.0,0,1,0,0,79.0,0,13.0,3.3244
2022-23,FAIL,13,entered,288,Diogo Jota,FWD,195,185,1.0,2.3296,3.1564,3.1564,0.8268,1,1,0,0,0.0,1,0.0,3.1564
2022-23,FAIL,13,entered,357,Trippier,DEF,975,345,1.0,2.4612,3.1132,3.1132,0.652,1,1,0,0,90.0,0,2.0,3.1132
2022-23,FAIL,13,entered,171,Olise,MID,423,278,1.0,1.9216,2.7164,2.7164,0.7948,1,0,0,0,61.0,0,2.0,2.7164
2022-23,FAIL,13,entered,141,Chalobah,DEF,360,270,1.0,2.2536,2.9716,2.9716,0.718,1,0,0,0,90.0,0,2.0,2.9716
2022-23,FAIL,13,entered,465,Bowen,MID,984,360,1.0,2.5352,3.18,3.18,0.6448,1,0,0,0,87.0,0,3.0,3.18
2022-23,FAIL,13,entered,374,Bruno Guimarães,MID,643,302,1.0,2.172,2.8396,2.8396,0.6676,1,1,0,0,88.0,0,2.0,2.8396
2022-23,FAIL,14,left,576,Senesi,DEF,671,346,1.0,2.6296,2.6296,2.6296,0.0,0,1,0,0,90.0,0,1.0,2.6296
2022-23,FAIL,14,left,680,Gakpo,MID,0,0,0.0,2.8064,2.8064,2.8064,0.0,0,1,0,0,0.0,1,0.0,2.8064
2022-23,FAIL,14,left,169,Eze,MID,911,359,1.0,2.6024,2.7692,2.7692,0.1668,1,0,0,0,62.0,0,3.0,2.7692
2022-23,FAIL,14,left,427,Kane,FWD,1066,359,1.0,2.7452,2.9044,2.9044,0.1592,1,1,0,0,90.0,0,1.0,2.9044
2022-23,FAIL,14,left,342,Dalot,DEF,985,360,1.0,2.5944,2.5996,2.5996,0.0052,1,1,0,0,90.0,0,9.0,2.5996
2022-23,FAIL,14,entered,288,Diogo Jota,FWD,195,170,1.0,2.6064,3.77,3.77,1.1636,1,1,0,0,0.0,1,0.0,3.77
2022-23,FAIL,14,entered,261,Maddison,MID,894,270,1.0,2.3656,3.2036,3.2036,0.838,1,1,0,0,90.0,0,2.0,3.2036
2022-23,FAIL,14,entered,428,Son,MID,940,349,1.0,2.674,3.2224,3.2224,0.5484,1,1,0,0,90.0,0,2.0,3.2224
2022-23,FAIL,14,entered,335,Rashford,MID,856,278,1.0,2.5908,2.9588,2.9588,0.368,1,1,0,0,90.0,0,8.0,2.9588
2022-23,FAIL,14,entered,374,Bruno Guimarães,MID,731,332,1.0,2.2724,3.1712,3.1712,0.8988,1,1,0,0,82.0,0,3.0,3.1712
2022-23,FAIL,15,left,427,Kane,FWD,1156,360,1.0,2.6788,2.8388,2.8388,0.16,1,1,0,0,90.0,0,8.0,2.8388
2022-23,FAIL,15,left,516,Collins,DEF,842,270,1.0,2.6692,2.6692,2.6692,0.0,0,1,0,0,90.0,0,0.0,2.6692
2022-23,FAIL,15,left,461,Zouma,DEF,1080,270,1.0,2.5952,2.5492,2.5492,-0.046,1,0,0,0,90.0,0,1.0,2.5492
2022-23,FAIL,15,left,475,Coady,DEF,1070,360,1.0,2.5244,2.5244,2.5244,0.0,0,1,0,0,90.0,0,1.0,2.5244
2022-23,FAIL,15,entered,288,Diogo Jota,FWD,195,90,1.0,2.3464,3.298,3.298,0.9516,1,1,0,0,0.0,1,0.0,3.298
2022-23,FAIL,15,entered,465,Bowen,MID,1161,357,1.0,2.3136,2.9144,2.9144,0.6008,1,0,0,0,90.0,0,2.0,2.9144
2022-23,FAIL,15,entered,538,Young,DEF,694,360,1.0,2.466,2.684,2.684,0.218,1,0,0,0,11.0,0,1.0,2.684
2022-23,FAIL,15,entered,141,Chalobah,DEF,540,360,1.0,2.3792,2.91,2.91,0.5308,1,0,0,0,90.0,0,1.0,2.91
2022-23,FAIL,16,left,680,Gakpo,MID,0,0,0.0,2.774,2.774,2.774,0.0,0,1,0,0,0.0,1,0.0,2.774
2022-23,FAIL,16,left,377,Botman,DEF,971,340,1.0,2.5144,2.5144,2.5144,0.0,0,1,0,0,86.0,0,7.0,2.5144
2022-23,FAIL,16,left,614,Willian,MID,473,329,1.0,2.7236,2.7236,2.7236,0.0,0,1,0,0,90.0,0,2.0,2.7236
2022-23,FAIL,16,entered,464,Benrahma,MID,655,272,1.0,2.1308,2.9488,2.9488,0.818,1,0,0,0,90.0,0,2.0,2.9488
2022-23,FAIL,16,entered,374,Bruno Guimarães,MID,903,350,1.0,2.1852,2.9308,2.9308,0.7456,1,1,0,0,90.0,0,3.0,2.9308
2022-23,FAIL,16,entered,286,Gomez,DEF,795,273,1.0,2.5112,2.8512,2.8512,0.34,1,1,0,0,90.0,0,2.0,2.8512
2022-23,FAIL,17,left,257,Amartey,DEF,913,360,1.0,2.6188,2.5516,2.5516,-0.0672,1,1,0,0,90.0,0,1.0,2.5516
2022-23,FAIL,17,left,258,Castagne,DEF,1191,360,1.0,2.6388,2.66,2.66,0.0212,1,1,0,0,90.0,0,1.0,2.66
2022-23,FAIL,17,left,342,Dalot,DEF,1165,270,1.0,2.7148,2.5832,2.5832,-0.1316,1,1,0,0,0.0,1,0.0,2.5832
2022-23,FAIL,17,left,519,Eriksen,MID,1043,337,1.0,2.5432,2.5432,2.5432,0.0,0,1,0,0,76.0,0,5.0,2.5432
2022-23,FAIL,17,entered,16,Gabriel,DEF,1260,360,1.0,2.538,2.702,2.702,0.164,1,0,0,0,90.0,0,2.0,2.702
2022-23,FAIL,17,entered,42,Buendía,MID,720,281,1.0,2.3836,2.8776,2.8776,0.494,1,0,0,0,85.0,0,2.0,2.8776
2022-23,FAIL,17,entered,171,Olise,MID,749,326,1.0,2.314,3.1252,3.1252,0.8112,1,0,0,0,83.0,0,2.0,3.1252
2022-23,FAIL,17,entered,141,Chalobah,DEF,720,360,1.0,2.1576,2.6652,2.6652,0.5076,1,0,0,0,2.0,0,1.0,2.6652
2022-23,FAIL,18,left,680,Gakpo,MID,0,0,0.0,2.7892,2.7892,2.7892,0.0,0,1,0,0,0.0,1,0.0,2.7892
2022-23,FAIL,18,left,369,Almirón,MID,1337,337,1.0,2.56,2.4512,2.4512,-0.1088,1,1,0,0,83.0,0,3.0,2.4512
2022-23,FAIL,18,left,427,Kane,FWD,1426,360,1.0,2.7028,2.8184,2.8184,0.1156,1,1,0,0,90.0,0,2.0,2.8184
2022-23,FAIL,18,left,470,Diop,DEF,686,360,1.0,2.5364,2.5364,2.5364,0.0,0,1,0,0,90.0,0,2.0,2.5364
2022-23,FAIL,18,entered,288,Diogo Jota,FWD,195,0,0.0,2.5832,3.6124,2.5832,1.0292,1,1,0,0,0.0,1,0.0,2.5832
2022-23,FAIL,18,entered,300,Gündogan,MID,980,360,1.0,2.5908,3.1624,3.1624,0.5716,1,1,0,0,3.0,0,1.0,3.1624
2022-23,FAIL,18,entered,285,Alexander-Arnold,DEF,1066,332,1.0,2.6832,3.1144,3.1144,0.4312,1,1,0,0,85.0,0,8.0,3.1144
2022-23,FAIL,18,entered,464,Benrahma,MID,835,333,1.0,2.2444,3.0532,3.0532,0.8088,1,0,0,0,90.0,0,2.0,3.0532
2022-23,FAIL,19,left,257,Amartey,DEF,1093,360,1.0,2.5548,2.4388,2.4388,-0.116,1,1,0,0,90.0,0,2.0,2.4388
2022-23,FAIL,19,entered,171,Olise,MID,919,350,1.0,2.4856,3.1668,3.1668,0.6812,1,0,0,0,72.0,0,2.0,3.1668
2022-23,FAIL,20,left,169,Eze,MID,1345,282,1.0,4.7732,4.9736,4.9736,0.2004,1,0,0,0,103.0,0,2.0,4.9736
2022-23,FAIL,20,left,302,Stones,DEF,1000,360,1.0,5.0536,5.1528,5.1528,0.0992,1,1,0,0,90.0,0,1.0,5.1528
2022-23,FAIL,20,entered,513,Lenglet,DEF,835,321,1.0,4.6312,4.6312,4.6312,0.0,0,1,0,0,99.0,0,1.0,4.6312
2022-23,FAIL,20,entered,300,Gündogan,MID,1073,273,1.0,5.098,5.9276,5.9276,0.8296,1,1,0,0,80.0,0,2.0,5.9276
2022-23,FAIL,21,left,680,Gakpo,MID,90,90,1.0,2.91,2.91,2.91,0.0,0,1,0,0,81.0,0,3.0,2.91
2022-23,FAIL,21,left,302,Stones,DEF,1090,360,1.0,2.798,2.8192,2.8192,0.0212,1,1,0,0,90.0,0,8.0,2.8192
2022-23,FAIL,21,left,335,Rashford,MID,1526,400,1.0,2.8088,2.8752,2.8752,0.0664,1,1,0,0,90.0,0,7.0,2.8752
2022-23,FAIL,21,left,628,Aurier,DEF,873,343,1.0,2.5804,2.5804,2.5804,0.0,0,1,0,0,74.0,0,2.0,2.5804
2022-23,FAIL,21,left,283,Salah,MID,1597,360,1.0,2.9944,3.1716,3.1716,0.1772,1,1,0,0,90.0,0,3.0,3.1716
2022-23,FAIL,21,entered,357,Trippier,DEF,1684,360,1.0,2.62,2.702,2.702,0.082,1,1,0,0,90.0,0,8.0,2.702
2022-23,FAIL,21,entered,171,Olise,MID,1171,422,1.0,2.4756,2.9276,2.9276,0.452,1,0,0,0,25.0,0,0.0,2.9276
2022-23,FAIL,21,entered,301,De Bruyne,MID,1490,360,1.0,3.1072,3.348,3.348,0.2408,1,1,0,0,76.0,0,6.0,3.348
2022-23,FAIL,21,entered,278,Chamberlain,MID,307,277,1.0,2.25,3.0504,3.0504,0.8004,1,1,0,0,0.0,1,0.0,3.0504
2022-23,FAIL,21,entered,222,Ayling,DEF,428,274,1.0,2.292,2.6836,2.6836,0.3916,1,1,0,0,90.0,0,8.0,2.6836
2022-23,FAIL,22,left,7,Ødegaard,MID,1522,356,1.0,2.9012,2.9492,2.9492,0.048,1,0,0,0,76.0,0,2.0,2.9492
2022-23,FAIL,22,entered,135,Ziyech,MID,422,274,1.0,2.29,3.166,3.166,0.876,1,0,0,0,59.0,0,1.0,3.166
2022-23,FAIL,23,left,16,Gabriel,DEF,1800,360,1.0,5.0456,5.0456,5.0456,0.0,1,0,0,0,180.0,0,3.0,5.0456
2022-23,FAIL,23,left,2,Leno,GKP,1800,450,1.0,3.7676,3.7676,3.7676,0.0,0,1,0,0,90.0,0,6.0,3.7676
2022-23,FAIL,23,left,124,Mitoma,MID,834,346,1.0,2.76,2.76,2.76,0.0,0,1,0,0,90.0,0,2.0,2.76
2022-23,FAIL,23,left,335,Rashford,MID,1796,540,1.0,2.9084,2.9084,2.9084,0.0,1,1,0,0,90.0,0,8.0,2.9084
2022-23,FAIL,23,entered,171,Olise,MID,1286,367,1.0,2.5068,2.8468,2.8468,0.34,1,0,0,0,83.0,0,2.0,2.8468
2022-23,FAIL,23,entered,222,Ayling,DEF,698,450,1.0,2.488,2.8272,2.8272,0.3392,1,1,0,0,90.0,0,1.0,2.8272
2022-23,FAIL,23,entered,446,Kulusevski,MID,1054,355,1.0,2.6152,3.3008,3.3008,0.6856,1,1,0,0,78.0,0,2.0,3.3008
2022-23,FAIL,23,entered,15,Ramsdale,GKP,1800,360,1.0,6.2316,6.2316,6.2316,0.0,1,0,0,0,180.0,0,3.0,6.2316
2022-23,FAIL,24,left,92,Pinnock,DEF,1260,360,1.0,2.6452,2.67,2.67,0.0248,1,1,0,0,90.0,0,2.0,2.67
2022-23,FAIL,24,left,333,Fernandes,MID,1979,540,1.0,2.806,2.806,2.806,0.0,1,1,0,0,90.0,0,12.0,2.806
2022-23,FAIL,24,left,7,Ødegaard,MID,1778,436,1.0,2.7904,2.7904,2.7904,0.0,1,0,0,0,90.0,0,8.0,2.7904
2022-23,FAIL,24,entered,128,Thiago Silva,DEF,1793,360,1.0,2.6776,2.6776,2.6776,0.0,1,0,0,0,0.0,1,0.0,2.6776
2022-23,FAIL,24,entered,11,Nketiah,FWD,861,450,1.0,2.6724,3.188,3.188,0.5156,1,0,0,0,90.0,0,2.0,3.188
2022-23,FAIL,24,entered,446,Kulusevski,MID,1132,433,1.0,2.7056,3.4444,3.4444,0.7388,1,1,0,0,89.0,0,3.0,3.4444
2022-23,FAIL,25,left,285,Alexander-Arnold,DEF,1619,288,1.0,5.29,5.5112,5.5112,0.2212,1,1,0,0,159.0,0,13.0,5.5112
2022-23,FAIL,25,entered,288,Diogo Jota,FWD,246,51,0.5667,5.1048,6.9796,6.1672,1.8748,1,1,0,0,145.0,0,7.0,6.1672
2022-23,FAIL,26,left,124,Mitoma,MID,1014,270,1.0,2.9028,2.9028,2.9028,0.0,0,1,0,0,82.0,0,13.0,2.9028
2022-23,FAIL,26,left,318,Haaland,FWD,1931,386,1.0,3.25,3.25,3.25,0.0,0,1,0,0,90.0,0,4.0,3.25
2022-23,FAIL,26,left,335,Rashford,MID,1954,338,1.0,3.1072,3.1072,3.1072,0.0,1,1,0,0,84.0,0,2.0,3.1072
2022-23,FAIL,26,entered,333,Fernandes,MID,2069,360,1.0,3.2048,3.2048,3.2048,0.0,1,1,0,0,90.0,0,2.0,3.2048
2022-23,FAIL,26,entered,262,Iheanacho,FWD,565,277,1.0,2.7828,3.58,3.58,0.7972,1,1,0,0,90.0,0,2.0,3.58
2022-23,FAIL,26,entered,303,Mahrez,MID,1055,220,1.0,2.4884,3.3048,3.3048,0.8164,1,1,0,0,0.0,1,0.0,3.3048
2022-23,FAIL,27,left,170,Mitchell,DEF,1719,351,1.0,4.2892,4.282,4.282,-0.0072,1,0,0,0,180.0,0,4.0,4.282
2022-23,FAIL,27,left,95,Mbeumo,FWD,1837,250,1.0,4.0332,4.0332,4.0332,0.0,1,1,0,0,167.0,0,4.0,4.0332
2022-23,FAIL,27,entered,92,Pinnock,DEF,1440,270,1.0,4.3908,4.4464,4.4464,0.0556,1,1,0,0,180.0,0,8.0,4.4464
2022-23,FAIL,27,entered,262,Iheanacho,FWD,655,301,1.0,3.0412,3.9,3.9,0.8588,1,1,0,0,75.0,0,2.0,3.9
2022-23,FAIL,29,left,40,Watkins,FWD,2143,348,1.0,5.5528,5.5528,5.5528,0.0,1,0,0,0,180.0,0,17.0,5.5528
2022-23,FAIL,29,left,628,Aurier,DEF,1430,270,1.0,5.0752,5.0752,5.0752,0.0,0,1,0,0,0.0,1,0.0,5.0752
2022-23,FAIL,29,entered,256,Ricardo,DEF,277,275,1.0,4.1736,5.6072,5.6072,1.4336,1,1,0,0,50.0,0,8.0,5.6072
2022-23,FAIL,29,entered,464,Benrahma,MID,1420,217,1.0,5.206,5.7232,5.7232,0.5172,1,0,0,0,152.0,0,5.0,5.7232
2022-23,FAIL,30,left,280,Van Dijk,DEF,2025,270,1.0,3.0684,3.0684,3.0684,0.0,1,1,0,0,90.0,0,0.0,3.0684
2022-23,FAIL,30,left,355,Dubravka,GKP,66,0,0.0,3.7688,3.6924,3.7688,-0.0764,1,1,0,0,0.0,1,0.0,3.7688
2022-23,FAIL,30,left,116,Mac Allister,MID,2065,429,1.0,3.0752,3.0752,3.0752,0.0,1,1,0,0,90.0,0,2.0,3.0752
2022-23,FAIL,30,entered,256,Ricardo,DEF,327,320,1.0,2.3996,3.2252,3.2252,0.8256,1,1,0,0,57.0,0,1.0,3.2252
2022-23,FAIL,30,entered,81,Raya,GKP,2610,540,1.0,3.804,3.804,3.804,0.0,1,1,0,0,90.0,0,0.0,3.804
2022-23,FAIL,30,entered,124,Mitoma,MID,1444,430,1.0,3.0768,3.0768,3.0768,0.0,0,1,0,0,90.0,0,2.0,3.0768
2022-23,FAIL,32,left,40,Watkins,FWD,2503,450,1.0,3.1336,3.1336,3.1336,0.0,1,0,0,0,90.0,0,2.0,3.1336
2022-23,FAIL,32,entered,288,Diogo Jota,FWD,748,300,1.0,2.7664,3.4488,3.4488,0.6824,1,1,0,0,80.0,0,13.0,3.4488
2022-23,FAIL,33,left,427,Kane,FWD,2866,360,1.0,3.5608,3.5608,3.5608,0.0,1,1,0,0,90.0,0,11.0,3.5608
2022-23,FAIL,33,left,39,Mings,DEF,2610,450,1.0,2.81,2.81,2.81,0.0,1,0,0,0,90.0,0,15.0,2.81
2022-23,FAIL,33,entered,288,Diogo Jota,FWD,828,380,1.0,2.9168,3.5068,3.5068,0.59,1,1,0,0,58.0,0,1.0,3.5068
2022-23,FAIL,33,entered,285,Alexander-Arnold,DEF,2292,360,1.0,3.0072,3.0072,3.0072,0.0,1,1,0,0,90.0,0,5.0,3.0072
2022-23,FAIL,35,left,427,Kane,FWD,3046,360,1.0,3.7448,3.7448,3.7448,0.0,1,1,0,0,90.0,0,8.0,3.7448
2022-23,FAIL,35,left,124,Mitoma,MID,1838,304,1.0,3.5292,3.5292,3.5292,0.0,0,1,0,0,90.0,0,5.0,3.5292
2022-23,FAIL,35,entered,285,Alexander-Arnold,DEF,2562,450,1.0,3.5672,3.5672,3.5672,0.0,1,1,0,0,90.0,0,7.0,3.5672
2022-23,FAIL,35,entered,303,Mahrez,MID,1480,280,1.0,3.462,4.0932,4.0932,0.6312,1,1,0,0,90.0,0,10.0,4.0932
2022-23,FAIL,36,left,40,Watkins,FWD,2863,360,1.0,3.4336,3.4336,3.4336,0.0,1,0,0,0,90.0,0,4.0,3.4336
2022-23,FAIL,36,left,366,Schär,DEF,2847,343,1.0,5.9488,5.9488,5.9488,0.0,1,1,0,0,180.0,0,2.0,5.9488
2022-23,FAIL,36,entered,356,Wilson,FWD,1620,232,1.0,5.8848,6.0264,6.0264,0.1416,1,1,0,0,162.0,0,24.0,6.0264
2022-23,FAIL,36,entered,342,Dalot,DEF,2062,273,1.0,3.4056,3.4056,3.4056,0.0,1,1,0,0,0.0,1,0.0,3.4056
2023-24,PASS,1,left,396,Rashford,MID,0,0,1.0,3.1624,3.3356,3.3356,0.1732,1,0,0,0,87.0,0,3.0,3.3356
2023-24,PASS,1,left,14,Ødegaard,MID,0,0,1.0,3.0668,2.9932,2.9932,-0.0736,1,0,0,0,90.0,0,2.0,2.9932
2023-24,PASS,1,entered,26,Trossard,MID,0,0,1.0,2.66,3.516,3.516,0.856,1,0,0,0,17.0,0,1.0,3.516
2023-24,PASS,1,entered,294,Diogo J.,MID,0,0,1.0,2.6072,3.8836,3.8836,1.2764,1,1,0,0,65.0,0,1.0,3.8836
2023-24,PASS,2,left,368,Stones,DEF,1844,0,1.0,2.666,2.666,2.666,0.0,1,0,0,0,0.0,1,0.0,2.666
2023-24,PASS,2,left,355,Haaland,FWD,79,79,1.0,4.3136,3.8944,3.8944,-0.4192,1,0,1,0,90.0,0,2.0,3.8944
2023-24,PASS,2,left,236,Olise,MID,2743,0,1.0,3.2504,3.2504,3.2504,0.0,1,1,0,0,0.0,1,0.0,3.2504
2023-24,PASS,2,left,664,Ward-Prowse,MID,3371,0,1.0,3.16,3.16,3.16,0.0,0,1,0,0,80.0,0,9.0,3.16
2023-24,PASS,2,entered,433,Wilson,FWD,22,22,1.0,2.8648,3.29,3.29,0.4252,1,0,0,0,24.0,0,1.0,3.29
2023-24,PASS,2,entered,290,Alexander-Arnold,DEF,90,90,1.0,2.7512,3.234,3.234,0.4828,1,1,0,0,75.0,0,2.0,3.234
2023-24,PASS,2,entered,294,Diogo J.,MID,65,65,1.0,2.7976,4.2644,4.2644,1.4668,1,1,0,0,75.0,0,12.0,4.2644
2023-24,PASS,2,entered,526,Bowen,MID,90,90,1.0,2.6012,3.4128,3.4128,0.8116,1,0,0,0,90.0,0,2.0,3.4128
2023-24,PASS,3,left,8,G.Jesus,FWD,2064,0,1.0,3.2084,3.2084,3.2084,0.0,1,0,0,0,1.0,0,1.0,3.2084
2023-24,PASS,3,left,355,Haaland,FWD,169,169,1.0,3.7232,3.3548,3.3548,-0.3684,1,0,0,0,90.0,0,4.0,3.3548
2023-24,PASS,3,left,236,Olise,MID,2743,0,1.0,2.9848,2.9848,2.9848,0.0,1,1,0,0,0.0,1,0.0,2.9848
2023-24,PASS,3,left,198,Cucurella,DEF,1669,0,1.0,2.0,1.9892,1.9892,-0.0108,1,1,0,0,0.0,1,0.0,1.9892
2023-24,PASS,3,entered,433,Wilson,FWD,46,46,1.0,3.0936,3.716,3.716,0.6224,1,0,0,0,18.0,0,1.0,3.716
2023-24,PASS,3,entered,195,Chilwell,DEF,149,149,1.0,1.7568,2.4056,2.4056,0.6488,1,1,0,0,85.0,0,6.0,2.4056
2023-24,PASS,3,entered,308,Salah,MID,161,161,1.0,3.5804,4.1224,4.1224,0.542,1,1,0,1,90.0,0,5.0,4.1224
2023-24,PASS,3,entered,294,Diogo J.,MID,140,140,1.0,2.6016,3.7508,3.7508,1.1492,1,1,0,0,32.0,0,4.0,3.7508
2023-24,PASS,4,left,259,McNeil,MID,2490,0,1.0,2.8332,2.8332,2.8332,0.0,1,1,0,0,15.0,0,1.0,2.8332
2023-24,PASS,4,entered,293,Darwin,FWD,41,41,1.0,2.4616,3.1396,3.1396,0.678,1,1,0,0,64.0,0,8.0,3.1396
2023-24,PASS,5,left,226,Eze,MID,360,360,1.0,3.0572,3.1976,3.1976,0.1404,1,1,0,0,90.0,0,1.0,3.1976
2023-24,PASS,5,left,355,Haaland,FWD,349,349,1.0,3.9528,3.6936,3.6936,-0.2592,1,0,1,0,90.0,0,6.0,3.6936
2023-24,PASS,5,left,396,Rashford,MID,351,351,1.0,3.236,3.4104,3.4104,0.1744,1,0,0,0,90.0,0,2.0,3.4104
2023-24,PASS,5,left,439,Boly,DEF,338,338,1.0,2.4292,2.3512,2.3512,-0.078,1,0,0,0,0.0,1,0.0,2.3512
2023-24,PASS,5,left,504,Maddison,MID,337,337,1.0,3.3576,3.3576,3.3576,0.0,0,1,0,0,90.0,0,1.0,3.3576
2023-24,PASS,5,left,511,Romero,DEF,283,283,1.0,2.4416,2.4684,2.4684,0.0268,1,0,0,0,90.0,0,2.0,2.4684
2023-24,PASS,5,entered,195,Chilwell,DEF,295,295,1.0,2.4144,3.1036,3.1036,0.6892,1,1,0,0,10.0,0,0.0,3.1036
2023-24,PASS,5,entered,294,Diogo J.,MID,197,197,1.0,2.706,3.884,3.884,1.178,1,1,0,0,55.0,0,1.0,3.884
2023-24,PASS,5,entered,13,Nketiah,FWD,270,270,1.0,2.0704,3.154,3.154,1.0836,1,0,0,0,65.0,0,2.0,3.154
2023-24,PASS,5,entered,430,Trippier,DEF,360,360,1.0,2.4448,2.764,2.764,0.3192,1,0,0,0,90.0,0,8.0,2.764
2023-24,PASS,5,entered,526,Bowen,MID,360,360,1.0,3.04,3.658,3.658,0.618,1,0,0,0,90.0,0,2.0,3.658
2023-24,PASS,5,entered,308,Salah,MID,341,341,1.0,3.4688,3.9252,3.9252,0.4564,1,1,0,0,90.0,0,10.0,3.9252
2023-24,PASS,6,left,664,Ward-Prowse,MID,350,350,1.0,2.8892,2.8892,2.8892,0.0,0,1,0,0,90.0,0,2.0,2.8892
2023-24,PASS,6,left,234,Mitchell,DEF,450,360,1.0,2.7112,2.6868,2.6868,-0.0244,1,1,0,0,90.0,0,5.0,2.6868
2023-24,PASS,6,left,349,De Bruyne,MID,22,0,0.0,3.594,4.1012,3.594,0.5072,1,0,0,0,0.0,1,0.0,3.594
2023-24,PASS,6,entered,433,Wilson,FWD,186,164,1.0,2.9392,3.3856,3.3856,0.4464,1,0,0,0,69.0,0,6.0,3.3856
2023-24,PASS,6,entered,226,Eze,MID,450,360,1.0,2.8508,3.0244,3.0244,0.1736,1,1,0,0,90.0,0,3.0,3.0244
2023-24,PASS,6,entered,293,Darwin,FWD,139,115,1.0,2.6076,3.1408,3.1408,0.5332,1,1,0,0,80.0,0,6.0,3.1408
2023-24,PASS,7,left,355,Haaland,FWD,529,360,1.0,4.4984,4.262,4.262,-0.2364,1,0,0,0,90.0,0,2.0,4.262
2023-24,PASS,7,left,220,Andersen,DEF,540,360,1.0,2.8,2.8436,2.8436,0.0436,1,1,0,0,90.0,0,15.0,2.8436
2023-24,PASS,7,left,165,Cullen,MID,450,360,1.0,3.4092,3.4092,3.4092,0.0,0,1,0,0,180.0,0,4.0,3.4092
2023-24,PASS,7,entered,433,Wilson,FWD,255,209,1.0,3.4888,3.9852,3.9852,0.4964,1,0,0,0,0.0,1,0.0,3.9852
2023-24,PASS,7,entered,506,Pedro Porro,DEF,447,360,1.0,2.5028,3.1648,3.1648,0.662,1,0,0,0,90.0,0,7.0,3.1648
2023-24,PASS,7,entered,526,Bowen,MID,540,360,1.0,3.4852,4.0524,4.0524,0.5672,1,0,0,0,90.0,0,9.0,4.0524
2023-24,PASS,8,left,281,Ream,DEF,513,360,1.0,2.858,2.7268,2.7268,-0.1312,1,1,0,0,90.0,0,2.0,2.7268
2023-24,PASS,8,left,326,Morris,FWD,600,420,1.0,3.2032,3.2032,3.2032,0.0,0,1,0,0,90.0,0,1.0,3.2032
2023-24,PASS,8,left,14,Ødegaard,MID,622,360,1.0,3.6916,3.5988,3.5988,-0.0928,1,0,0,0,90.0,0,3.0,3.5988
2023-24,PASS,8,entered,13,Nketiah,FWD,493,298,1.0,2.3892,3.5068,3.5068,1.1176,1,0,0,0,74.0,0,2.0,3.5068
2023-24,PASS,8,entered,228,Guéhi,DEF,540,270,1.0,2.8008,2.882,2.882,0.0812,1,1,0,0,90.0,0,9.0,2.882
2023-24,PASS,8,entered,516,Son,MID,550,296,1.0,3.6804,4.1024,4.1024,0.422,1,0,0,0,75.0,0,3.0,4.1024
2023-24,PASS,9,left,584,Pau,DEF,689,360,1.0,2.778,2.778,2.778,0.0,0,1,0,0,90.0,0,2.0,2.778
2023-24,PASS,9,left,355,Haaland,FWD,709,360,1.0,4.8388,4.6744,4.6744,-0.1644,1,0,0,0,90.0,0,8.0,4.6744
2023-24,PASS,9,left,220,Andersen,DEF,720,360,1.0,2.8584,2.8144,2.8144,-0.044,1,1,0,0,90.0,0,0.0,2.8144
2023-24,PASS,9,left,439,Boly,DEF,608,270,1.0,2.8488,2.8268,2.8268,-0.022,1,0,0,0,77.0,0,6.0,2.8268
2023-24,PASS,9,entered,433,Wilson,FWD,259,163,1.0,3.2484,3.8596,3.8596,0.6112,1,0,0,0,69.0,0,6.0,3.8596
2023-24,PASS,9,entered,506,Pedro Porro,DEF,627,360,1.0,2.8408,3.4464,3.4464,0.6056,1,0,0,0,90.0,0,6.0,3.4464
2023-24,PASS,9,entered,307,Robertson,DEF,720,360,1.0,2.7188,3.1172,3.1172,0.3984,1,1,0,0,0.0,1,0.0,3.1172
2023-24,PASS,9,entered,430,Trippier,DEF,699,339,1.0,3.258,3.5308,3.5308,0.2728,1,0,0,0,68.0,0,10.0,3.5308
2023-24,PASS,10,left,275,Leno,GKP,810,360,1.0,3.6148,3.592,3.592,-0.0228,1,1,0,0,90.0,0,3.0,3.592
2023-24,PASS,10,left,355,Haaland,FWD,799,360,1.0,4.2468,4.1308,4.1308,-0.116,1,0,0,0,90.0,0,16.0,4.1308
2023-24,PASS,10,left,197,Colwill,DEF,799,360,1.0,2.9208,2.9208,2.9208,0.0,0,1,0,0,90.0,0,1.0,2.9208
2023-24,PASS,10,entered,307,Robertson,DEF,720,270,1.0,2.828,3.2136,3.2136,0.3856,1,1,0,0,0.0,1,0.0,3.2136
2023-24,PASS,10,entered,291,A.Becker,GKP,810,360,1.0,3.6668,3.6504,3.6504,-0.0164,1,1,0,0,90.0,0,7.0,3.6504
2023-24,PASS,10,entered,60,Watkins,FWD,770,360,1.0,3.4284,3.4524,3.4524,0.024,1,0,0,0,90.0,0,2.0,3.4524
2023-24,PASS,11,left,112,Pinnock,DEF,900,360,1.0,2.8428,2.9392,2.9392,0.0964,1,0,0,0,90.0,0,1.0,2.9392
2023-24,PASS,11,left,265,Tarkowski,DEF,900,360,1.0,2.798,2.8628,2.8628,0.0648,1,1,0,0,90.0,0,1.0,2.8628
2023-24,PASS,11,left,504,Maddison,MID,837,333,1.0,3.56,3.56,3.56,0.0,0,1,0,0,45.0,0,1.0,3.56
2023-24,PASS,11,left,511,Romero,DEF,823,360,1.0,2.8812,2.9512,2.9512,0.07,1,0,0,0,32.0,0,-4.0,2.9512
2023-24,PASS,11,entered,506,Pedro Porro,DEF,807,360,1.0,2.7924,3.2776,3.2776,0.4852,1,0,0,0,90.0,0,0.0,3.2776
2023-24,PASS,11,entered,245,Branthwaite,DEF,720,360,1.0,2.2256,2.814,2.814,0.5884,1,1,0,0,90.0,0,1.0,2.814
2023-24,PASS,11,entered,430,Trippier,DEF,857,338,1.0,3.232,3.4752,3.4752,0.2432,1,0,0,0,90.0,0,9.0,3.4752
2023-24,PASS,11,entered,246,Calvert-Lewin,FWD,408,320,1.0,2.8912,3.42,3.42,0.5288,1,1,0,0,89.0,0,2.0,3.42
2023-24,PASS,12,left,362,Palmer,MID,512,348,1.0,3.2504,3.2504,3.2504,0.0,0,1,0,0,90.0,0,6.0,3.2504
2023-24,PASS,12,left,355,Haaland,FWD,934,315,1.0,4.4292,4.2532,4.2532,-0.176,1,0,0,0,90.0,0,16.0,4.2532
2023-24,PASS,12,left,29,White,DEF,947,317,1.0,2.9592,2.9016,2.9016,-0.0576,1,0,0,0,0.0,1,0.0,2.9016
2023-24,PASS,12,entered,516,Son,MID,886,336,1.0,3.7804,4.0164,4.0164,0.236,1,0,0,0,90.0,0,2.0,4.0164
2023-24,PASS,12,entered,430,Trippier,DEF,947,338,1.0,2.926,3.1064,3.1064,0.1804,1,0,0,0,90.0,0,1.0,3.1064
2023-24,PASS,12,entered,60,Watkins,FWD,950,360,1.0,3.5796,3.6368,3.6368,0.0572,1,0,0,0,90.0,0,6.0,3.6368
2023-24,PASS,13,left,321,Doughty,DEF,802,330,1.0,2.78,2.78,2.78,0.0,0,1,0,0,78.0,0,2.0,2.78
2023-24,PASS,13,left,362,Palmer,MID,602,353,1.0,3.0456,3.0456,3.0456,0.0,0,1,0,0,74.0,0,2.0,3.0456
2023-24,PASS,13,left,343,J.Alvarez,FWD,986,324,1.0,3.3776,3.5016,3.5016,0.124,1,0,0,0,90.0,0,2.0,3.5016
2023-24,PASS,13,entered,249,A.Doucoure,MID,1038,360,1.0,3.0276,3.0992,3.0992,0.0716,1,1,0,0,89.0,0,1.0,3.0992
2023-24,PASS,13,entered,506,Pedro Porro,DEF,987,360,1.0,2.9352,3.3136,3.3136,0.3784,1,0,0,0,90.0,0,5.0,3.3136
2023-24,PASS,13,entered,246,Calvert-Lewin,FWD,573,313,1.0,2.796,3.25,3.25,0.454,1,1,0,0,81.0,0,2.0,3.25
2023-24,PASS,14,left,211,N.Jackson,FWD,916,338,1.0,3.3168,3.3168,3.3168,0.0,0,1,0,0,71.0,0,5.0,3.3168
2023-24,PASS,14,entered,293,Darwin,FWD,680,343,1.0,3.3604,3.7256,3.7256,0.3652,1,1,0,0,90.0,0,2.0,3.7256
2023-24,PASS,15,left,377,Dalot,DEF,1104,360,1.0,2.8552,2.8268,2.8268,-0.0284,1,0,0,0,90.0,0,1.0,2.8268
2023-24,PASS,15,left,43,Douglas Luiz,MID,1203,355,1.0,3.2416,3.2164,3.2164,-0.0252,1,0,0,0,90.0,0,3.0,3.2164
2023-24,PASS,15,entered,245,Branthwaite,DEF,1080,360,1.0,2.5164,2.8812,2.8812,0.3648,1,1,0,0,90.0,0,6.0,2.8812
2023-24,PASS,15,entered,382,Garnacho,MID,560,318,1.0,2.1964,3.3416,3.3416,1.1452,1,0,0,0,90.0,0,4.0,3.3416
2023-24,PASS,16,left,482,Foderingham,GKP,1350,360,1.0,3.7628,3.7628,3.7628,0.0,0,1,0,0,90.0,0,9.0,3.7628
2023-24,PASS,16,left,43,Douglas Luiz,MID,1293,360,1.0,3.4164,3.3716,3.3716,-0.0448,1,0,0,0,90.0,0,2.0,3.3716
2023-24,PASS,16,left,220,Andersen,DEF,1350,360,1.0,2.9036,2.8932,2.8932,-0.0104,1,1,0,0,90.0,0,0.0,2.8932
2023-24,PASS,16,entered,26,Trossard,MID,506,286,1.0,3.2524,3.792,3.792,0.5396,1,0,0,0,20.0,0,1.0,3.792
2023-24,PASS,16,entered,275,Leno,GKP,1350,360,1.0,3.7564,3.7724,3.7724,0.016,1,1,0,0,90.0,0,9.0,3.7724
2023-24,PASS,16,entered,245,Branthwaite,DEF,1170,360,1.0,2.4672,2.8524,2.8524,0.3852,1,1,0,0,90.0,0,5.0,2.8524
2023-24,PASS,18,left,362,Palmer,MID,970,294,1.0,3.3076,3.3076,3.3076,0.0,0,1,0,0,90.0,0,1.0,3.3076
2023-24,PASS,18,left,211,N.Jackson,FWD,1190,274,1.0,3.0576,3.0576,3.0576,0.0,0,1,0,0,79.0,0,1.0,3.0576
2023-24,PASS,18,entered,557,Hee Chan,MID,1221,360,1.0,3.2348,3.3952,3.3952,0.1604,1,0,0,0,90.0,0,2.0,3.3952
2023-24,PASS,18,entered,311,Tsimikas,DEF,628,270,1.0,2.9032,3.126,3.126,0.2228,1,1,0,0,34.0,0,1.0,3.126
2023-24,PASS,19,left,112,Pinnock,DEF,1530,270,1.0,2.8648,2.8948,2.8948,0.03,1,0,0,0,90.0,0,0.0,2.8948
2023-24,PASS,19,left,211,N.Jackson,FWD,1269,282,1.0,3.3944,3.3944,3.3944,0.0,0,1,0,0,90.0,0,2.0,3.3944
2023-24,PASS,19,left,14,Ødegaard,MID,1329,360,1.0,3.748,3.664,3.664,-0.084,1,0,0,0,90.0,0,2.0,3.664
2023-24,PASS,19,entered,290,Alexander-Arnold,DEF,1318,360,1.0,3.1656,3.3184,3.3184,0.1528,1,1,0,0,90.0,0,8.0,3.3184
2023-24,PASS,19,entered,134,Gross,MID,1371,360,1.0,3.468,3.522,3.522,0.054,1,0,0,0,90.0,0,2.0,3.522
2023-24,PASS,19,entered,246,Calvert-Lewin,FWD,975,321,1.0,3.0376,3.406,3.406,0.3684,1,1,0,0,25.0,0,1.0,3.406
2023-24,PASS,20,left,313,Virgil,DEF,1467,360,1.0,3.0896,3.1176,3.1176,0.028,1,1,0,0,90.0,0,1.0,3.1176
2023-24,PASS,20,entered,342,Aké,DEF,915,270,1.0,2.9156,3.1028,3.1028,0.1872,1,0,0,0,90.0,0,6.0,3.1028
2023-24,PASS,21,left,134,Gross,MID,1551,360,1.0,3.442,3.4944,3.4944,0.0524,1,0,0,0,90.0,0,3.0,3.4944
2023-24,PASS,21,entered,236,Olise,MID,675,360,1.0,3.3252,3.5308,3.5308,0.2056,1,1,0,0,0.0,1,0.0,3.5308
2023-24,PASS,23,left,506,Pedro Porro,DEF,1887,360,1.0,3.0844,3.0844,3.0844,0.0,1,0,0,0,90.0,0,1.0,3.0844
2023-24,PASS,23,entered,31,Zinchenko,DEF,1382,243,1.0,2.9864,3.0844,3.0844,0.098,1,0,0,0,45.0,0,1.0,3.0844
2023-24,PASS,24,left,664,Ward-Prowse,MID,1952,360,1.0,3.504,3.504,3.504,0.0,0,1,0,0,90.0,0,2.0,3.504
2023-24,PASS,24,left,220,Andersen,DEF,2070,360,1.0,3.0148,3.0148,3.0148,0.0,1,1,0,0,90.0,0,1.0,3.0148
2023-24,PASS,24,left,526,Bowen,MID,1977,360,1.0,3.7232,3.7232,3.7232,0.0,1,0,0,0,90.0,0,2.0,3.7232
2023-24,PASS,24,left,343,J.Alvarez,FWD,1855,356,1.0,4.024,4.024,4.024,0.0,1,0,0,0,76.0,0,2.0,4.024
2023-24,PASS,24,entered,321,Doughty,DEF,1573,348,1.0,2.99,2.99,2.99,0.0,0,1,0,0,86.0,0,1.0,2.99
2023-24,PASS,24,entered,557,Hee Chan,MID,1446,90,1.0,3.4444,3.5304,3.5304,0.086,1,0,0,0,0.0,1,0.0,3.5304
2023-24,PASS,24,entered,293,Darwin,FWD,1323,275,1.0,4.006,4.2444,4.2444,0.2384,1,1,0,0,90.0,0,6.0,4.2444
2023-24,PASS,24,entered,294,Diogo J.,MID,911,273,1.0,3.5772,4.2724,4.2724,0.6952,1,1,0,0,90.0,0,7.0,4.2724
2024-25,PASS,1,left,58,Watkins,FWD,0,0,1.0,2.8592,2.9456,2.9456,0.0864,1,0,0,0,61.0,0,2.0,2.9456
2024-25,PASS,1,left,3,Gabriel,DEF,0,0,1.0,1.776,1.926,1.926,0.15,1,0,0,0,90.0,0,6.0,1.926
2024-25,PASS,1,left,503,Son,MID,0,0,1.0,3.4976,3.8968,3.8968,0.3992,1,0,0,0,90.0,0,2.0,3.8968
2024-25,PASS,1,entered,23,Trossard,MID,0,0,1.0,2.648,3.79,3.79,1.142,1,0,0,0,10.0,0,1.0,3.79
2024-25,PASS,1,entered,317,Diogo J.,MID,0,0,1.0,2.4864,3.8176,3.8176,1.3312,1,1,0,0,78.0,0,8.0,3.8176
2024-25,PASS,1,entered,495,Pedro Porro,DEF,0,0,1.0,1.442,1.9344,1.9344,0.4924,1,0,0,0,90.0,0,9.0,1.9344
2024-25,PASS,2,left,360,Rodrigo,MID,2931,0,1.0,3.5016,3.5016,3.5016,0.0,1,0,0,0,0.0,1,0.0,3.5016
2024-25,PASS,2,left,375,Højlund,FWD,2156,0,1.0,2.9424,2.9424,2.9424,0.0,1,0,0,0,0.0,1,0.0,2.9424
2024-25,PASS,2,entered,317,Diogo J.,MID,78,78,1.0,2.9044,4.2884,4.2884,1.384,1,1,0,0,71.0,0,6.0,4.2884
2024-25,PASS,2,entered,207,Mateta,FWD,45,45,1.0,2.87,3.2592,3.2592,0.3892,1,1,0,0,90.0,0,2.0,3.2592
2024-25,PASS,3,left,322,Gomez,DEF,1772,0,1.0,1.9532,1.9332,1.9332,-0.02,1,1,0,0,0.0,1,0.0,1.9332
2024-25,PASS,3,left,58,Watkins,FWD,125,125,1.0,2.8404,2.9432,2.9432,0.1028,1,0,0,0,60.0,0,5.0,2.9432
2024-25,PASS,3,left,351,Haaland,FWD,179,179,1.0,4.0636,4.0816,4.0816,0.018,1,0,0,0,90.0,0,17.0,4.0816
2024-25,PASS,3,entered,401,Isak,FWD,180,180,1.0,2.5968,3.4956,3.4956,0.8988,1,0,0,0,90.0,0,9.0,3.4956
2024-25,PASS,3,entered,418,Trippier,DEF,32,32,1.0,1.7044,2.044,2.044,0.3396,1,0,0,0,0.0,1,0.0,2.044
2024-25,PASS,3,entered,317,Diogo J.,MID,149,149,1.0,2.6684,3.7612,3.7612,1.0928,1,1,0,0,75.0,0,3.0,3.7612
2024-25,PASS,4,left,146,Verbruggen,GKP,90,90,1.0,3.8768,3.7672,3.7672,-0.1096,1,0,1,0,90.0,0,5.0,3.7672
2024-25,PASS,4,left,755,Marmoush,FWD,0,0,1.0,2.4656,2.4656,2.4656,0.0,0,1,0,0,0.0,1,0.0,2.4656
2024-25,PASS,4,left,636,Chiesa,MID,0,0,1.0,2.65,2.65,2.65,0.0,0,1,0,0,0.0,1,0.0,2.65
2024-25,PASS,4,entered,152,Arrizabalaga,GKP,90,90,1.0,3.8524,3.8524,3.8524,0.0,0,1,0,1,0.0,1,0.0,3.8524
2024-25,PASS,4,entered,321,Gakpo,FWD,53,53,1.0,2.4128,3.2432,3.2432,0.8304,1,1,0,0,29.0,0,1.0,3.2432
2024-25,PASS,4,entered,316,Darwin,FWD,32,32,1.0,2.4456,3.7544,3.7544,1.3088,1,1,0,0,30.0,0,1.0,3.7544
2024-25,PASS,5,left,326,Konaté,DEF,299,299,1.0,2.466,2.4864,2.4864,0.0204,1,1,0,0,90.0,0,8.0,2.4864
2024-25,PASS,5,left,366,B.Fernandes,MID,348,348,1.0,3.3832,3.6496,3.6496,0.2664,1,0,0,0,90.0,0,3.0,3.6496
2024-25,PASS,5,left,207,Mateta,FWD,293,293,1.0,2.8192,3.234,3.234,0.4148,1,1,0,0,45.0,0,1.0,3.234
2024-25,PASS,5,left,527,L.Paquetá,MID,298,298,1.0,2.9096,3.2364,3.2364,0.3268,1,0,0,0,71.0,0,2.0,3.2364
2024-25,PASS,5,left,345,De Bruyne,MID,356,356,1.0,3.578,3.9764,3.9764,0.3984,1,0,0,0,0.0,1,0.0,3.9764
2024-25,PASS,5,entered,491,Johnson,MID,279,279,1.0,2.5304,3.776,3.776,1.2456,1,0,0,0,69.0,0,7.0,3.776
2024-25,PASS,5,entered,495,Pedro Porro,DEF,360,360,1.0,2.4072,2.9608,2.9608,0.5536,1,0,0,0,87.0,0,2.0,2.9608
2024-25,PASS,5,entered,182,Palmer,MID,352,352,1.0,3.4612,4.3272,4.3272,0.866,1,1,0,0,63.0,0,8.0,4.3272
2024-25,PASS,5,entered,317,Diogo J.,MID,283,283,1.0,2.9948,4.094,4.094,1.0992,1,1,0,0,0.0,1,0.0,4.094
2024-25,PASS,5,entered,447,Wood,FWD,315,315,1.0,2.4596,3.2456,3.2456,0.786,1,0,0,0,71.0,0,8.0,3.2456
2024-25,PASS,6,left,88,Collins,DEF,450,360,1.0,2.4964,2.632,2.632,0.1356,1,0,0,0,90.0,0,2.0,2.632
2024-25,PASS,6,left,58,Watkins,FWD,358,297,1.0,3.0168,3.0728,3.0728,0.056,1,0,0,0,83.0,0,11.0,3.0728
2024-25,PASS,6,left,199,Eze,MID,450,360,1.0,3.0448,3.3488,3.3488,0.304,1,1,0,0,90.0,0,2.0,3.3488
2024-25,PASS,6,entered,447,Wood,FWD,386,315,1.0,2.8572,3.6708,3.6708,0.8136,1,0,0,0,90.0,0,2.0,3.6708
2024-25,PASS,6,entered,533,Aït-Nouri,DEF,384,301,1.0,2.4192,2.7356,2.7356,0.3164,1,0,0,0,90.0,0,9.0,2.7356
2024-25,PASS,6,entered,71,Kluivert,MID,306,280,1.0,2.7604,3.3688,3.3688,0.6084,1,0,0,0,29.0,0,1.0,3.3688
2024-25,PASS,7,left,369,Dalot,DEF,540,360,1.0,2.6012,2.6536,2.6536,0.0524,1,0,0,0,90.0,0,6.0,2.6536
2024-25,PASS,7,left,58,Watkins,FWD,441,316,1.0,3.5084,3.59,3.59,0.0816,1,0,0,0,90.0,0,2.0,3.59
2024-25,PASS,7,left,99,Mbeumo,MID,539,360,1.0,3.5584,3.8132,3.8132,0.2548,1,0,0,0,90.0,0,8.0,3.8132
2024-25,PASS,7,entered,328,M.Salah,MID,532,360,1.0,4.284,4.7672,4.7672,0.4832,1,1,0,0,72.0,0,3.0,4.7672
2024-25,PASS,7,entered,306,Vardy,FWD,500,352,1.0,2.45,3.3552,3.3552,0.9052,1,1,0,0,73.0,0,2.0,3.3552
2024-25,PASS,7,entered,228,Keane,DEF,450,270,1.0,2.1624,2.5352,2.5352,0.3728,1,1,0,0,90.0,0,6.0,2.5352
2024-25,PASS,8,left,17,Saka,MID,566,310,1.0,3.8104,3.8888,3.8888,0.0784,1,0,0,0,0.0,1,0.0,3.8888
2024-25,PASS,8,left,58,Watkins,FWD,531,346,1.0,3.3848,3.4768,3.4768,0.092,1,0,0,0,74.0,0,8.0,3.4768
2024-25,PASS,8,left,267,Davis,DEF,630,360,1.0,2.936,2.936,2.936,0.0,0,1,0,0,90.0,0,1.0,2.936
2024-25,PASS,8,left,541,Cunha,FWD,550,360,1.0,3.1752,3.3876,3.3876,0.2124,1,0,0,0,66.0,0,2.0,3.3876
2024-25,PASS,8,entered,239,Adama,MID,556,321,1.0,2.7864,3.7904,3.7904,1.004,1,1,0,0,67.0,0,2.0,3.7904
2024-25,PASS,8,entered,447,Wood,FWD,557,322,1.0,3.0864,3.8052,3.8052,0.7188,1,0,0,0,83.0,0,7.0,3.8052
2024-25,PASS,8,entered,491,Johnson,MID,513,301,1.0,3.0164,4.1168,4.1168,1.1004,1,0,0,0,90.0,0,2.0,4.1168
2024-25,PASS,8,entered,495,Pedro Porro,DEF,627,357,1.0,2.6152,3.0556,3.0556,0.4404,1,0,0,0,90.0,0,2.0,3.0556
2024-25,PASS,9,left,88,Collins,DEF,720,360,1.0,2.7404,2.7672,2.7672,0.0268,1,0,0,0,90.0,0,1.0,2.7672
2024-25,PASS,9,entered,36,Digne,DEF,608,302,1.0,2.714,2.876,2.876,0.162,1,0,0,0,70.0,0,7.0,2.876
2024-25,PASS,10,left,267,Davis,DEF,810,360,1.0,2.794,2.794,2.794,0.0,0,1,0,0,90.0,0,10.0,2.794
2024-25,PASS,10,left,148,Welbeck,FWD,748,322,1.0,3.1672,3.4436,3.4436,0.2764,1,0,0,0,90.0,0,5.0,3.4436
2024-25,PASS,10,left,99,Mbeumo,MID,809,360,1.0,3.562,3.694,3.694,0.132,1,0,0,0,86.0,0,3.0,3.694
2024-25,PASS,10,left,372,Garnacho,MID,589,360,1.0,3.1396,3.78,3.78,0.6404,1,0,0,0,90.0,0,2.0,3.78
2024-25,PASS,10,entered,495,Pedro Porro,DEF,807,360,1.0,2.6568,3.0552,3.0552,0.3984,1,0,0,0,90.0,0,1.0,3.0552
2024-25,PASS,10,entered,239,Adama,MID,690,292,1.0,2.7716,3.7516,3.7516,0.98,1,1,0,0,25.0,0,4.0,3.7516
2024-25,PASS,10,entered,491,Johnson,MID,693,345,1.0,3.1516,4.042,4.042,0.8904,1,0,0,0,90.0,0,8.0,4.042
2024-25,PASS,10,entered,447,Wood,FWD,720,334,1.0,3.1764,3.8136,3.8136,0.6372,1,0,0,0,78.0,0,7.0,3.8136
2024-25,PASS,11,left,369,Dalot,DEF,900,360,1.0,2.8412,2.8628,2.8628,0.0216,1,0,0,0,56.0,0,1.0,2.8628
2024-25,PASS,11,left,366,B.Fernandes,MID,839,360,1.0,3.5596,3.6924,3.6924,0.1328,1,0,0,0,90.0,0,17.0,3.6924
2024-25,PASS,11,entered,491,Johnson,MID,783,360,1.0,3.2552,3.9904,3.9904,0.7352,1,0,0,0,83.0,0,2.0,3.9904
2024-25,PASS,11,entered,311,Alexander-Arnold,DEF,842,350,1.0,3.132,3.4848,3.4848,0.3528,1,1,0,0,24.0,0,1.0,3.4848
2024-25,PASS,12,left,19,Smith Rowe,MID,795,326,1.0,3.18,3.18,3.18,0.0,0,1,0,0,58.0,0,1.0,3.18
2024-25,PASS,12,entered,247,Iwobi,MID,945,358,1.0,2.884,3.2132,3.2132,0.3292,1,1,0,0,90.0,0,7.0,3.2132
2024-25,PASS,13,left,369,Dalot,DEF,1046,326,1.0,2.7864,2.792,2.792,0.0056,1,0,0,0,90.0,0,6.0,2.792
2024-25,PASS,13,left,148,Welbeck,FWD,1013,337,1.0,3.3528,3.5944,3.5944,0.2416,1,0,0,0,78.0,0,2.0,3.5944
2024-25,PASS,13,left,422,Aina,DEF,1041,358,1.0,2.7196,2.7488,2.7488,0.0292,1,0,0,0,90.0,0,8.0,2.7488
2024-25,PASS,13,left,351,Haaland,FWD,1079,360,1.0,4.382,4.3048,4.3048,-0.0772,1,0,0,0,90.0,0,2.0,4.3048
2024-25,PASS,13,entered,145,Veltman,DEF,956,345,1.0,2.7044,2.7336,2.7336,0.0292,1,0,0,0,0.0,1,0.0,2.7336
2024-25,PASS,13,entered,447,Wood,FWD,915,275,1.0,3.2956,3.7964,3.7964,0.5008,1,0,0,0,90.0,0,9.0,3.7964
2024-25,PASS,13,entered,366,B.Fernandes,MID,1019,360,1.0,3.7184,3.8516,3.8516,0.1332,1,0,0,0,65.0,0,9.0,3.8516
2024-25,PASS,13,entered,350,Gvardiol,DEF,1032,360,1.0,2.8492,2.934,2.934,0.0848,1,0,0,0,0.0,1,0.0,2.934
2024-25,PASS,14,left,617,Evanilson,FWD,872,333,1.0,3.3916,3.3916,3.3916,0.0,0,1,0,0,84.0,0,2.0,3.3916
2024-25,PASS,14,left,58,Watkins,FWD,1013,327,1.0,3.8516,3.896,3.896,0.0444,1,0,0,0,64.0,0,12.0,3.896
2024-25,PASS,14,left,17,Saka,MID,975,325,1.0,4.0952,4.2212,4.2212,0.126,1,0,0,0,90.0,0,3.0,4.2212
2024-25,PASS,14,entered,401,Isak,FWD,876,291,1.0,3.686,4.2376,4.2376,0.5516,1,0,0,0,90.0,0,11.0,4.2376
2024-25,PASS,14,entered,252,Raúl,FWD,809,293,1.0,3.2832,3.666,3.666,0.3828,1,1,0,0,10.0,0,1.0,3.666
2024-25,PASS,14,entered,182,Palmer,MID,1130,355,1.0,4.118,4.3812,4.3812,0.2632,1,1,0,0,78.0,0,7.0,4.3812
2024-25,PASS,15,left,17,Saka,MID,1065,325,1.0,3.7592,3.8292,3.8292,0.07,1,0,0,0,90.0,0,2.0,3.8292
2024-25,PASS,15,left,267,Davis,DEF,1260,360,1.0,2.844,2.844,2.844,0.0,0,1,0,0,90.0,0,1.0,2.844
2024-25,PASS,15,entered,366,B.Fernandes,MID,1174,335,1.0,3.6668,3.7484,3.7484,0.0816,1,0,0,0,75.0,0,9.0,3.7484
2024-25,PASS,15,entered,495,Pedro Porro,DEF,1195,298,1.0,2.7756,2.984,2.984,0.2084,1,0,0,0,90.0,0,3.0,2.984
2024-25,PASS,16,left,617,Evanilson,FWD,1029,323,1.0,3.3924,3.3924,3.3924,0.0,0,1,0,0,79.0,0,2.0,3.3924
2024-25,PASS,16,left,99,Mbeumo,MID,1345,360,1.0,3.4404,3.4896,3.4896,0.0492,1,0,0,0,90.0,0,9.0,3.4896
2024-25,PASS,16,left,70,Kerkez,DEF,1277,350,1.0,2.686,2.7848,2.7848,0.0988,1,0,0,0,90.0,0,2.0,2.7848
2024-25,PASS,16,entered,129,João Pedro,FWD,588,283,1.0,3.1556,4.1664,4.1664,1.0108,1,0,0,0,90.0,0,2.0,4.1664
2024-25,PASS,16,entered,335,Robertson,DEF,1025,270,1.0,2.7104,2.9896,2.9896,0.2792,1,1,0,0,16.0,0,-3.0,2.9896
2024-25,PASS,16,entered,71,Kluivert,MID,897,275,1.0,3.2472,3.5964,3.5964,0.3492,1,0,0,0,79.0,0,3.0,3.5964
2024-25,PASS,17,left,267,Davis,DEF,1440,360,1.0,2.8612,2.8612,2.8612,0.0,0,1,0,0,90.0,0,0.0,2.8612
2024-25,PASS,17,entered,495,Pedro Porro,DEF,1347,270,1.0,2.828,2.9768,2.9768,0.1488,1,0,0,0,90.0,0,-1.0,2.9768
2024-25,PASS,18,left,617,Evanilson,FWD,1178,306,1.0,3.3516,3.3516,3.3516,0.0,0,1,0,0,28.0,0,1.0,3.3516
2024-25,PASS,18,entered,129,João Pedro,FWD,768,329,1.0,3.0988,3.99,3.99,0.8912,1,0,0,0,90.0,0,2.0,3.99
2024-25,PASS,19,left,514,Bowen,MID,1597,360,1.0,3.6956,3.778,3.778,0.0824,1,0,0,0,59.0,0,1.0,3.778
2024-25,PASS,19,left,267,Davis,DEF,1620,360,1.0,2.8472,2.8472,2.8472,0.0,0,1,0,0,90.0,0,5.0,2.8472
2024-25,PASS,19,entered,129,João Pedro,FWD,858,340,1.0,2.9804,3.5916,3.5916,0.6112,1,0,0,0,90.0,0,9.0,3.5916
2024-25,PASS,19,entered,350,Gvardiol,DEF,1482,360,1.0,2.972,2.9988,2.9988,0.0268,1,0,0,0,90.0,0,6.0,2.9988
2024-25,PASS,20,left,110,Wissa,FWD,1211,329,1.0,3.344,3.5132,3.5132,0.1692,1,0,0,0,90.0,0,11.0,3.5132
2024-25,PASS,20,entered,129,João Pedro,FWD,948,360,1.0,3.0936,3.7944,3.7944,0.7008,1,0,0,0,90.0,0,9.0,3.7944
2024-25,PASS,21,left,267,Davis,DEF,1800,360,1.0,2.8176,2.8176,2.8176,0.0,0,1,0,0,90.0,0,1.0,2.8176
2024-25,PASS,21,left,580,Huijsen,DEF,880,360,1.0,2.8264,2.8264,2.8264,0.0,0,1,0,0,90.0,0,0.0,2.8264
2024-25,PASS,21,left,366,B.Fernandes,MID,1565,226,1.0,3.7064,3.7288,3.7288,0.0224,1,0,0,0,90.0,0,4.0,3.7288
2024-25,PASS,21,entered,491,Johnson,MID,1445,275,1.0,3.41,3.6672,3.6672,0.2572,1,0,0,0,45.0,0,1.0,3.6672
2024-25,PASS,21,entered,573,Milenković,DEF,1710,360,1.0,2.85,2.85,2.85,0.0,0,1,0,0,90.0,0,2.0,2.85
2024-25,PASS,21,entered,422,Aina,DEF,1733,360,1.0,2.922,2.9336,2.9336,0.0116,1,0,0,0,90.0,0,2.0,2.9336
2024-25,PASS,22,left,58,Watkins,FWD,1450,315,1.0,3.8364,3.8916,3.8916,0.0552,1,0,0,0,79.0,0,8.0,3.8916
2024-25,PASS,22,left,350,Gvardiol,DEF,1752,360,1.0,2.9488,2.9384,2.9384,-0.0104,1,0,0,0,90.0,0,6.0,2.9384
2024-25,PASS,22,entered,491,Johnson,MID,1490,288,1.0,3.4188,3.6784,3.6784,0.2596,1,0,0,0,0.0,1,0.0,3.6784
2024-25,PASS,22,entered,436,Murillo,DEF,1777,270,1.0,2.8432,2.8432,2.8432,0.0,1,0,0,0,90.0,0,1.0,2.8432
2024-25,PASS,23,left,252,Raúl,FWD,1382,317,1.0,3.558,3.6548,3.6548,0.0968,1,1,0,0,63.0,0,2.0,3.6548
2024-25,PASS,23,entered,129,João Pedro,FWD,1205,347,1.0,3.2352,3.6932,3.6932,0.458,1,0,0,0,90.0,0,1.0,3.6932
2024-25,PASS,24,left,398,Gordon,MID,1765,331,1.0,4.15,4.152,4.152,0.002,1,0,0,0,90.0,0,1.0,4.152
2024-25,PASS,24,left,311,Alexander-Arnold,DEF,1664,355,1.0,5.9544,5.9756,5.9756,0.0212,1,1,0,0,98.0,0,7.0,5.9756
2024-25,PASS,24,entered,580,Huijsen,DEF,1150,360,1.0,2.9768,2.9768,2.9768,0.0,0,1,0,0,90.0,0,0.0,2.9768
2024-25,PASS,24,entered,327,Luis Díaz,MID,1335,282,1.0,6.8536,7.0988,7.0988,0.2452,1,1,0,0,177.0,0,5.0,7.0988
2024-25,PASS,26,left,36,Digne,DEF,1892,302,1.0,2.952,2.952,2.952,0.0,1,0,0,0,0.0,1,0.0,2.952
2024-25,PASS,26,left,252,Raúl,FWD,1592,280,1.0,3.738,3.7992,3.7992,0.0612,1,1,0,0,90.0,0,2.0,3.7992
2024-25,PASS,26,left,78,Semenyo,MID,2106,360,1.0,3.816,3.816,3.816,0.0,1,0,0,0,90.0,0,2.0,3.816
2024-25,PASS,26,entered,218,Beto,FWD,571,344,1.0,2.9708,4.0548,4.0548,1.084,1,1,0,0,90.0,0,6.0,4.0548
2024-25,PASS,26,entered,211,Muñoz,DEF,2074,360,1.0,2.9856,2.9856,2.9856,0.0,1,1,0,0,90.0,0,13.0,2.9856
2024-25,PASS,26,entered,71,Kluivert,MID,1604,343,1.0,3.8712,4.0004,4.0004,0.1292,1,0,0,0,72.0,0,2.0,4.0004
2024-25,PASS,28,left,366,B.Fernandes,MID,2195,360,1.0,4.564,4.564,4.564,0.0,1,0,0,0,90.0,0,9.0,4.564
2024-25,PASS,28,entered,181,Nkunku,MID,693,276,1.0,3.4152,4.554,4.554,1.1388,1,1,0,0,88.0,0,3.0,4.554
2024-25,PASS,29,left,571,Savinho,MID,1504,337,1.0,3.7108,3.7108,3.7108,0.0,0,1,0,0,57.0,0,0.0,3.7108
2024-25,PASS,29,entered,218,Beto,FWD,841,360,1.0,3.2728,4.03,4.03,0.7572,1,1,0,0,79.0,0,2.0,4.03
2024-25,PASS,30,left,58,Watkins,FWD,2052,233,1.0,4.2324,4.2324,4.2324,0.0,1,0,0,0,25.0,0,0.0,4.2324
2024-25,PASS,30,left,163,Cucurella,DEF,2255,360,1.0,3.2872,3.2872,3.2872,0.0,1,1,0,0,90.0,0,5.0,3.2872
2024-25,PASS,30,entered,573,Milenković,DEF,2520,360,1.0,3.1864,3.1864,3.1864,0.0,0,1,0,0,90.0,0,6.0,3.1864
2024-25,PASS,30,entered,181,Nkunku,MID,856,320,1.0,3.4784,4.216,4.216,0.7376,1,1,0,0,0.0,1,0.0,4.216
2024-25,PASS,34,left,99,Mbeumo,MID,2965,360,1.0,4.3628,4.3628,4.3628,0.0,1,0,0,0,90.0,0,2.0,4.3628
2024-25,PASS,34,left,573,Milenković,DEF,2880,360,1.0,3.0908,3.0908,3.0908,0.0,0,1,0,0,90.0,0,1.0,3.0908
2024-25,PASS,34,entered,392,Barnes,MID,1328,435,1.0,3.988,4.3636,4.3636,0.3756,1,0,0,0,76.0,0,3.0,4.3636
2024-25,PASS,34,entered,335,Robertson,DEF,2215,201,1.0,3.1128,3.1128,3.1128,0.0,1,1,0,0,90.0,0,2.0,3.1128
2025-26,FAIL,1,left,224,Cucurella,DEF,0,0,1.0,1.8932,1.9648,1.9648,0.0716,1,1,0,0,90.0,0,8.0,1.9648
2025-26,FAIL,1,left,449,B.Fernandes,MID,0,0,1.0,3.8212,4.1036,4.1036,0.2824,1,0,0,0,90.0,0,2.0,4.1036
2025-26,FAIL,1,left,691,Calvert-Lewin,FWD,0,0,1.0,1.7908,1.7908,1.7908,0.0,0,1,0,0,0.0,1,0.0,1.7908
2025-26,FAIL,1,left,485,Gordon,MID,0,0,1.0,3.0228,3.5544,3.5544,0.5316,1,0,0,0,90.0,0,3.0,3.5544
2025-26,FAIL,1,entered,384,Gakpo,MID,0,0,1.0,2.7272,3.8428,3.8428,1.1156,1,0,0,0,90.0,0,7.0,3.8428
2025-26,FAIL,1,entered,505,Milenković,DEF,0,0,1.0,1.7124,1.8808,1.8808,0.1684,1,0,0,0,90.0,0,2.0,1.8808
2025-26,FAIL,1,entered,596,Solanke,FWD,0,0,1.0,2.5032,3.058,3.058,0.5548,1,0,0,0,19.0,0,1.0,3.058
2025-26,FAIL,1,entered,383,Luis Díaz,MID,0,0,1.0,3.0308,3.8852,3.8852,0.8544,1,0,0,0,0.0,1,0.0,3.8852
2025-26,FAIL,2,left,17,Ødegaard,MID,90,90,1.0,3.83,3.984,3.984,0.154,1,0,0,0,37.0,0,1.0,3.984
2025-26,FAIL,2,left,674,Ramsdale,GKP,2700,0,1.0,3.6224,3.6224,3.6224,0.0,0,1,0,0,0.0,1,0.0,3.6224
2025-26,FAIL,2,left,415,Savinho,MID,1760,0,1.0,3.7048,3.7668,3.7668,0.062,1,0,0,0,0.0,1,0.0,3.7668
2025-26,FAIL,2,entered,288,Travers,GKP,450,0,1.0,3.4912,3.4912,3.4912,0.0,0,1,0,0,0.0,1,0.0,3.4912
2025-26,FAIL,2,entered,120,Schade,MID,45,45,1.0,3.4972,4.038,4.038,0.5408,1,1,0,0,78.0,0,3.0,4.038
2025-26,FAIL,2,entered,485,Gordon,MID,90,90,1.0,3.2548,3.986,3.986,0.7312,1,0,0,0,47.0,0,-2.0,3.986
2025-26,FAIL,3,left,381,M.Salah,MID,180,180,1.0,4.8012,5.3544,5.3544,0.5532,1,0,0,0,90.0,0,3.0,5.3544
2025-26,FAIL,3,entered,235,Palmer,MID,90,90,1.0,3.856,4.9244,4.9244,1.0684,1,1,0,0,0.0,1,0.0,4.9244
2025-26,FAIL,4,left,453,Garnacho,MID,2188,0,1.0,3.276,3.276,3.276,0.0,0,1,0,0,11.0,0,1.0,3.276
2025-26,FAIL,4,entered,235,Palmer,MID,90,90,1.0,3.3356,4.0932,4.0932,0.7576,1,1,0,0,34.0,0,7.0,4.0932
2025-26,FAIL,5,left,81,Kluivert,MID,44,44,0.4889,3.338,4.15,3.735,0.812,1,1,0,0,27.0,0,1.0,3.735
2025-26,FAIL,5,left,241,Caicedo,MID,360,360,1.0,3.1608,2.9816,2.9816,-0.1792,1,1,0,0,90.0,0,4.0,2.9816
2025-26,FAIL,5,left,430,Haaland,FWD,338,338,1.0,4.024,4.1452,4.1452,0.1212,1,0,0,0,75.0,0,9.0,4.1452
2025-26,FAIL,5,left,191,Estève,DEF,352,352,1.0,2.888,2.8988,2.8988,0.0108,1,1,0,0,90.0,0,4.0,2.8988
2025-26,FAIL,5,entered,226,Chalobah,DEF,338,338,1.0,2.9232,3.1052,3.1052,0.182,1,1,0,0,90.0,0,8.0,3.1052
2025-26,FAIL,5,entered,235,Palmer,MID,124,124,1.0,3.3192,4.1552,4.1552,0.836,1,1,0,0,20.0,0,1.0,4.1552
2025-26,FAIL,5,entered,86,Brooks,MID,278,278,1.0,2.3476,3.5388,3.5388,1.1912,1,1,0,0,62.0,0,3.0,3.5388
2025-26,FAIL,5,entered,499,Isak,FWD,2758,0,0.0,3.5372,3.5372,3.5372,0.0,0,1,0,0,23.0,0,1.0,3.5372
2025-26,FAIL,6,left,82,Semenyo,MID,450,360,1.0,3.8224,3.8224,3.8224,0.0,0,1,0,0,90.0,0,7.0,3.8224
2025-26,FAIL,6,entered,414,Foden,MID,172,172,1.0,3.5676,4.0156,4.0156,0.448,1,0,0,0,90.0,0,1.0,4.0156
2025-26,FAIL,7,left,241,Caicedo,MID,540,360,1.0,3.6036,3.3688,3.3688,-0.2348,1,1,0,0,90.0,0,10.0,3.3688
2025-26,FAIL,7,left,348,Rodon,DEF,540,360,1.0,3.2772,3.2772,3.2772,0.0,0,1,0,0,90.0,0,1.0,3.2772
2025-26,FAIL,7,left,119,Mbeumo,MID,519,339,1.0,3.5744,3.5744,3.5744,0.0,0,1,0,0,76.0,0,6.0,3.5744
2025-26,FAIL,7,entered,81,Kluivert,MID,130,118,1.0,3.182,3.7324,3.7324,0.5504,1,1,0,0,29.0,0,7.0,3.7324
2025-26,FAIL,7,entered,237,Enzo,MID,528,360,1.0,3.2472,3.5212,3.5212,0.274,1,1,0,0,90.0,0,2.0,3.5212
2025-26,FAIL,7,entered,295,Keane,DEF,540,360,1.0,3.2716,3.5244,3.5244,0.2528,1,1,0,0,64.0,0,4.0,3.5244
2025-26,FAIL,8,left,257,Lacroix,DEF,630,360,1.0,3.232,3.4084,3.4084,0.1764,1,1,0,0,90.0,0,1.0,3.4084
2025-26,FAIL,8,left,670,Roefs,GKP,630,360,1.0,3.706,3.706,3.706,0.0,0,1,0,0,90.0,0,7.0,3.706
2025-26,FAIL,8,left,449,B.Fernandes,MID,626,356,1.0,3.7392,3.9512,3.9512,0.212,1,0,0,0,84.0,0,8.0,3.9512
2025-26,FAIL,8,left,190,Ekdal,DEF,532,270,1.0,3.0896,3.0524,3.0524,-0.0372,1,1,0,0,0.0,1,0.0,3.0524
2025-26,FAIL,8,entered,384,Gakpo,MID,555,285,1.0,3.1808,3.7584,3.7584,0.5776,1,0,0,0,90.0,0,7.0,3.7584
2025-26,FAIL,8,entered,328,Sessegnon,MID,476,349,1.0,2.8984,3.672,3.672,0.7736,1,1,0,0,90.0,0,2.0,3.672
2025-26,FAIL,8,entered,411,O'Reilly,DEF,390,348,1.0,2.6316,3.4676,3.4676,0.836,1,0,0,0,84.0,0,11.0,3.4676
2025-26,FAIL,8,entered,565,Vicario,GKP,630,360,1.0,3.8304,3.82,3.82,-0.0104,1,0,0,0,90.0,0,1.0,3.82
2025-26,FAIL,9,left,291,Tarkowski,DEF,720,360,1.0,3.4212,3.478,3.478,0.0568,1,1,0,0,90.0,0,1.0,3.478
2025-26,FAIL,9,entered,81,Kluivert,MID,234,190,1.0,3.184,3.7592,3.7592,0.5752,1,1,0,0,68.0,0,2.0,3.7592
2025-26,FAIL,10,left,257,Lacroix,DEF,810,360,1.0,3.4928,3.7088,3.7088,0.216,1,1,0,0,90.0,0,8.0,3.7088
2025-26,FAIL,10,left,5,Gabriel,DEF,810,360,1.0,3.5992,3.6388,3.6388,0.0396,1,0,0,0,90.0,0,12.0,3.6388
2025-26,FAIL,10,left,119,Mbeumo,MID,775,346,1.0,3.594,3.594,3.594,0.0,0,1,0,0,90.0,0,2.0,3.594
2025-26,FAIL,10,entered,384,Gakpo,MID,705,285,1.0,3.4136,3.9156,3.9156,0.502,1,0,0,0,90.0,0,3.0,3.9156
2025-26,FAIL,10,entered,267,Sarr,MID,612,342,1.0,3.5164,4.3732,4.3732,0.8568,1,1,0,0,90.0,0,3.0,4.3732
2025-26,FAIL,10,entered,411,O'Reilly,DEF,503,285,1.0,2.9036,3.7588,3.7588,0.8552,1,0,0,0,90.0,0,8.0,3.7588
2025-26,FAIL,11,left,72,Senesi,DEF,887,347,1.0,3.4592,3.5284,3.5284,0.0692,1,1,0,0,90.0,0,2.0,3.5284
2025-26,FAIL,11,left,241,Caicedo,MID,855,315,1.0,3.6788,3.4704,3.4704,-0.2084,1,1,0,0,90.0,0,2.0,3.4704
2025-26,FAIL,11,left,299,Ndiaye,MID,824,326,1.0,3.4972,3.6404,3.6404,0.1432,1,1,0,0,90.0,0,3.0,3.6404
2025-26,FAIL,11,left,694,Mukiele,DEF,720,360,1.0,3.498,3.498,3.498,0.0,0,1,0,0,90.0,0,4.0,3.498
2025-26,FAIL,11,entered,257,Lacroix,DEF,900,360,1.0,3.4216,3.6492,3.6492,0.2276,1,1,0,0,90.0,0,6.0,3.6492
2025-26,FAIL,11,entered,267,Sarr,MID,702,358,1.0,3.4452,4.0512,4.0512,0.606,1,1,0,0,90.0,0,3.0,4.0512
2025-26,FAIL,11,entered,411,O'Reilly,DEF,593,293,1.0,2.8784,3.6088,3.6088,0.7304,1,0,0,0,90.0,0,11.0,3.6088
2025-26,FAIL,11,entered,295,Keane,DEF,874,334,1.0,3.4128,3.5312,3.5312,0.1184,1,1,0,0,90.0,0,15.0,3.5312
2025-26,FAIL,12,left,241,Caicedo,MID,945,315,1.0,3.5,3.3028,3.3028,-0.1972,1,1,0,0,0.0,1,0.0,3.3028
2025-26,FAIL,12,left,373,Virgil,DEF,990,360,1.0,3.3868,3.4568,3.4568,0.07,1,0,0,0,90.0,0,3.0,3.4568
2025-26,FAIL,12,left,119,Mbeumo,MID,955,360,1.0,3.8044,3.8044,3.8044,0.0,0,1,0,0,90.0,0,1.0,3.8044
2025-26,FAIL,12,entered,384,Gakpo,MID,829,274,1.0,3.3768,4.0208,4.0208,0.644,1,0,0,0,90.0,0,2.0,4.0208
2025-26,FAIL,12,entered,283,Mateta,FWD,959,359,1.0,3.3616,3.5228,3.5228,0.1612,1,1,0,0,59.0,0,1.0,3.5228
2025-26,FAIL,12,entered,452,Amad,MID,753,307,1.0,3.4692,3.7128,3.7128,0.2436,1,0,0,0,90.0,0,2.0,3.7128
2025-26,FAIL,13,left,136,Thiago,FWD,1011,360,1.0,3.5572,3.5572,3.5572,0.0,0,1,0,0,90.0,0,13.0,3.5572
2025-26,FAIL,13,entered,267,Sarr,MID,882,360,1.0,3.3472,3.8844,3.8844,0.5372,1,1,0,0,37.0,0,1.0,3.8844
2025-26,FAIL,14,left,136,Thiago,FWD,1101,360,1.0,3.3156,3.3156,3.3156,0.0,0,1,0,0,30.0,0,1.0,3.3156
2025-26,FAIL,14,left,119,Mbeumo,MID,1135,360,1.0,3.5976,3.5976,3.5976,0.0,0,1,0,0,90.0,0,2.0,3.5976
2025-26,FAIL,14,entered,178,Welbeck,FWD,863,319,1.0,3.1816,3.4532,3.4532,0.2716,1,1,0,0,23.0,0,1.0,3.4532
2025-26,FAIL,14,entered,283,Mateta,FWD,1108,328,1.0,3.3896,3.5496,3.5496,0.16,1,1,0,0,63.0,0,2.0,3.5496
2025-26,FAIL,15,left,16,Saka,MID,890,299,1.0,3.552,3.6676,3.6676,0.1156,1,0,0,0,78.0,0,4.0,3.6676
2025-26,FAIL,15,left,82,Semenyo,MID,1170,270,1.0,3.6552,3.6552,3.6552,0.0,0,1,0,0,90.0,0,3.0,3.6552
2025-26,FAIL,15,left,531,Ballard,DEF,849,360,1.0,3.4496,3.4496,3.4496,0.0,0,1,0,0,90.0,0,1.0,3.4496
2025-26,FAIL,15,left,260,Guéhi,DEF,1170,270,1.0,3.4244,3.4244,3.4244,0.0,0,1,0,0,90.0,0,8.0,3.4244
2025-26,FAIL,15,entered,414,Foden,MID,977,356,1.0,3.5408,3.7632,3.7632,0.2224,1,0,0,0,68.0,0,12.0,3.7632
2025-26,FAIL,15,entered,235,Palmer,MID,173,29,0.3222,3.5132,4.194,3.7326,0.6808,1,1,0,0,57.0,0,1.0,3.7326
2025-26,FAIL,15,entered,411,O'Reilly,DEF,953,360,1.0,3.0864,3.556,3.556,0.4696,1,0,0,0,90.0,0,6.0,3.556
2025-26,FAIL,15,entered,22,Merino,MID,680,357,1.0,3.0664,3.4988,3.4988,0.4324,1,0,0,0,45.0,0,1.0,3.4988
2025-26,FAIL,16,left,21,Rice,MID,1245,352,1.0,3.6916,3.6792,3.6792,-0.0124,1,0,0,0,90.0,0,2.0,3.6792
2025-26,FAIL,16,left,119,Mbeumo,MID,1315,360,1.0,3.792,3.792,3.792,0.0,0,1,0,0,90.0,0,2.0,3.792
2025-26,FAIL,16,entered,384,Gakpo,MID,1136,307,1.0,3.4536,3.8292,3.8292,0.3756,1,0,0,0,0.0,1,0.0,3.8292
2025-26,FAIL,16,entered,283,Mateta,FWD,1236,277,1.0,3.59,3.8108,3.8108,0.2208,1,1,0,0,62.0,0,2.0,3.8108
2025-26,FAIL,17,left,136,Thiago,FWD,1311,300,1.0,3.3816,3.3816,3.3816,0.0,0,1,0,0,90.0,0,2.0,3.3816
2025-26,FAIL,17,left,260,Guéhi,DEF,1350,360,1.0,3.398,3.398,3.398,0.0,0,1,0,0,90.0,0,1.0,3.398
2025-26,FAIL,17,entered,283,Mateta,FWD,1298,280,1.0,3.3564,3.5456,3.5456,0.1892,1,1,0,0,76.0,0,2.0,3.5456
2025-26,FAIL,17,entered,411,O'Reilly,DEF,1133,360,1.0,3.0556,3.5052,3.5052,0.4496,1,0,0,0,90.0,0,6.0,3.5052
2025-26,FAIL,18,left,136,Thiago,FWD,1401,300,1.0,3.532,3.532,3.532,0.0,0,1,0,0,90.0,0,5.0,3.532
2025-26,FAIL,18,left,670,Roefs,GKP,1530,360,1.0,3.5288,3.5288,3.5288,0.0,0,1,0,0,90.0,0,3.0,3.5288
2025-26,FAIL,18,left,694,Mukiele,DEF,1350,360,1.0,3.2056,3.2056,3.2056,0.0,0,1,0,0,90.0,0,4.0,3.2056
2025-26,FAIL,18,entered,600,Areola,GKP,1170,360,1.0,3.4228,3.4468,3.4468,0.024,1,0,0,0,90.0,0,3.0,3.4468
2025-26,FAIL,18,entered,283,Mateta,FWD,1374,266,1.0,3.5356,3.6332,3.6332,0.0976,1,1,0,0,90.0,0,2.0,3.6332
2025-26,FAIL,18,entered,606,Mavropanos,DEF,866,281,1.0,3.2312,3.3204,3.3204,0.0892,1,0,0,0,0.0,1,0.0,3.3204
2025-26,FAIL,19,left,283,Mateta,FWD,1464,293,1.0,3.626,3.6744,3.6744,0.0484,1,1,0,0,90.0,0,9.0,3.6744
2025-26,FAIL,19,entered,120,Schade,MID,1413,270,1.0,3.45,3.704,3.704,0.254,1,1,0,0,79.0,0,3.0,3.704
2025-26,FAIL,20,left,16,Saka,MID,1320,352,1.0,3.7988,3.8172,3.8172,0.0184,1,0,0,0,23.0,0,4.0,3.8172
2025-26,FAIL,20,left,417,Cherki,MID,727,334,1.0,3.7212,3.7212,3.7212,0.0,0,1,0,0,90.0,0,4.0,3.7212
2025-26,FAIL,20,left,291,Tarkowski,DEF,1710,360,1.0,3.3276,3.242,3.242,-0.0856,1,1,0,0,90.0,0,2.0,3.242
2025-26,FAIL,20,entered,684,Thiaw,DEF,1352,360,1.0,3.278,3.278,3.278,0.0,0,1,0,0,90.0,0,17.0,3.278
2025-26,FAIL,20,entered,20,Trossard,MID,1042,283,1.0,3.4064,3.7356,3.7356,0.3292,1,0,0,0,23.0,0,1.0,3.7356
2025-26,FAIL,20,entered,414,Foden,MID,1405,360,1.0,3.7512,3.884,3.884,0.1328,1,0,0,0,90.0,0,2.0,3.884
2025-26,FAIL,21,left,136,Thiago,FWD,1671,360,1.0,3.824,3.824,3.824,0.0,0,1,0,0,81.0,0,12.0,3.824
2025-26,FAIL,21,left,82,Semenyo,MID,1710,360,1.0,3.74,3.74,3.74,0.0,0,1,0,0,90.0,0,6.0,3.74
2025-26,FAIL,21,entered,283,Mateta,FWD,1640,342,1.0,3.6968,3.862,3.862,0.1652,1,1,0,0,90.0,0,2.0,3.862
2025-26,FAIL,21,entered,485,Gordon,MID,919,302,1.0,3.5472,3.878,3.878,0.3308,1,0,0,0,80.0,0,1.0,3.878
2025-26,FAIL,22,left,449,B.Fernandes,MID,1535,60,0.6667,3.7492,3.8512,3.8172,0.102,1,0,0,0,90.0,0,10.0,3.8172
2025-26,FAIL,22,entered,235,Palmer,MID,663,297,1.0,3.5392,4.2,4.2,0.6608,1,1,0,0,90.0,0,9.0,4.2
2025-26,FAIL,23,left,600,Areola,GKP,1620,360,1.0,3.508,3.39,3.39,-0.118,1,0,0,0,90.0,0,2.0,3.39
2025-26,FAIL,23,entered,470,Dúbravka,GKP,1980,360,1.0,3.4744,3.4744,3.4744,0.0,0,1,0,0,90.0,0,5.0,3.4744
2025-26,FAIL,25,left,21,Rice,MID,1965,360,1.0,3.7852,3.7852,3.7852,0.0,1,0,0,0,90.0,0,5.0,3.7852
2025-26,FAIL,25,entered,487,Barnes,MID,1194,342,1.0,3.718,4.1344,4.1344,0.4164,1,0,0,0,90.0,0,2.0,4.1344
2025-26,FAIL,26,left,633,H.Bueno,DEF,1516,358,1.0,5.3176,5.3112,5.3112,-0.0064,1,0,0,0,149.0,0,8.0,5.3112
2025-26,FAIL,26,entered,634,Mosquera,DEF,1226,360,1.0,5.2416,5.366,5.366,0.1244,1,0,0,0,180.0,0,9.0,5.366
2025-26,FAIL,28,left,16,Saka,MID,1725,182,1.0,4.1412,4.1572,4.1572,0.016,1,0,0,0,90.0,0,2.0,4.1572
2025-26,FAIL,28,entered,235,Palmer,MID,1067,314,1.0,4.0336,4.2432,4.2432,0.2096,1,1,0,0,85.0,0,1.0,4.2432
2025-26,FAIL,30,left,119,Mbeumo,MID,2047,328,1.0,4.4888,4.4888,4.4888,0.0,0,1,0,0,74.0,0,2.0,4.4888
2025-26,FAIL,30,entered,235,Palmer,MID,1236,333,1.0,4.4652,4.7384,4.7384,0.2732,1,1,0,0,90.0,0,2.0,4.7384
2025-26,FAIL,31,left,457,Casemiro,MID,2054,330,1.0,3.93,3.93,3.93,0.0,1,0,0,0,81.0,0,1.0,3.93
2025-26,FAIL,31,entered,235,Palmer,MID,1326,333,1.0,3.8604,3.9588,3.9588,0.0984,1,1,0,0,90.0,0,2.0,3.9588
2025-26,FAIL,32,left,457,Casemiro,MID,2135,321,1.0,4.05,4.05,4.05,0.0,1,0,0,0,90.0,0,9.0,4.05
2025-26,FAIL,32,left,119,Mbeumo,MID,2191,305,1.0,4.3048,4.3048,4.3048,0.0,0,1,0,0,20.0,0,1.0,4.3048
2025-26,FAIL,32,entered,235,Palmer,MID,1416,349,1.0,4.512,4.6592,4.6592,0.1472,1,1,0,0,90.0,0,4.0,4.6592
2025-26,FAIL,32,entered,517,Anderson,MID,2773,357,1.0,4.0044,4.0044,4.0044,0.0,1,0,0,0,90.0,0,4.0,4.0044
