season,e024_gate,gw,treatment_source,enter_id,enter_name,enter_pos,left_id,left_name,left_pos,ctrl_margin,abs_ctrl_margin,gap_bucket,treat_lift,ctrl_mu_enter,ctrl_mu_left,treat_mu_enter,enter_sigma,enter_p10,enter_p_start,enter_price,enter_recent4,enter_mins,left_mins,enter_pts,left_pts,dpts,both60,outcome
2022-23,FAIL,1,rates_v2b_packaged,261,Maddison,MID,428,Son,MID,-1.15,1.15,large,1.7204,2.9508,4.1008,4.6712,2.8187,0.0316,0.72,80,0,90.0,90.0,5.0,5.0,0.0,1,tie
2022-23,FAIL,1,rates_v2b_packaged,261,Maddison,MID,13,Saka,MID,-0.2296,0.2296,near,1.7204,2.9508,3.1804,4.6712,2.8187,0.0316,0.72,80,0,90.0,90.0,5.0,6.0,-1.0,1,bad
2022-23,FAIL,1,rates_v2b_packaged,303,Mahrez,MID,428,Son,MID,-1.42,1.42,large,2.0236,2.6808,4.1008,4.7044,2.5204,0.0184,0.72,80,0,2.0,90.0,1.0,5.0,-4.0,0,not_both60
2022-23,FAIL,1,rates_v2b_packaged,303,Mahrez,MID,13,Saka,MID,-0.4996,0.4996,mid,2.0236,2.6808,3.1804,4.7044,2.5204,0.0184,0.72,80,0,2.0,90.0,1.0,6.0,-5.0,0,not_both60
2022-23,FAIL,1,rates_v2b_packaged,446,Kulusevski,MID,428,Son,MID,-1.2732,1.2732,large,2.0776,2.8276,4.1008,4.9052,2.7196,0.0248,0.72,80,0,85.0,90.0,13.0,5.0,8.0,1,good
2022-23,FAIL,1,rates_v2b_packaged,446,Kulusevski,MID,13,Saka,MID,-0.3528,0.3528,mid,2.0776,2.8276,3.1804,4.9052,2.7196,0.0248,0.72,80,0,85.0,90.0,13.0,6.0,7.0,1,good
2022-23,FAIL,1,rates_v2b_packaged,139,Chilwell,DEF,306,Cancelo,DEF,-0.7756,0.7756,large,1.3164,1.564,2.3396,2.8804,2.1758,0.0068,0.45,60,0,64.0,90.0,9.0,7.0,2.0,1,good
2022-23,FAIL,1,rates_v2b_packaged,255,Vardy,FWD,356,Wilson,FWD,-0.0188,0.0188,near,1.3988,2.842,2.8608,4.2408,2.7791,0.0372,0.72,95,0,90.0,89.0,5.0,6.0,-1.0,1,bad
2022-23,FAIL,1,rates_v2b_packaged,255,Vardy,FWD,345,Martial,FWD,0.0944,0.0944,near,1.3988,2.842,2.7476,4.2408,2.7791,0.0372,0.72,95,0,90.0,0.0,5.0,0.0,5.0,0,not_both60
2022-23,FAIL,2,rates_v2b_packaged,285,Alexander-Arnold,DEF,475,Coady,DEF,-0.154,0.154,near,0.7988,2.7108,2.8648,3.5096,2.7295,0.0196,0.72,75,90,90.0,80.0,3.0,2.0,1.0,1,good
2022-23,FAIL,3,rates_v2b_packaged,255,Vardy,FWD,585,Dennis,FWD,-0.8452,0.8452,large,1.25,2.778,3.6232,4.028,2.6869,0.0332,0.72,95,159,64.0,0.0,2.0,0.0,2.0,0,not_both60
2022-23,FAIL,3,rates_v2b_packaged,255,Vardy,FWD,110,Maupay,FWD,-0.5816,0.5816,mid,1.25,2.778,3.3596,4.028,2.6869,0.0332,0.72,95,159,64.0,0.0,2.0,0.0,2.0,0,not_both60
2022-23,FAIL,3,rates_v2b_packaged,261,Maddison,MID,283,Salah,MID,-0.6188,0.6188,mid,1.4832,2.7584,3.3772,4.2416,2.5685,0.024,0.72,80,180,90.0,90.0,7.0,8.0,-1.0,1,bad
2022-23,FAIL,3,rates_v2b_packaged,261,Maddison,MID,465,Bowen,MID,-0.2024,0.2024,near,1.4832,2.7584,2.9608,4.2416,2.5685,0.024,0.72,80,180,90.0,90.0,7.0,2.0,5.0,1,good
2022-23,FAIL,3,rates_v2b_packaged,446,Kulusevski,MID,283,Salah,MID,-0.6312,0.6312,mid,1.6212,2.746,3.3772,4.3672,2.5999,0.0208,0.72,82,175,85.0,90.0,3.0,8.0,-5.0,1,bad
2022-23,FAIL,3,rates_v2b_packaged,446,Kulusevski,MID,465,Bowen,MID,-0.2148,0.2148,near,1.6212,2.746,2.9608,4.3672,2.5999,0.0208,0.72,82,175,85.0,90.0,3.0,2.0,1.0,1,good
2022-23,FAIL,3,rates_v2b_packaged,303,Mahrez,MID,283,Salah,MID,-0.7164,0.7164,mid,1.944,2.6608,3.3772,4.6048,2.558,0.0248,0.72,79,92,0.0,90.0,0.0,8.0,-8.0,0,not_both60
2022-23,FAIL,3,rates_v2b_packaged,303,Mahrez,MID,465,Bowen,MID,-0.3,0.3,mid,1.944,2.6608,2.9608,4.6048,2.558,0.0248,0.72,79,92,0.0,90.0,0.0,2.0,-2.0,0,not_both60
2022-23,FAIL,4,rates_v2b_packaged,465,Bowen,MID,300,Gündogan,MID,-0.0452,0.0452,near,1.0044,2.5748,2.62,3.5792,2.4325,0.0188,0.72,83,264,90.0,29.0,3.0,4.0,-1.0,0,not_both60
2022-23,FAIL,4,rates_v2b_packaged,465,Bowen,MID,301,De Bruyne,MID,-0.97,0.97,large,1.0044,2.5748,3.5448,3.5792,2.4325,0.0188,0.72,83,264,90.0,88.0,3.0,2.0,1.0,1,good
2022-23,FAIL,4,rates_v2b_packaged,314,Foden,MID,300,Gündogan,MID,0.0644,0.0644,near,0.8644,2.6844,2.62,3.5488,2.5677,0.0228,0.72,80,222,90.0,29.0,4.0,4.0,0.0,0,not_both60
2022-23,FAIL,4,rates_v2b_packaged,314,Foden,MID,301,De Bruyne,MID,-0.8604,0.8604,large,0.8644,2.6844,3.5448,3.5488,2.5677,0.0228,0.72,80,222,90.0,88.0,4.0,2.0,2.0,1,good
2022-23,FAIL,4,rates_v2b_packaged,446,Kulusevski,MID,300,Gündogan,MID,-0.2016,0.2016,near,1.1856,2.4184,2.62,3.604,2.2899,0.0128,0.72,82,260,82.0,29.0,6.0,4.0,2.0,0,not_both60
2022-23,FAIL,4,rates_v2b_packaged,446,Kulusevski,MID,301,De Bruyne,MID,-1.1264,1.1264,large,1.1856,2.4184,3.5448,3.604,2.2899,0.0128,0.72,82,260,82.0,88.0,6.0,2.0,4.0,1,good
2022-23,FAIL,4,rates_v2b_packaged,518,Hennessey,GKP,81,Raya,GKP,-0.036,0.036,near,0.0,3.3136,3.3496,3.3136,2.3552,0.0036,0.85,40,0,0.0,90.0,0.0,6.0,-6.0,0,not_both60
2022-23,FAIL,5,rates_v2b_packaged,261,Maddison,MID,301,De Bruyne,MID,-0.8284,0.8284,large,1.4424,2.5856,3.414,4.028,2.4448,0.0176,0.72,79,270,90.0,21.0,1.0,1.0,0.0,0,not_both60
2022-23,FAIL,5,rates_v2b_packaged,261,Maddison,MID,116,Mac Allister,MID,0.1872,0.1872,near,1.4424,2.5856,2.3984,4.028,2.4448,0.0176,0.72,79,270,90.0,90.0,1.0,10.0,-9.0,1,bad
2022-23,FAIL,5,rates_v2b_packaged,303,Mahrez,MID,301,De Bruyne,MID,-0.7304,0.7304,mid,2.5872,2.6836,3.414,5.2708,2.4958,0.0168,0.72,77,152,35.0,21.0,4.0,1.0,3.0,0,not_both60
2022-23,FAIL,5,rates_v2b_packaged,303,Mahrez,MID,116,Mac Allister,MID,0.2852,0.2852,mid,2.5872,2.6836,2.3984,5.2708,2.4958,0.0168,0.72,77,152,35.0,90.0,4.0,10.0,-6.0,0,not_both60
2022-23,FAIL,5,rates_v2b_packaged,465,Bowen,MID,301,De Bruyne,MID,-0.69,0.69,mid,1.1432,2.724,3.414,3.8672,2.574,0.024,0.72,82,354,90.0,21.0,2.0,1.0,1.0,0,not_both60
2022-23,FAIL,5,rates_v2b_packaged,465,Bowen,MID,116,Mac Allister,MID,0.3256,0.3256,mid,1.1432,2.724,2.3984,3.8672,2.574,0.024,0.72,82,354,90.0,90.0,2.0,10.0,-8.0,1,bad
2022-23,FAIL,5,rates_v2b_packaged,357,Trippier,DEF,257,Amartey,DEF,-0.2708,0.2708,mid,1.0772,2.0768,2.3476,3.154,2.1644,0.0032,0.72,51,360,90.0,0.0,0.0,0.0,0.0,0,not_both60
2022-23,FAIL,5,rates_v2b_packaged,357,Trippier,DEF,258,Castagne,DEF,-0.238,0.238,near,1.0772,2.0768,2.3148,3.154,2.1644,0.0032,0.72,51,360,90.0,0.0,0.0,0.0,0.0,0,not_both60
2022-23,FAIL,5,rates_v2b_packaged,357,Trippier,DEF,156,Ward,DEF,-0.2312,0.2312,near,1.0772,2.0768,2.308,3.154,2.1644,0.0032,0.72,51,360,90.0,90.0,0.0,2.0,-2.0,1,bad
2022-23,FAIL,5,rates_v2b_packaged,457,Cresswell,DEF,257,Amartey,DEF,-0.0888,0.0888,near,0.3212,2.2588,2.3476,2.58,2.3201,0.0064,0.72,49,360,71.0,0.0,2.0,0.0,2.0,0,not_both60
2022-23,FAIL,5,rates_v2b_packaged,457,Cresswell,DEF,258,Castagne,DEF,-0.056,0.056,near,0.3212,2.2588,2.3148,2.58,2.3201,0.0064,0.72,49,360,71.0,0.0,2.0,0.0,2.0,0,not_both60
2022-23,FAIL,5,rates_v2b_packaged,457,Cresswell,DEF,156,Ward,DEF,-0.0492,0.0492,near,0.3212,2.2588,2.308,2.58,2.3201,0.0064,0.72,49,360,71.0,90.0,2.0,2.0,0.0,1,tie
2022-23,FAIL,5,rates_v2b_packaged,285,Alexander-Arnold,DEF,257,Amartey,DEF,0.2976,0.2976,mid,0.576,2.6452,2.3476,3.2212,2.6065,0.0152,0.72,75,352,70.0,0.0,2.0,0.0,2.0,0,not_both60
2022-23,FAIL,5,rates_v2b_packaged,285,Alexander-Arnold,DEF,258,Castagne,DEF,0.3304,0.3304,mid,0.576,2.6452,2.3148,3.2212,2.6065,0.0152,0.72,75,352,70.0,0.0,2.0,0.0,2.0,0,not_both60
2022-23,FAIL,5,rates_v2b_packaged,285,Alexander-Arnold,DEF,156,Ward,DEF,0.3372,0.3372,mid,0.576,2.6452,2.308,3.2212,2.6065,0.0152,0.72,75,352,70.0,90.0,2.0,2.0,0.0,1,tie
2022-23,FAIL,5,rates_v2b_packaged,279,Firmino,FWD,288,Diogo Jota,FWD,-0.6328,0.6328,mid,1.1072,2.3972,3.03,3.5044,2.3372,0.0216,0.72,80,208,90.0,0.0,9.0,0.0,9.0,0,not_both60
2022-23,FAIL,5,rates_v2b_packaged,279,Firmino,FWD,210,Mitrović,FWD,-0.1292,0.1292,near,1.1072,2.3972,2.5264,3.5044,2.3372,0.0216,0.72,80,208,90.0,90.0,9.0,9.0,0.0,1,tie
2022-23,FAIL,5,rates_v2b_packaged,279,Firmino,FWD,318,Haaland,FWD,-1.1628,1.1628,large,1.1072,2.3972,3.56,3.5044,2.3372,0.0216,0.72,80,208,90.0,68.0,9.0,17.0,-8.0,1,bad
2022-23,FAIL,5,rates_v2b_packaged,255,Vardy,FWD,288,Diogo Jota,FWD,-0.4848,0.4848,mid,1.2076,2.5452,3.03,3.7528,2.5137,0.0272,0.72,94,313,86.0,0.0,2.0,0.0,2.0,0,not_both60
2022-23,FAIL,5,rates_v2b_packaged,255,Vardy,FWD,210,Mitrović,FWD,0.0188,0.0188,near,1.2076,2.5452,2.5264,3.7528,2.5137,0.0272,0.72,94,313,86.0,90.0,2.0,9.0,-7.0,1,bad
2022-23,FAIL,5,rates_v2b_packaged,255,Vardy,FWD,318,Haaland,FWD,-1.0148,1.0148,large,1.2076,2.5452,3.56,3.7528,2.5137,0.0272,0.72,94,313,86.0,68.0,2.0,17.0,-15.0,1,bad
2022-23,FAIL,6,rates_v2b_packaged,356,Wilson,FWD,288,Diogo Jota,FWD,-0.2308,0.2308,near,0.7308,2.5984,2.8292,3.3292,2.6569,0.0324,0.72,73,155,0.0,10.0,0.0,1.0,-1.0,0,not_both60
2022-23,FAIL,6,rates_v2b_packaged,356,Wilson,FWD,427,Kane,FWD,-0.642,0.642,mid,0.7308,2.5984,3.2404,3.3292,2.6569,0.0324,0.72,73,155,0.0,77.0,0.0,9.0,-9.0,0,not_both60
2022-23,FAIL,6,rates_v2b_packaged,356,Wilson,FWD,210,Mitrović,FWD,-0.0812,0.0812,near,0.7308,2.5984,2.6796,3.3292,2.6569,0.0324,0.72,73,155,0.0,90.0,0.0,5.0,-5.0,0,not_both60
2022-23,FAIL,6,rates_v2b_packaged,145,Havertz,FWD,288,Diogo Jota,FWD,-0.2044,0.2044,near,0.5964,2.6248,2.8292,3.2212,2.5794,0.0288,0.72,77,334,18.0,10.0,6.0,1.0,5.0,0,not_both60
2022-23,FAIL,6,rates_v2b_packaged,145,Havertz,FWD,427,Kane,FWD,-0.6156,0.6156,mid,0.5964,2.6248,3.2404,3.2212,2.5794,0.0288,0.72,77,334,18.0,77.0,6.0,9.0,-3.0,0,not_both60
2022-23,FAIL,6,rates_v2b_packaged,145,Havertz,FWD,210,Mitrović,FWD,-0.0548,0.0548,near,0.5964,2.6248,2.6796,3.2212,2.5794,0.0288,0.72,77,334,18.0,90.0,6.0,5.0,1.0,0,not_both60
2022-23,FAIL,6,rates_v2b_packaged,261,Maddison,MID,480,Neves,MID,-0.2588,0.2588,mid,1.0744,2.3492,2.608,3.4236,2.2412,0.0156,0.72,79,270,90.0,90.0,2.0,2.0,0.0,1,tie
2022-23,FAIL,6,rates_v2b_packaged,261,Maddison,MID,104,Groß,MID,-0.5332,0.5332,mid,1.0744,2.3492,2.8824,3.4236,2.2412,0.0156,0.72,79,270,90.0,90.0,2.0,5.0,-3.0,1,bad
2022-23,FAIL,6,rates_v2b_packaged,303,Mahrez,MID,480,Neves,MID,-0.0412,0.0412,near,1.8184,2.5668,2.608,4.3852,2.4023,0.0164,0.72,77,185,17.0,90.0,1.0,2.0,-1.0,0,not_both60
2022-23,FAIL,6,rates_v2b_packaged,303,Mahrez,MID,104,Groß,MID,-0.3156,0.3156,mid,1.8184,2.5668,2.8824,4.3852,2.4023,0.0164,0.72,77,185,17.0,90.0,1.0,5.0,-4.0,0,not_both60
2022-23,FAIL,6,rates_v2b_packaged,446,Kulusevski,MID,480,Neves,MID,0.0188,0.0188,near,1.292,2.6268,2.608,3.9188,2.5253,0.0224,0.72,82,332,12.0,90.0,1.0,2.0,-1.0,0,not_both60
2022-23,FAIL,6,rates_v2b_packaged,446,Kulusevski,MID,104,Groß,MID,-0.2556,0.2556,mid,1.292,2.6268,2.8824,3.9188,2.5253,0.0224,0.72,82,332,12.0,90.0,1.0,5.0,-4.0,0,not_both60
2022-23,FAIL,6,rates_v2b_packaged,357,Trippier,DEF,516,Collins,DEF,-0.2652,0.2652,mid,1.3584,2.3332,2.5984,3.6916,2.3758,0.0064,0.72,51,360,90.0,90.0,8.0,9.0,-1.0,1,bad
2022-23,FAIL,6,rates_v2b_packaged,357,Trippier,DEF,106,Dunk,DEF,-0.2988,0.2988,mid,1.3584,2.3332,2.632,3.6916,2.3758,0.0064,0.72,51,360,90.0,90.0,8.0,1.0,7.0,1,good
2022-23,FAIL,6,rates_v2b_packaged,477,Jonny,DEF,516,Collins,DEF,-0.4232,0.4232,mid,0.5964,2.1752,2.5984,2.7716,2.1687,0.0016,0.72,44,347,90.0,90.0,5.0,9.0,-4.0,1,bad
2022-23,FAIL,6,rates_v2b_packaged,477,Jonny,DEF,106,Dunk,DEF,-0.4568,0.4568,mid,0.5964,2.1752,2.632,2.7716,2.1687,0.0016,0.72,44,347,90.0,90.0,5.0,1.0,4.0,1,good
2022-23,FAIL,8,rates_v2b_packaged,477,Jonny,DEF,526,Mee,DEF,-0.2984,0.2984,mid,0.4104,2.1892,2.4876,2.5996,2.2252,0.0048,0.72,44,270,90.0,90.0,1.0,1.0,0.0,1,tie
2022-23,FAIL,8,rates_v2b_packaged,465,Bowen,MID,480,Neves,MID,-0.0296,0.0296,near,0.9008,2.4008,2.4304,3.3016,2.1892,0.0136,0.72,81,270,90.0,90.0,2.0,1.0,1.0,1,good
2022-23,FAIL,8,rates_v2b_packaged,189,Gray,MID,480,Neves,MID,-0.0344,0.0344,near,0.5124,2.396,2.4304,2.9084,1.8412,0.0036,0.72,55,270,80.0,90.0,3.0,1.0,2.0,1,good
2022-23,FAIL,9,rates_v2b_packaged,40,Watkins,FWD,356,Wilson,FWD,-0.092,0.092,near,0.23,2.3476,2.4396,2.5776,1.956,0.0056,0.72,72,270,90.0,65.0,2.0,6.0,-4.0,1,bad
2022-23,FAIL,9,rates_v2b_packaged,2,Leno,GKP,81,Raya,GKP,-0.0024,0.0024,near,0.0,3.2876,3.29,3.2876,2.3571,0.0032,0.85,45,270,90.0,90.0,2.0,6.0,-4.0,1,bad
2022-23,FAIL,9,rates_v2b_packaged,357,Trippier,DEF,71,Mepham,DEF,-0.2368,0.2368,near,0.8612,2.2816,2.5184,3.1428,2.2958,0.0056,0.72,54,270,82.0,90.0,7.0,6.0,1.0,1,good
2022-23,FAIL,11,rates_v2b_packaged,40,Watkins,FWD,617,Aubameyang,FWD,-0.1168,0.1168,near,0.2352,2.38,2.4968,2.6152,1.9562,0.006,0.72,72,270,90.0,57.0,2.0,1.0,1.0,0,not_both60
2022-23,FAIL,12,rates_v2b_packaged,288,Diogo Jota,FWD,66,Solanke,FWD,-0.0348,0.0348,near,1.2036,2.4964,2.5312,3.7,2.4042,0.0228,0.72,89,185,0.0,90.0,0.0,2.0,-2.0,0,not_both60
2022-23,FAIL,12,rates_v2b_packaged,261,Maddison,MID,680,Gakpo,MID,-0.3096,0.3096,mid,0.8508,2.4652,2.7748,3.316,2.3436,0.014,0.72,82,354,0.0,0.0,0.0,0.0,0.0,0,not_both60
2022-23,FAIL,12,rates_v2b_packaged,261,Maddison,MID,333,Fernandes,MID,-0.0788,0.0788,near,0.8508,2.4652,2.544,3.316,2.3436,0.014,0.72,82,354,0.0,90.0,0.0,11.0,-11.0,0,not_both60
2022-23,FAIL,12,rates_v2b_packaged,264,Barnes,MID,680,Gakpo,MID,-0.4424,0.4424,mid,0.932,2.3324,2.7748,3.2644,1.9927,0.0068,0.72,69,354,84.0,0.0,8.0,0.0,8.0,0,not_both60
2022-23,FAIL,12,rates_v2b_packaged,264,Barnes,MID,333,Fernandes,MID,-0.2116,0.2116,near,0.932,2.3324,2.544,3.2644,1.9927,0.0068,0.72,69,354,84.0,90.0,8.0,11.0,-3.0,1,bad
2022-23,FAIL,12,rates_v2b_packaged,465,Bowen,MID,680,Gakpo,MID,-0.3564,0.3564,mid,0.5372,2.4184,2.7748,2.9556,2.0336,0.0072,0.72,82,360,90.0,0.0,0.0,0.0,0.0,0,not_both60
2022-23,FAIL,12,rates_v2b_packaged,465,Bowen,MID,333,Fernandes,MID,-0.1256,0.1256,near,0.5372,2.4184,2.544,2.9556,2.0336,0.0072,0.72,82,360,90.0,90.0,0.0,11.0,-11.0,1,bad
2022-23,FAIL,12,rates_v2b_packaged,374,Bruno Guimarães,MID,680,Gakpo,MID,-0.312,0.312,mid,1.0604,2.4628,2.7748,3.5232,2.0769,0.006,0.72,57,283,90.0,0.0,6.0,0.0,6.0,0,not_both60
2022-23,FAIL,12,rates_v2b_packaged,374,Bruno Guimarães,MID,333,Fernandes,MID,-0.0812,0.0812,near,1.0604,2.4628,2.544,3.5232,2.0769,0.006,0.72,57,283,90.0,90.0,6.0,11.0,-5.0,1,bad
2022-23,FAIL,12,rates_v2b_packaged,366,Schär,DEF,258,Castagne,DEF,-0.1168,0.1168,near,0.1532,2.4888,2.6056,2.642,2.4509,0.0064,0.72,48,352,90.0,90.0,5.0,6.0,-1.0,1,bad
2022-23,FAIL,12,rates_v2b_packaged,366,Schär,DEF,342,Dalot,DEF,-0.246,0.246,near,0.1532,2.4888,2.7348,2.642,2.4509,0.0064,0.72,48,352,90.0,90.0,5.0,6.0,-1.0,1,bad
2022-23,FAIL,12,rates_v2b_packaged,366,Schär,DEF,377,Botman,DEF,-0.04,0.04,near,0.1532,2.4888,2.5288,2.642,2.4509,0.0064,0.72,48,352,90.0,90.0,5.0,7.0,-2.0,1,bad
2022-23,FAIL,13,rates_v2b_packaged,288,Diogo Jota,FWD,617,Aubameyang,FWD,-0.3784,0.3784,mid,0.8268,2.3296,2.708,3.1564,2.2097,0.0164,0.72,89,185,0.0,73.0,0.0,2.0,-2.0,0,not_both60
2022-23,FAIL,13,rates_v2b_packaged,288,Diogo Jota,FWD,318,Haaland,FWD,-0.9948,0.9948,large,0.8268,2.3296,3.3244,3.1564,2.2097,0.0164,0.72,89,185,0.0,79.0,0.0,13.0,-13.0,0,not_both60
2022-23,FAIL,13,rates_v2b_packaged,357,Trippier,DEF,484,Kilman,DEF,-0.0548,0.0548,near,0.652,2.4612,2.516,3.1132,2.3183,0.004,0.72,57,345,90.0,90.0,2.0,0.0,2.0,1,good
2022-23,FAIL,13,rates_v2b_packaged,357,Trippier,DEF,39,Mings,DEF,0.038,0.038,near,0.652,2.4612,2.4232,3.1132,2.3183,0.004,0.72,57,345,90.0,90.0,2.0,10.0,-8.0,1,bad
2022-23,FAIL,13,rates_v2b_packaged,357,Trippier,DEF,461,Zouma,DEF,-0.0848,0.0848,near,0.652,2.4612,2.546,3.1132,2.3183,0.004,0.72,57,345,90.0,90.0,2.0,15.0,-13.0,1,bad
2022-23,FAIL,13,rates_v2b_packaged,357,Trippier,DEF,475,Coady,DEF,-0.1092,0.1092,near,0.652,2.4612,2.5704,3.1132,2.3183,0.004,0.72,57,345,90.0,90.0,2.0,6.0,-4.0,1,bad
2022-23,FAIL,13,rates_v2b_packaged,141,Chalobah,DEF,484,Kilman,DEF,-0.2624,0.2624,mid,0.718,2.2536,2.516,2.9716,2.2654,0.0044,0.72,47,270,90.0,90.0,2.0,0.0,2.0,1,good
2022-23,FAIL,13,rates_v2b_packaged,141,Chalobah,DEF,39,Mings,DEF,-0.1696,0.1696,near,0.718,2.2536,2.4232,2.9716,2.2654,0.0044,0.72,47,270,90.0,90.0,2.0,10.0,-8.0,1,bad
2022-23,FAIL,13,rates_v2b_packaged,141,Chalobah,DEF,461,Zouma,DEF,-0.2924,0.2924,mid,0.718,2.2536,2.546,2.9716,2.2654,0.0044,0.72,47,270,90.0,90.0,2.0,15.0,-13.0,1,bad
2022-23,FAIL,13,rates_v2b_packaged,141,Chalobah,DEF,475,Coady,DEF,-0.3168,0.3168,mid,0.718,2.2536,2.5704,2.9716,2.2654,0.0044,0.72,47,270,90.0,90.0,2.0,6.0,-4.0,1,bad
2022-23,FAIL,14,rates_v2b_packaged,288,Diogo Jota,FWD,427,Kane,FWD,-0.1388,0.1388,near,1.1636,2.6064,2.7452,3.77,2.4518,0.0236,0.72,89,170,0.0,90.0,0.0,1.0,-1.0,0,not_both60
2022-23,FAIL,14,rates_v2b_packaged,261,Maddison,MID,680,Gakpo,MID,-0.4408,0.4408,mid,0.838,2.3656,2.8064,3.2036,2.2243,0.0088,0.72,82,270,90.0,0.0,2.0,0.0,2.0,0,not_both60
2022-23,FAIL,14,rates_v2b_packaged,261,Maddison,MID,169,Eze,MID,-0.2368,0.2368,near,0.838,2.3656,2.6024,3.2036,2.2243,0.0088,0.72,82,270,90.0,62.0,2.0,3.0,-1.0,1,bad
2022-23,FAIL,14,rates_v2b_packaged,428,Son,MID,680,Gakpo,MID,-0.1324,0.1324,near,0.5484,2.674,2.8064,3.2224,2.4612,0.0196,0.72,117,349,90.0,0.0,2.0,0.0,2.0,0,not_both60
2022-23,FAIL,14,rates_v2b_packaged,428,Son,MID,169,Eze,MID,0.0716,0.0716,near,0.5484,2.674,2.6024,3.2224,2.4612,0.0196,0.72,117,349,90.0,62.0,2.0,3.0,-1.0,1,bad
2022-23,FAIL,14,rates_v2b_packaged,335,Rashford,MID,680,Gakpo,MID,-0.2156,0.2156,near,0.368,2.5908,2.8064,2.9588,2.0762,0.0052,0.72,66,278,90.0,0.0,8.0,0.0,8.0,0,not_both60
2022-23,FAIL,14,rates_v2b_packaged,335,Rashford,MID,169,Eze,MID,-0.0116,0.0116,near,0.368,2.5908,2.6024,2.9588,2.0762,0.0052,0.72,66,278,90.0,62.0,8.0,3.0,5.0,1,good
2022-23,FAIL,14,rates_v2b_packaged,374,Bruno Guimarães,MID,680,Gakpo,MID,-0.534,0.534,mid,0.8988,2.2724,2.8064,3.1712,1.7956,0.0024,0.72,57,332,82.0,0.0,3.0,0.0,3.0,0,not_both60
2022-23,FAIL,14,rates_v2b_packaged,374,Bruno Guimarães,MID,169,Eze,MID,-0.33,0.33,mid,0.8988,2.2724,2.6024,3.1712,1.7956,0.0024,0.72,57,332,82.0,62.0,3.0,3.0,0.0,1,tie
2022-23,FAIL,15,rates_v2b_packaged,288,Diogo Jota,FWD,427,Kane,FWD,-0.3324,0.3324,mid,0.9516,2.3464,2.6788,3.298,2.2769,0.0184,0.72,89,90,0.0,90.0,0.0,8.0,-8.0,0,not_both60
2022-23,FAIL,15,rates_v2b_packaged,538,Young,DEF,516,Collins,DEF,-0.2032,0.2032,near,0.218,2.466,2.6692,2.684,2.3757,0.0052,0.72,44,360,11.0,90.0,1.0,0.0,1.0,0,not_both60
2022-23,FAIL,15,rates_v2b_packaged,538,Young,DEF,461,Zouma,DEF,-0.1292,0.1292,near,0.218,2.466,2.5952,2.684,2.3757,0.0052,0.72,44,360,11.0,90.0,1.0,1.0,0.0,0,not_both60
2022-23,FAIL,15,rates_v2b_packaged,538,Young,DEF,475,Coady,DEF,-0.0584,0.0584,near,0.218,2.466,2.5244,2.684,2.3757,0.0052,0.72,44,360,11.0,90.0,1.0,1.0,0.0,0,not_both60
2022-23,FAIL,15,rates_v2b_packaged,141,Chalobah,DEF,516,Collins,DEF,-0.29,0.29,mid,0.5308,2.3792,2.6692,2.91,2.2729,0.0052,0.72,47,360,90.0,90.0,1.0,0.0,1.0,1,good
2022-23,FAIL,15,rates_v2b_packaged,141,Chalobah,DEF,461,Zouma,DEF,-0.216,0.216,near,0.5308,2.3792,2.5952,2.91,2.2729,0.0052,0.72,47,360,90.0,90.0,1.0,1.0,0.0,1,tie
2022-23,FAIL,15,rates_v2b_packaged,141,Chalobah,DEF,475,Coady,DEF,-0.1452,0.1452,near,0.5308,2.3792,2.5244,2.91,2.2729,0.0052,0.72,47,360,90.0,90.0,1.0,1.0,0.0,1,tie
2022-23,FAIL,16,rates_v2b_packaged,464,Benrahma,MID,680,Gakpo,MID,-0.6432,0.6432,mid,0.818,2.1308,2.774,2.9488,1.7398,0.0036,0.72,56,272,90.0,0.0,2.0,0.0,2.0,0,not_both60
2022-23,FAIL,16,rates_v2b_packaged,464,Benrahma,MID,614,Willian,MID,-0.5928,0.5928,mid,0.818,2.1308,2.7236,2.9488,1.7398,0.0036,0.72,56,272,90.0,90.0,2.0,2.0,0.0,1,tie
2022-23,FAIL,16,rates_v2b_packaged,374,Bruno Guimarães,MID,680,Gakpo,MID,-0.5888,0.5888,mid,0.7456,2.1852,2.774,2.9308,1.7219,0.0016,0.72,57,350,90.0,0.0,3.0,0.0,3.0,0,not_both60
2022-23,FAIL,16,rates_v2b_packaged,374,Bruno Guimarães,MID,614,Willian,MID,-0.5384,0.5384,mid,0.7456,2.1852,2.7236,2.9308,1.7219,0.0016,0.72,57,350,90.0,90.0,3.0,2.0,1.0,1,good
2022-23,FAIL,16,rates_v2b_packaged,286,Gomez,DEF,377,Botman,DEF,-0.0032,0.0032,near,0.34,2.5112,2.5144,2.8512,2.3954,0.0056,0.72,45,273,90.0,86.0,2.0,7.0,-5.0,1,bad
2022-23,FAIL,17,rates_v2b_packaged,16,Gabriel,DEF,257,Amartey,DEF,-0.0808,0.0808,near,0.164,2.538,2.6188,2.702,2.4419,0.0052,0.72,52,360,90.0,90.0,2.0,1.0,1.0,1,good
2022-23,FAIL,17,rates_v2b_packaged,16,Gabriel,DEF,258,Castagne,DEF,-0.1008,0.1008,near,0.164,2.538,2.6388,2.702,2.4419,0.0052,0.72,52,360,90.0,90.0,2.0,1.0,1.0,1,good
2022-23,FAIL,17,rates_v2b_packaged,16,Gabriel,DEF,342,Dalot,DEF,-0.1768,0.1768,near,0.164,2.538,2.7148,2.702,2.4419,0.0052,0.72,52,360,90.0,0.0,2.0,0.0,2.0,0,not_both60
2022-23,FAIL,17,rates_v2b_packaged,141,Chalobah,DEF,257,Amartey,DEF,-0.4612,0.4612,mid,0.5076,2.1576,2.6188,2.6652,2.2077,0.0044,0.72,47,360,2.0,90.0,1.0,1.0,0.0,0,not_both60
2022-23,FAIL,17,rates_v2b_packaged,141,Chalobah,DEF,258,Castagne,DEF,-0.4812,0.4812,mid,0.5076,2.1576,2.6388,2.6652,2.2077,0.0044,0.72,47,360,2.0,90.0,1.0,1.0,0.0,0,not_both60
2022-23,FAIL,17,rates_v2b_packaged,141,Chalobah,DEF,342,Dalot,DEF,-0.5572,0.5572,mid,0.5076,2.1576,2.7148,2.6652,2.2077,0.0044,0.72,47,360,2.0,0.0,1.0,0.0,1.0,0,not_both60
2022-23,FAIL,17,rates_v2b_packaged,42,Buendía,MID,519,Eriksen,MID,-0.1596,0.1596,near,0.494,2.3836,2.5432,2.8776,1.8474,0.002,0.72,57,281,85.0,76.0,2.0,5.0,-3.0,1,bad
2022-23,FAIL,17,rates_v2b_packaged,171,Olise,MID,519,Eriksen,MID,-0.2292,0.2292,near,0.8112,2.314,2.5432,3.1252,1.8936,0.0028,0.72,54,326,83.0,76.0,2.0,5.0,-3.0,1,bad
2022-23,FAIL,18,rates_v2b_packaged,288,Diogo Jota,FWD,427,Kane,FWD,-0.1196,0.1196,near,1.0292,2.5832,2.7028,3.6124,2.4698,0.0248,0.72,88,0,0.0,90.0,0.0,2.0,-2.0,0,not_both60
2022-23,FAIL,18,rates_v2b_packaged,300,Gündogan,MID,680,Gakpo,MID,-0.1984,0.1984,near,0.5716,2.5908,2.7892,3.1624,2.2777,0.0116,0.72,73,360,3.0,0.0,1.0,0.0,1.0,0,not_both60
2022-23,FAIL,18,rates_v2b_packaged,300,Gündogan,MID,369,Almirón,MID,0.0308,0.0308,near,0.5716,2.5908,2.56,3.1624,2.2777,0.0116,0.72,73,360,3.0,83.0,1.0,3.0,-2.0,0,not_both60
2022-23,FAIL,18,rates_v2b_packaged,464,Benrahma,MID,680,Gakpo,MID,-0.5448,0.5448,mid,0.8088,2.2444,2.7892,3.0532,1.9571,0.0048,0.72,56,333,90.0,0.0,2.0,0.0,2.0,0,not_both60
2022-23,FAIL,18,rates_v2b_packaged,464,Benrahma,MID,369,Almirón,MID,-0.3156,0.3156,mid,0.8088,2.2444,2.56,3.0532,1.9571,0.0048,0.72,56,333,90.0,83.0,2.0,3.0,-1.0,1,bad
2022-23,FAIL,18,rates_v2b_packaged,285,Alexander-Arnold,DEF,470,Diop,DEF,0.1468,0.1468,near,0.4312,2.6832,2.5364,3.1144,2.5903,0.0156,0.72,72,332,85.0,90.0,8.0,2.0,6.0,1,good
2022-23,FAIL,20,rates_v2b_packaged,513,Lenglet,DEF,302,Stones,DEF,-0.4224,0.4224,mid,0.0,4.6312,5.0536,4.6312,3.2268,0.0768,0.72,48,321,99.0,90.0,1.0,1.0,0.0,1,tie
2022-23,FAIL,20,rates_v2b_packaged,300,Gündogan,MID,169,Eze,MID,0.3248,0.3248,mid,0.8296,5.098,4.7732,5.9276,3.1162,0.1004,0.72,73,273,80.0,103.0,2.0,2.0,0.0,1,tie
2022-23,FAIL,21,rates_v2b_packaged,357,Trippier,DEF,302,Stones,DEF,-0.178,0.178,near,0.082,2.62,2.798,2.702,2.4955,0.004,0.72,60,360,90.0,90.0,8.0,8.0,0.0,1,tie
2022-23,FAIL,21,rates_v2b_packaged,357,Trippier,DEF,628,Aurier,DEF,0.0396,0.0396,near,0.082,2.62,2.5804,2.702,2.4955,0.004,0.72,60,360,90.0,74.0,8.0,2.0,6.0,1,good
2022-23,FAIL,21,rates_v2b_packaged,222,Ayling,DEF,302,Stones,DEF,-0.506,0.506,mid,0.3916,2.292,2.798,2.6836,2.2626,0.0036,0.72,45,274,90.0,90.0,8.0,8.0,0.0,1,tie
2022-23,FAIL,21,rates_v2b_packaged,222,Ayling,DEF,628,Aurier,DEF,-0.2884,0.2884,mid,0.3916,2.292,2.5804,2.6836,2.2626,0.0036,0.72,45,274,90.0,74.0,8.0,2.0,6.0,1,good
2022-23,FAIL,21,rates_v2b_packaged,171,Olise,MID,680,Gakpo,MID,-0.4344,0.4344,mid,0.452,2.4756,2.91,2.9276,1.9903,0.0056,0.72,54,422,25.0,81.0,0.0,3.0,-3.0,0,not_both60
2022-23,FAIL,21,rates_v2b_packaged,171,Olise,MID,335,Rashford,MID,-0.3332,0.3332,mid,0.452,2.4756,2.8088,2.9276,1.9903,0.0056,0.72,54,422,25.0,90.0,0.0,7.0,-7.0,0,not_both60
2022-23,FAIL,21,rates_v2b_packaged,171,Olise,MID,283,Salah,MID,-0.5188,0.5188,mid,0.452,2.4756,2.9944,2.9276,1.9903,0.0056,0.72,54,422,25.0,90.0,0.0,3.0,-3.0,0,not_both60
2022-23,FAIL,21,rates_v2b_packaged,301,De Bruyne,MID,680,Gakpo,MID,0.1972,0.1972,near,0.2408,3.1072,2.91,3.348,2.6202,0.0208,0.72,125,360,76.0,81.0,6.0,3.0,3.0,1,good
2022-23,FAIL,21,rates_v2b_packaged,301,De Bruyne,MID,335,Rashford,MID,0.2984,0.2984,mid,0.2408,3.1072,2.8088,3.348,2.6202,0.0208,0.72,125,360,76.0,90.0,6.0,7.0,-1.0,1,bad
2022-23,FAIL,21,rates_v2b_packaged,301,De Bruyne,MID,283,Salah,MID,0.1128,0.1128,near,0.2408,3.1072,2.9944,3.348,2.6202,0.0208,0.72,125,360,76.0,90.0,6.0,3.0,3.0,1,good
2022-23,FAIL,21,rates_v2b_packaged,278,Chamberlain,MID,680,Gakpo,MID,-0.66,0.66,mid,0.8004,2.25,2.91,3.0504,2.0428,0.0084,0.72,49,277,0.0,81.0,0.0,3.0,-3.0,0,not_both60
2022-23,FAIL,21,rates_v2b_packaged,278,Chamberlain,MID,335,Rashford,MID,-0.5588,0.5588,mid,0.8004,2.25,2.8088,3.0504,2.0428,0.0084,0.72,49,277,0.0,90.0,0.0,7.0,-7.0,0,not_both60
2022-23,FAIL,21,rates_v2b_packaged,278,Chamberlain,MID,283,Salah,MID,-0.7444,0.7444,mid,0.8004,2.25,2.9944,3.0504,2.0428,0.0084,0.72,49,277,0.0,90.0,0.0,3.0,-3.0,0,not_both60
2022-23,FAIL,22,rates_v2b_packaged,135,Ziyech,MID,7,Ødegaard,MID,-0.6112,0.6112,mid,0.876,2.29,2.9012,3.166,2.0981,0.0104,0.72,55,274,59.0,76.0,1.0,2.0,-1.0,0,not_both60
2022-23,FAIL,23,rates_v2b_packaged,171,Olise,MID,124,Mitoma,MID,-0.2532,0.2532,mid,0.34,2.5068,2.76,2.8468,2.0115,0.0048,0.72,54,367,83.0,90.0,2.0,2.0,0.0,1,tie
2022-23,FAIL,23,rates_v2b_packaged,171,Olise,MID,335,Rashford,MID,-0.4016,0.4016,mid,0.34,2.5068,2.9084,2.8468,2.0115,0.0048,0.72,54,367,83.0,90.0,2.0,8.0,-6.0,1,bad
2022-23,FAIL,23,rates_v2b_packaged,446,Kulusevski,MID,124,Mitoma,MID,-0.1448,0.1448,near,0.6856,2.6152,2.76,3.3008,2.2563,0.0104,0.72,79,355,78.0,90.0,2.0,2.0,0.0,1,tie
2022-23,FAIL,23,rates_v2b_packaged,446,Kulusevski,MID,335,Rashford,MID,-0.2932,0.2932,mid,0.6856,2.6152,2.9084,3.3008,2.2563,0.0104,0.72,79,355,78.0,90.0,2.0,8.0,-6.0,1,bad
2022-23,FAIL,23,rates_v2b_packaged,222,Ayling,DEF,16,Gabriel,DEF,-2.5576,2.5576,large,0.3392,2.488,5.0456,2.8272,2.5147,0.0108,0.72,45,450,90.0,180.0,1.0,3.0,-2.0,1,bad
2022-23,FAIL,23,rates_v2b_packaged,15,Ramsdale,GKP,2,Leno,GKP,2.464,2.464,large,0.0,6.2316,3.7676,6.2316,3.2562,0.1592,0.85,49,360,180.0,90.0,3.0,6.0,-3.0,1,bad
2022-23,FAIL,24,rates_v2b_packaged,128,Thiago Silva,DEF,92,Pinnock,DEF,0.0324,0.0324,near,0.0,2.6776,2.6452,2.6776,2.463,0.0076,0.72,55,360,0.0,90.0,0.0,2.0,-2.0,0,not_both60
2022-23,FAIL,24,rates_v2b_packaged,446,Kulusevski,MID,333,Fernandes,MID,-0.1004,0.1004,near,0.7388,2.7056,2.806,3.4444,2.2607,0.0112,0.72,79,433,89.0,90.0,3.0,12.0,-9.0,1,bad
2022-23,FAIL,24,rates_v2b_packaged,446,Kulusevski,MID,7,Ødegaard,MID,-0.0848,0.0848,near,0.7388,2.7056,2.7904,3.4444,2.2607,0.0112,0.72,79,433,89.0,90.0,3.0,8.0,-5.0,1,bad
2022-23,FAIL,26,rates_v2b_packaged,333,Fernandes,MID,124,Mitoma,MID,0.302,0.302,mid,0.0,3.2048,2.9028,3.2048,2.4465,0.02,0.82,98,360,90.0,82.0,2.0,13.0,-11.0,1,bad
2022-23,FAIL,26,rates_v2b_packaged,333,Fernandes,MID,335,Rashford,MID,0.0976,0.0976,near,0.0,3.2048,3.1072,3.2048,2.4465,0.02,0.82,98,360,90.0,84.0,2.0,2.0,0.0,1,tie
2022-23,FAIL,26,rates_v2b_packaged,303,Mahrez,MID,124,Mitoma,MID,-0.4144,0.4144,mid,0.8164,2.4884,2.9028,3.3048,3.2173,0.042,0.48,77,220,0.0,82.0,0.0,13.0,-13.0,0,not_both60
2022-23,FAIL,26,rates_v2b_packaged,303,Mahrez,MID,335,Rashford,MID,-0.6188,0.6188,mid,0.8164,2.4884,3.1072,3.3048,3.2173,0.042,0.48,77,220,0.0,84.0,0.0,2.0,-2.0,0,not_both60
2022-23,FAIL,26,rates_v2b_packaged,262,Iheanacho,FWD,318,Haaland,FWD,-0.4672,0.4672,mid,0.7972,2.7828,3.25,3.58,2.294,0.0112,0.72,62,277,90.0,90.0,2.0,4.0,-2.0,1,bad
2022-23,FAIL,27,rates_v2b_packaged,92,Pinnock,DEF,170,Mitchell,DEF,0.1016,0.1016,near,0.0556,4.3908,4.2892,4.4464,3.2395,0.068,0.72,44,270,180.0,180.0,8.0,4.0,4.0,1,good
2022-23,FAIL,27,rates_v2b_packaged,262,Iheanacho,FWD,95,Mbeumo,FWD,-0.992,0.992,large,0.8588,3.0412,4.0332,3.9,2.6727,0.0312,0.72,62,301,75.0,167.0,2.0,4.0,-2.0,1,bad
2022-23,FAIL,29,rates_v2b_packaged,256,Ricardo,DEF,628,Aurier,DEF,-0.9016,0.9016,large,1.4336,4.1736,5.0752,5.6072,3.1579,0.0656,0.72,43,275,50.0,0.0,8.0,0.0,8.0,0,not_both60
2022-23,FAIL,30,rates_v2b_packaged,256,Ricardo,DEF,280,Van Dijk,DEF,-0.6688,0.6688,mid,0.8256,2.3996,3.0684,3.2252,2.4187,0.0084,0.72,43,320,57.0,90.0,1.0,0.0,1.0,0,not_both60
2022-23,FAIL,30,rates_v2b_packaged,81,Raya,GKP,355,Dubravka,GKP,0.0352,0.0352,near,0.0,3.804,3.7688,3.804,2.5879,0.0108,0.85,49,540,90.0,0.0,0.0,0.0,0.0,0,not_both60
2022-23,FAIL,30,rates_v2b_packaged,124,Mitoma,MID,116,Mac Allister,MID,0.0016,0.0016,near,0.0,3.0768,3.0752,3.0768,2.6397,0.0224,0.72,56,430,90.0,90.0,2.0,2.0,0.0,1,tie
2022-23,FAIL,32,rates_v2b_packaged,288,Diogo Jota,FWD,40,Watkins,FWD,-0.3672,0.3672,mid,0.6824,2.7664,3.1336,3.4488,2.5911,0.0268,0.72,87,300,80.0,90.0,13.0,2.0,11.0,1,good
2022-23,FAIL,33,rates_v2b_packaged,288,Diogo Jota,FWD,427,Kane,FWD,-0.644,0.644,mid,0.59,2.9168,3.5608,3.5068,2.6162,0.0268,0.72,88,380,58.0,90.0,1.0,11.0,-10.0,0,not_both60
2022-23,FAIL,33,rates_v2b_packaged,285,Alexander-Arnold,DEF,39,Mings,DEF,0.1972,0.1972,near,0.0,3.0072,2.81,3.0072,2.5908,0.0164,0.82,75,360,90.0,90.0,5.0,15.0,-10.0,1,bad
2022-23,FAIL,35,rates_v2b_packaged,303,Mahrez,MID,124,Mitoma,MID,-0.0672,0.0672,near,0.6312,3.462,3.5292,4.0932,3.1243,0.0472,0.72,73,280,90.0,90.0,10.0,5.0,5.0,1,good
2022-23,FAIL,36,rates_v2b_packaged,356,Wilson,FWD,40,Watkins,FWD,2.4512,2.4512,large,0.1416,5.8848,3.4336,6.0264,3.9754,0.178,0.68,71,232,162.0,90.0,24.0,4.0,20.0,1,good
2022-23,FAIL,36,rates_v2b_packaged,342,Dalot,DEF,366,Schär,DEF,-2.5432,2.5432,large,0.0,3.4056,5.9488,3.4056,2.9615,0.0332,0.82,48,273,0.0,180.0,0.0,2.0,-2.0,0,not_both60
2023-24,PASS,1,rates_v2b_packaged,26,Trossard,MID,396,Rashford,MID,-0.5024,0.5024,mid,0.856,2.66,3.1624,3.516,2.5172,0.018,0.72,70,0,17.0,87.0,1.0,3.0,-2.0,0,not_both60
2023-24,PASS,1,rates_v2b_packaged,26,Trossard,MID,14,Ødegaard,MID,-0.4068,0.4068,mid,0.856,2.66,3.0668,3.516,2.5172,0.018,0.72,70,0,17.0,90.0,1.0,2.0,-1.0,0,not_both60
2023-24,PASS,1,rates_v2b_packaged,294,Diogo J.,MID,396,Rashford,MID,-0.5552,0.5552,mid,1.2764,2.6072,3.1624,3.8836,2.4841,0.02,0.72,80,0,65.0,87.0,1.0,3.0,-2.0,1,bad
2023-24,PASS,1,rates_v2b_packaged,294,Diogo J.,MID,14,Ødegaard,MID,-0.4596,0.4596,mid,1.2764,2.6072,3.0668,3.8836,2.4841,0.02,0.72,80,0,65.0,90.0,1.0,2.0,-1.0,1,bad
2023-24,PASS,2,rates_v2b_packaged,433,Wilson,FWD,355,Haaland,FWD,-1.4488,1.4488,large,0.4252,2.8648,4.3136,3.29,2.7568,0.0372,0.72,80,22,24.0,90.0,1.0,2.0,-1.0,0,not_both60
2023-24,PASS,2,rates_v2b_packaged,290,Alexander-Arnold,DEF,368,Stones,DEF,0.0852,0.0852,near,0.4828,2.7512,2.666,3.234,2.7776,0.0228,0.72,80,90,75.0,0.0,2.0,0.0,2.0,0,not_both60
2023-24,PASS,2,rates_v2b_packaged,294,Diogo J.,MID,236,Olise,MID,-0.4528,0.4528,mid,1.4668,2.7976,3.2504,4.2644,2.6963,0.0276,0.72,80,65,75.0,0.0,12.0,0.0,12.0,0,not_both60
2023-24,PASS,2,rates_v2b_packaged,294,Diogo J.,MID,664,Ward-Prowse,MID,-0.3624,0.3624,mid,1.4668,2.7976,3.16,4.2644,2.6963,0.0276,0.72,80,65,75.0,80.0,12.0,9.0,3.0,1,good
2023-24,PASS,2,rates_v2b_packaged,526,Bowen,MID,236,Olise,MID,-0.6492,0.6492,mid,0.8116,2.6012,3.2504,3.4128,2.522,0.0248,0.72,70,90,90.0,0.0,2.0,0.0,2.0,0,not_both60
2023-24,PASS,2,rates_v2b_packaged,526,Bowen,MID,664,Ward-Prowse,MID,-0.5588,0.5588,mid,0.8116,2.6012,3.16,3.4128,2.522,0.0248,0.72,70,90,90.0,80.0,2.0,9.0,-7.0,1,bad
2023-24,PASS,3,rates_v2b_packaged,433,Wilson,FWD,8,G.Jesus,FWD,-0.1148,0.1148,near,0.6224,3.0936,3.2084,3.716,3.0335,0.0508,0.72,79,46,18.0,1.0,1.0,1.0,0.0,0,not_both60
2023-24,PASS,3,rates_v2b_packaged,433,Wilson,FWD,355,Haaland,FWD,-0.6296,0.6296,mid,0.6224,3.0936,3.7232,3.716,3.0335,0.0508,0.72,79,46,18.0,90.0,1.0,4.0,-3.0,0,not_both60
2023-24,PASS,3,rates_v2b_packaged,195,Chilwell,DEF,198,Cucurella,DEF,-0.2432,0.2432,near,0.6488,1.7568,2.0,2.4056,2.4979,0.014,0.45,57,149,85.0,0.0,6.0,0.0,6.0,0,not_both60
2023-24,PASS,3,rates_v2b_packaged,308,Salah,MID,236,Olise,MID,0.5956,0.5956,mid,0.542,3.5804,2.9848,4.1224,3.4324,0.0624,0.72,125,161,90.0,0.0,5.0,0.0,5.0,0,not_both60
2023-24,PASS,3,rates_v2b_packaged,294,Diogo J.,MID,236,Olise,MID,-0.3832,0.3832,mid,1.1492,2.6016,2.9848,3.7508,2.4657,0.0164,0.72,80,140,32.0,0.0,4.0,0.0,4.0,0,not_both60
2023-24,PASS,5,rates_v2b_packaged,195,Chilwell,DEF,439,Boly,DEF,-0.0148,0.0148,near,0.6892,2.4144,2.4292,3.1036,2.5916,0.0144,0.72,58,295,10.0,0.0,0.0,0.0,0.0,0,not_both60
2023-24,PASS,5,rates_v2b_packaged,195,Chilwell,DEF,511,Romero,DEF,-0.0272,0.0272,near,0.6892,2.4144,2.4416,3.1036,2.5916,0.0144,0.72,58,295,10.0,90.0,0.0,2.0,-2.0,0,not_both60
2023-24,PASS,5,rates_v2b_packaged,430,Trippier,DEF,439,Boly,DEF,0.0156,0.0156,near,0.3192,2.4448,2.4292,2.764,2.5457,0.0128,0.72,65,360,90.0,0.0,8.0,0.0,8.0,0,not_both60
2023-24,PASS,5,rates_v2b_packaged,430,Trippier,DEF,511,Romero,DEF,0.0032,0.0032,near,0.3192,2.4448,2.4416,2.764,2.5457,0.0128,0.72,65,360,90.0,90.0,8.0,2.0,6.0,1,good
2023-24,PASS,5,rates_v2b_packaged,294,Diogo J.,MID,226,Eze,MID,-0.3512,0.3512,mid,1.178,2.706,3.0572,3.884,2.5989,0.0248,0.72,79,197,55.0,90.0,1.0,1.0,0.0,0,not_both60
2023-24,PASS,5,rates_v2b_packaged,294,Diogo J.,MID,396,Rashford,MID,-0.53,0.53,mid,1.178,2.706,3.236,3.884,2.5989,0.0248,0.72,79,197,55.0,90.0,1.0,2.0,-1.0,0,not_both60
2023-24,PASS,5,rates_v2b_packaged,294,Diogo J.,MID,504,Maddison,MID,-0.6516,0.6516,mid,1.178,2.706,3.3576,3.884,2.5989,0.0248,0.72,79,197,55.0,90.0,1.0,1.0,0.0,0,not_both60
2023-24,PASS,5,rates_v2b_packaged,526,Bowen,MID,226,Eze,MID,-0.0172,0.0172,near,0.618,3.04,3.0572,3.658,2.8813,0.0368,0.72,71,360,90.0,90.0,2.0,1.0,1.0,1,good
2023-24,PASS,5,rates_v2b_packaged,526,Bowen,MID,396,Rashford,MID,-0.196,0.196,near,0.618,3.04,3.236,3.658,2.8813,0.0368,0.72,71,360,90.0,90.0,2.0,2.0,0.0,1,tie
2023-24,PASS,5,rates_v2b_packaged,526,Bowen,MID,504,Maddison,MID,-0.3176,0.3176,mid,0.618,3.04,3.3576,3.658,2.8813,0.0368,0.72,71,360,90.0,90.0,2.0,1.0,1.0,1,good
2023-24,PASS,5,rates_v2b_packaged,308,Salah,MID,226,Eze,MID,0.4116,0.4116,mid,0.4564,3.4688,3.0572,3.9252,3.4371,0.0628,0.72,125,341,90.0,90.0,10.0,1.0,9.0,1,good
2023-24,PASS,5,rates_v2b_packaged,308,Salah,MID,396,Rashford,MID,0.2328,0.2328,near,0.4564,3.4688,3.236,3.9252,3.4371,0.0628,0.72,125,341,90.0,90.0,10.0,2.0,8.0,1,good
2023-24,PASS,5,rates_v2b_packaged,308,Salah,MID,504,Maddison,MID,0.1112,0.1112,near,0.4564,3.4688,3.3576,3.9252,3.4371,0.0628,0.72,125,341,90.0,90.0,10.0,1.0,9.0,1,good
2023-24,PASS,5,rates_v2b_packaged,13,Nketiah,FWD,355,Haaland,FWD,-1.8824,1.8824,large,1.0836,2.0704,3.9528,3.154,1.9021,0.0064,0.72,56,270,65.0,90.0,2.0,6.0,-4.0,1,bad
2023-24,PASS,6,rates_v2b_packaged,226,Eze,MID,664,Ward-Prowse,MID,-0.0384,0.0384,near,0.1736,2.8508,2.8892,3.0244,2.745,0.0276,0.72,63,360,90.0,90.0,3.0,2.0,1.0,1,good
2023-24,PASS,6,rates_v2b_packaged,226,Eze,MID,349,De Bruyne,MID,-0.7432,0.7432,mid,0.1736,2.8508,3.594,3.0244,2.745,0.0276,0.72,63,360,90.0,0.0,3.0,0.0,3.0,0,not_both60
2023-24,PASS,7,rates_v2b_packaged,433,Wilson,FWD,355,Haaland,FWD,-1.0096,1.0096,large,0.4964,3.4888,4.4984,3.9852,3.4224,0.08,0.72,78,209,0.0,90.0,0.0,2.0,-2.0,0,not_both60
2023-24,PASS,7,rates_v2b_packaged,506,Pedro Porro,DEF,220,Andersen,DEF,-0.2972,0.2972,mid,0.662,2.5028,2.8,3.1648,2.5426,0.0116,0.72,50,360,90.0,90.0,7.0,15.0,-8.0,1,bad
2023-24,PASS,7,rates_v2b_packaged,526,Bowen,MID,165,Cullen,MID,0.076,0.076,near,0.5672,3.4852,3.4092,4.0524,3.1885,0.05,0.72,72,360,90.0,180.0,9.0,4.0,5.0,1,good
2023-24,PASS,8,rates_v2b_packaged,13,Nketiah,FWD,326,Morris,FWD,-0.814,0.814,large,1.1176,2.3892,3.2032,3.5068,2.1691,0.0136,0.72,55,298,74.0,90.0,2.0,1.0,1.0,1,good
2023-24,PASS,8,rates_v2b_packaged,228,Guéhi,DEF,281,Ream,DEF,-0.0572,0.0572,near,0.0812,2.8008,2.858,2.882,2.546,0.0092,0.72,45,270,90.0,90.0,9.0,2.0,7.0,1,good
2023-24,PASS,8,rates_v2b_packaged,516,Son,MID,14,Ødegaard,MID,-0.0112,0.0112,near,0.422,3.6804,3.6916,4.1024,3.2457,0.058,0.72,94,296,75.0,90.0,3.0,3.0,0.0,1,tie
2023-24,PASS,9,rates_v2b_packaged,433,Wilson,FWD,355,Haaland,FWD,-1.5904,1.5904,large,0.6112,3.2484,4.8388,3.8596,3.2733,0.0752,0.72,78,163,69.0,90.0,6.0,8.0,-2.0,1,bad
2023-24,PASS,9,rates_v2b_packaged,506,Pedro Porro,DEF,584,Pau,DEF,0.0628,0.0628,near,0.6056,2.8408,2.778,3.4464,2.7746,0.0204,0.72,52,360,90.0,90.0,6.0,2.0,4.0,1,good
2023-24,PASS,9,rates_v2b_packaged,506,Pedro Porro,DEF,220,Andersen,DEF,-0.0176,0.0176,near,0.6056,2.8408,2.8584,3.4464,2.7746,0.0204,0.72,52,360,90.0,90.0,6.0,0.0,6.0,1,good
2023-24,PASS,9,rates_v2b_packaged,506,Pedro Porro,DEF,439,Boly,DEF,-0.008,0.008,near,0.6056,2.8408,2.8488,3.4464,2.7746,0.0204,0.72,52,360,90.0,77.0,6.0,6.0,0.0,1,tie
2023-24,PASS,9,rates_v2b_packaged,307,Robertson,DEF,584,Pau,DEF,-0.0592,0.0592,near,0.3984,2.7188,2.778,3.1172,2.7273,0.0196,0.72,66,360,0.0,90.0,0.0,2.0,-2.0,0,not_both60
2023-24,PASS,9,rates_v2b_packaged,307,Robertson,DEF,220,Andersen,DEF,-0.1396,0.1396,near,0.3984,2.7188,2.8584,3.1172,2.7273,0.0196,0.72,66,360,0.0,90.0,0.0,0.0,0.0,0,not_both60
2023-24,PASS,9,rates_v2b_packaged,307,Robertson,DEF,439,Boly,DEF,-0.13,0.13,near,0.3984,2.7188,2.8488,3.1172,2.7273,0.0196,0.72,66,360,0.0,77.0,0.0,6.0,-6.0,0,not_both60
2023-24,PASS,9,rates_v2b_packaged,430,Trippier,DEF,584,Pau,DEF,0.48,0.48,mid,0.2728,3.258,2.778,3.5308,2.9773,0.028,0.72,69,339,68.0,90.0,10.0,2.0,8.0,1,good
2023-24,PASS,9,rates_v2b_packaged,430,Trippier,DEF,220,Andersen,DEF,0.3996,0.3996,mid,0.2728,3.258,2.8584,3.5308,2.9773,0.028,0.72,69,339,68.0,90.0,10.0,0.0,10.0,1,good
2023-24,PASS,9,rates_v2b_packaged,430,Trippier,DEF,439,Boly,DEF,0.4092,0.4092,mid,0.2728,3.258,2.8488,3.5308,2.9773,0.028,0.72,69,339,68.0,77.0,10.0,6.0,4.0,1,good
2023-24,PASS,10,rates_v2b_packaged,307,Robertson,DEF,197,Colwill,DEF,-0.0928,0.0928,near,0.3856,2.828,2.9208,3.2136,2.7924,0.024,0.72,65,270,0.0,90.0,0.0,1.0,-1.0,0,not_both60
2023-24,PASS,10,rates_v2b_packaged,291,A.Becker,GKP,275,Leno,GKP,0.052,0.052,near,-0.0164,3.6668,3.6148,3.6504,2.5655,0.0072,0.85,55,360,90.0,90.0,7.0,3.0,4.0,1,good
2023-24,PASS,10,rates_v2b_packaged,60,Watkins,FWD,355,Haaland,FWD,-0.8184,0.8184,large,0.024,3.4284,4.2468,3.4524,3.0144,0.0412,0.72,83,360,90.0,90.0,2.0,16.0,-14.0,1,bad
2023-24,PASS,11,rates_v2b_packaged,506,Pedro Porro,DEF,112,Pinnock,DEF,-0.0504,0.0504,near,0.4852,2.7924,2.8428,3.2776,2.766,0.0216,0.72,52,360,90.0,90.0,0.0,1.0,-1.0,1,bad
2023-24,PASS,11,rates_v2b_packaged,506,Pedro Porro,DEF,265,Tarkowski,DEF,-0.0056,0.0056,near,0.4852,2.7924,2.798,3.2776,2.766,0.0216,0.72,52,360,90.0,90.0,0.0,1.0,-1.0,1,bad
2023-24,PASS,11,rates_v2b_packaged,506,Pedro Porro,DEF,511,Romero,DEF,-0.0888,0.0888,near,0.4852,2.7924,2.8812,3.2776,2.766,0.0216,0.72,52,360,90.0,32.0,0.0,-4.0,4.0,0,not_both60
2023-24,PASS,11,rates_v2b_packaged,245,Branthwaite,DEF,112,Pinnock,DEF,-0.6172,0.6172,mid,0.5884,2.2256,2.8428,2.814,2.3109,0.0048,0.72,40,360,90.0,90.0,1.0,1.0,0.0,1,tie
2023-24,PASS,11,rates_v2b_packaged,245,Branthwaite,DEF,265,Tarkowski,DEF,-0.5724,0.5724,mid,0.5884,2.2256,2.798,2.814,2.3109,0.0048,0.72,40,360,90.0,90.0,1.0,1.0,0.0,1,tie
2023-24,PASS,11,rates_v2b_packaged,245,Branthwaite,DEF,511,Romero,DEF,-0.6556,0.6556,mid,0.5884,2.2256,2.8812,2.814,2.3109,0.0048,0.72,40,360,90.0,32.0,1.0,-4.0,5.0,0,not_both60
2023-24,PASS,11,rates_v2b_packaged,430,Trippier,DEF,112,Pinnock,DEF,0.3892,0.3892,mid,0.2432,3.232,2.8428,3.4752,3.0792,0.036,0.72,70,338,90.0,90.0,9.0,1.0,8.0,1,good
2023-24,PASS,11,rates_v2b_packaged,430,Trippier,DEF,265,Tarkowski,DEF,0.434,0.434,mid,0.2432,3.232,2.798,3.4752,3.0792,0.036,0.72,70,338,90.0,90.0,9.0,1.0,8.0,1,good
2023-24,PASS,11,rates_v2b_packaged,430,Trippier,DEF,511,Romero,DEF,0.3508,0.3508,mid,0.2432,3.232,2.8812,3.4752,3.0792,0.036,0.72,70,338,90.0,32.0,9.0,-4.0,13.0,0,not_both60
2023-24,PASS,12,rates_v2b_packaged,516,Son,MID,362,Palmer,MID,0.53,0.53,mid,0.236,3.7804,3.2504,4.0164,3.4211,0.0636,0.72,97,336,90.0,90.0,2.0,6.0,-4.0,1,bad
2023-24,PASS,12,rates_v2b_packaged,430,Trippier,DEF,29,White,DEF,-0.0332,0.0332,near,0.1804,2.926,2.9592,3.1064,2.7087,0.0236,0.72,70,338,90.0,0.0,1.0,0.0,1.0,0,not_both60
2023-24,PASS,12,rates_v2b_packaged,60,Watkins,FWD,355,Haaland,FWD,-0.8496,0.8496,large,0.0572,3.5796,4.4292,3.6368,3.0864,0.0484,0.72,84,360,90.0,90.0,6.0,16.0,-10.0,1,bad
2023-24,PASS,13,rates_v2b_packaged,249,A.Doucoure,MID,362,Palmer,MID,-0.018,0.018,near,0.0716,3.0276,3.0456,3.0992,2.9087,0.0308,0.72,55,360,89.0,74.0,1.0,2.0,-1.0,1,bad
2023-24,PASS,13,rates_v2b_packaged,506,Pedro Porro,DEF,321,Doughty,DEF,0.1552,0.1552,near,0.3784,2.9352,2.78,3.3136,2.8744,0.0208,0.72,53,360,90.0,78.0,5.0,2.0,3.0,1,good
2023-24,PASS,13,rates_v2b_packaged,246,Calvert-Lewin,FWD,343,J.Alvarez,FWD,-0.5816,0.5816,mid,0.454,2.796,3.3776,3.25,2.5025,0.024,0.72,58,313,81.0,90.0,2.0,2.0,0.0,1,tie
2023-24,PASS,14,rates_v2b_packaged,293,Darwin,FWD,211,N.Jackson,FWD,0.0436,0.0436,near,0.3652,3.3604,3.3168,3.7256,3.1529,0.0564,0.72,76,343,90.0,71.0,2.0,5.0,-3.0,1,bad
2023-24,PASS,15,rates_v2b_packaged,245,Branthwaite,DEF,377,Dalot,DEF,-0.3388,0.3388,mid,0.3648,2.5164,2.8552,2.8812,2.499,0.0072,0.72,41,360,90.0,90.0,6.0,1.0,5.0,1,good
2023-24,PASS,15,rates_v2b_packaged,382,Garnacho,MID,43,Douglas Luiz,MID,-1.0452,1.0452,large,1.1452,2.1964,3.2416,3.3416,1.8942,0.0028,0.72,47,318,90.0,90.0,4.0,3.0,1.0,1,good
2023-24,PASS,16,rates_v2b_packaged,26,Trossard,MID,43,Douglas Luiz,MID,-0.164,0.164,near,0.5396,3.2524,3.4164,3.792,2.806,0.0332,0.72,65,286,20.0,90.0,1.0,2.0,-1.0,0,not_both60
2023-24,PASS,16,rates_v2b_packaged,275,Leno,GKP,482,Foderingham,GKP,-0.0064,0.0064,near,0.016,3.7564,3.7628,3.7724,2.4994,0.0068,0.85,47,360,90.0,90.0,9.0,9.0,0.0,1,tie
2023-24,PASS,16,rates_v2b_packaged,245,Branthwaite,DEF,220,Andersen,DEF,-0.4364,0.4364,mid,0.3852,2.4672,2.9036,2.8524,2.4523,0.0076,0.72,41,360,90.0,90.0,5.0,0.0,5.0,1,good
2023-24,PASS,18,rates_v2b_packaged,557,Hee Chan,MID,362,Palmer,MID,-0.0728,0.0728,near,0.1604,3.2348,3.3076,3.3952,3.0081,0.042,0.72,58,360,90.0,90.0,2.0,1.0,1.0,1,good
2023-24,PASS,19,rates_v2b_packaged,290,Alexander-Arnold,DEF,112,Pinnock,DEF,0.3008,0.3008,mid,0.1528,3.1656,2.8648,3.3184,3.0708,0.0404,0.72,83,360,90.0,90.0,8.0,0.0,8.0,1,good
2023-24,PASS,19,rates_v2b_packaged,134,Gross,MID,14,Ødegaard,MID,-0.28,0.28,mid,0.054,3.468,3.748,3.522,3.0056,0.0408,0.72,64,360,90.0,90.0,2.0,2.0,0.0,1,tie
2023-24,PASS,19,rates_v2b_packaged,246,Calvert-Lewin,FWD,211,N.Jackson,FWD,-0.3568,0.3568,mid,0.3684,3.0376,3.3944,3.406,2.9224,0.0496,0.72,58,321,25.0,90.0,1.0,2.0,-1.0,0,not_both60
2023-24,PASS,20,rates_v2b_packaged,342,Aké,DEF,313,Virgil,DEF,-0.174,0.174,near,0.1872,2.9156,3.0896,3.1028,2.8568,0.0232,0.72,50,270,90.0,90.0,6.0,1.0,5.0,1,good
2023-24,PASS,21,rates_v2b_packaged,236,Olise,MID,134,Gross,MID,-0.1168,0.1168,near,0.2056,3.3252,3.442,3.5308,2.8092,0.0288,0.72,59,360,0.0,90.0,0.0,3.0,-3.0,0,not_both60
2023-24,PASS,23,rates_v2b_packaged,31,Zinchenko,DEF,506,Pedro Porro,DEF,-0.098,0.098,near,0.098,2.9864,3.0844,3.0844,2.8288,0.0192,0.68,52,243,45.0,90.0,1.0,1.0,0.0,0,not_both60
2023-24,PASS,24,rates_v2b_packaged,321,Doughty,DEF,220,Andersen,DEF,-0.0248,0.0248,near,0.0,2.99,3.0148,2.99,2.8638,0.028,0.72,46,348,86.0,90.0,1.0,1.0,0.0,1,tie
2023-24,PASS,24,rates_v2b_packaged,557,Hee Chan,MID,664,Ward-Prowse,MID,-0.0596,0.0596,near,0.086,3.4444,3.504,3.5304,3.4422,0.0632,0.68,55,90,0.0,90.0,0.0,2.0,-2.0,0,not_both60
2023-24,PASS,24,rates_v2b_packaged,557,Hee Chan,MID,526,Bowen,MID,-0.2788,0.2788,mid,0.086,3.4444,3.7232,3.5304,3.4422,0.0632,0.68,55,90,0.0,90.0,0.0,2.0,-2.0,0,not_both60
2023-24,PASS,24,rates_v2b_packaged,294,Diogo J.,MID,664,Ward-Prowse,MID,0.0732,0.0732,near,0.6952,3.5772,3.504,4.2724,3.382,0.0616,0.72,82,273,90.0,90.0,7.0,2.0,5.0,1,good
2023-24,PASS,24,rates_v2b_packaged,294,Diogo J.,MID,526,Bowen,MID,-0.146,0.146,near,0.6952,3.5772,3.7232,4.2724,3.382,0.0616,0.72,82,273,90.0,90.0,7.0,2.0,5.0,1,good
2023-24,PASS,24,rates_v2b_packaged,293,Darwin,FWD,343,J.Alvarez,FWD,-0.018,0.018,near,0.2384,4.006,4.024,4.2444,3.8495,0.1028,0.72,75,275,90.0,76.0,6.0,2.0,4.0,1,good
2024-25,PASS,1,rates_v2b_packaged,23,Trossard,MID,503,Son,MID,-0.8496,0.8496,large,1.142,2.648,3.4976,3.79,2.4539,0.0188,0.72,70,0,10.0,90.0,1.0,2.0,-1.0,0,not_both60
2024-25,PASS,1,rates_v2b_packaged,317,Diogo J.,MID,503,Son,MID,-1.0112,1.0112,large,1.3312,2.4864,3.4976,3.8176,2.3461,0.0144,0.72,75,0,78.0,90.0,8.0,2.0,6.0,1,good
2024-25,PASS,1,rates_v2b_packaged,495,Pedro Porro,DEF,3,Gabriel,DEF,-0.334,0.334,mid,0.4924,1.442,1.776,1.9344,2.0389,0.0044,0.45,55,0,90.0,90.0,9.0,6.0,3.0,1,good
2024-25,PASS,2,rates_v2b_packaged,317,Diogo J.,MID,360,Rodrigo,MID,-0.5972,0.5972,mid,1.384,2.9044,3.5016,4.2884,2.8402,0.0284,0.72,76,78,71.0,0.0,6.0,0.0,6.0,0,not_both60
2024-25,PASS,2,rates_v2b_packaged,207,Mateta,FWD,375,Højlund,FWD,-0.0724,0.0724,near,0.3892,2.87,2.9424,3.2592,2.7623,0.042,0.72,75,45,90.0,0.0,2.0,0.0,2.0,0,not_both60
2024-25,PASS,3,rates_v2b_packaged,401,Isak,FWD,58,Watkins,FWD,-0.2436,0.2436,near,0.8988,2.5968,2.8404,3.4956,2.5037,0.0276,0.72,85,180,90.0,60.0,9.0,5.0,4.0,1,good
2024-25,PASS,3,rates_v2b_packaged,401,Isak,FWD,351,Haaland,FWD,-1.4668,1.4668,large,0.8988,2.5968,4.0636,3.4956,2.5037,0.0276,0.72,85,180,90.0,90.0,9.0,17.0,-8.0,1,bad
2024-25,PASS,3,rates_v2b_packaged,418,Trippier,DEF,322,Gomez,DEF,-0.2488,0.2488,near,0.3396,1.7044,1.9532,2.044,2.4047,0.0112,0.45,59,32,0.0,0.0,0.0,0.0,0.0,0,not_both60
2024-25,PASS,4,rates_v2b_packaged,152,Arrizabalaga,GKP,146,Verbruggen,GKP,-0.0244,0.0244,near,0.0,3.8524,3.8768,3.8524,2.5485,0.0068,0.85,45,90,0.0,90.0,0.0,5.0,-5.0,0,not_both60
2024-25,PASS,4,rates_v2b_packaged,321,Gakpo,FWD,755,Marmoush,FWD,-0.0528,0.0528,near,0.8304,2.4128,2.4656,3.2432,2.2676,0.0192,0.72,72,53,29.0,0.0,1.0,0.0,1.0,0,not_both60
2024-25,PASS,4,rates_v2b_packaged,316,Darwin,FWD,755,Marmoush,FWD,-0.02,0.02,near,1.3088,2.4456,2.4656,3.7544,2.3368,0.0232,0.72,72,32,30.0,0.0,1.0,0.0,1.0,0,not_both60
2024-25,PASS,5,rates_v2b_packaged,491,Johnson,MID,366,B.Fernandes,MID,-0.8528,0.8528,large,1.2456,2.5304,3.3832,3.776,2.3954,0.0164,0.72,64,279,69.0,90.0,7.0,3.0,4.0,1,good
2024-25,PASS,5,rates_v2b_packaged,491,Johnson,MID,527,L.Paquetá,MID,-0.3792,0.3792,mid,1.2456,2.5304,2.9096,3.776,2.3954,0.0164,0.72,64,279,69.0,71.0,7.0,2.0,5.0,1,good
2024-25,PASS,5,rates_v2b_packaged,491,Johnson,MID,345,De Bruyne,MID,-1.0476,1.0476,large,1.2456,2.5304,3.578,3.776,2.3954,0.0164,0.72,64,279,69.0,0.0,7.0,0.0,7.0,0,not_both60
2024-25,PASS,5,rates_v2b_packaged,182,Palmer,MID,366,B.Fernandes,MID,0.078,0.078,near,0.866,3.4612,3.3832,4.3272,3.444,0.0708,0.72,106,352,63.0,90.0,8.0,3.0,5.0,1,good
2024-25,PASS,5,rates_v2b_packaged,182,Palmer,MID,527,L.Paquetá,MID,0.5516,0.5516,mid,0.866,3.4612,2.9096,4.3272,3.444,0.0708,0.72,106,352,63.0,71.0,8.0,2.0,6.0,1,good
2024-25,PASS,5,rates_v2b_packaged,182,Palmer,MID,345,De Bruyne,MID,-0.1168,0.1168,near,0.866,3.4612,3.578,4.3272,3.444,0.0708,0.72,106,352,63.0,0.0,8.0,0.0,8.0,0,not_both60
2024-25,PASS,5,rates_v2b_packaged,317,Diogo J.,MID,366,B.Fernandes,MID,-0.3884,0.3884,mid,1.0992,2.9948,3.3832,4.094,2.8946,0.0348,0.72,76,283,0.0,90.0,0.0,3.0,-3.0,0,not_both60
2024-25,PASS,5,rates_v2b_packaged,317,Diogo J.,MID,527,L.Paquetá,MID,0.0852,0.0852,near,1.0992,2.9948,2.9096,4.094,2.8946,0.0348,0.72,76,283,0.0,71.0,0.0,2.0,-2.0,0,not_both60
2024-25,PASS,5,rates_v2b_packaged,317,Diogo J.,MID,345,De Bruyne,MID,-0.5832,0.5832,mid,1.0992,2.9948,3.578,4.094,2.8946,0.0348,0.72,76,283,0.0,0.0,0.0,0.0,0.0,0,not_both60
2024-25,PASS,5,rates_v2b_packaged,495,Pedro Porro,DEF,326,Konaté,DEF,-0.0588,0.0588,near,0.5536,2.4072,2.466,2.9608,2.4613,0.0128,0.72,56,360,87.0,90.0,2.0,8.0,-6.0,1,bad
2024-25,PASS,5,rates_v2b_packaged,447,Wood,FWD,207,Mateta,FWD,-0.3596,0.3596,mid,0.786,2.4596,2.8192,3.2456,2.4064,0.0236,0.72,61,315,71.0,45.0,8.0,1.0,7.0,0,not_both60
2024-25,PASS,6,rates_v2b_packaged,447,Wood,FWD,58,Watkins,FWD,-0.1596,0.1596,near,0.8136,2.8572,3.0168,3.6708,2.808,0.0444,0.72,62,315,90.0,83.0,2.0,11.0,-9.0,1,bad
2024-25,PASS,6,rates_v2b_packaged,533,Aït-Nouri,DEF,88,Collins,DEF,-0.0772,0.0772,near,0.3164,2.4192,2.4964,2.7356,2.481,0.012,0.72,44,301,90.0,90.0,9.0,2.0,7.0,1,good
2024-25,PASS,6,rates_v2b_packaged,71,Kluivert,MID,199,Eze,MID,-0.2844,0.2844,mid,0.6084,2.7604,3.0448,3.3688,2.7324,0.0256,0.72,54,280,29.0,90.0,1.0,2.0,-1.0,0,not_both60
2024-25,PASS,7,rates_v2b_packaged,328,M.Salah,MID,99,Mbeumo,MID,0.7256,0.7256,mid,0.4832,4.284,3.5584,4.7672,3.8447,0.0928,0.72,127,360,72.0,90.0,3.0,8.0,-5.0,1,bad
2024-25,PASS,7,rates_v2b_packaged,306,Vardy,FWD,58,Watkins,FWD,-1.0584,1.0584,large,0.9052,2.45,3.5084,3.3552,2.277,0.0088,0.72,57,352,73.0,90.0,2.0,2.0,0.0,1,tie
2024-25,PASS,7,rates_v2b_packaged,228,Keane,DEF,369,Dalot,DEF,-0.4388,0.4388,mid,0.3728,2.1624,2.6012,2.5352,2.2925,0.0084,0.72,40,270,90.0,90.0,6.0,6.0,0.0,1,tie
2024-25,PASS,8,rates_v2b_packaged,239,Adama,MID,17,Saka,MID,-1.024,1.024,large,1.004,2.7864,3.8104,3.7904,2.716,0.0264,0.72,51,321,67.0,0.0,2.0,0.0,2.0,0,not_both60
2024-25,PASS,8,rates_v2b_packaged,491,Johnson,MID,17,Saka,MID,-0.794,0.794,large,1.1004,3.0164,3.8104,4.1168,2.8724,0.0284,0.72,66,301,90.0,0.0,2.0,0.0,2.0,0,not_both60
2024-25,PASS,8,rates_v2b_packaged,447,Wood,FWD,58,Watkins,FWD,-0.2984,0.2984,mid,0.7188,3.0864,3.3848,3.8052,2.6586,0.0244,0.72,63,322,83.0,74.0,7.0,8.0,-1.0,1,bad
2024-25,PASS,8,rates_v2b_packaged,447,Wood,FWD,541,Cunha,FWD,-0.0888,0.0888,near,0.7188,3.0864,3.1752,3.8052,2.6586,0.0244,0.72,63,322,83.0,66.0,7.0,2.0,5.0,1,good
2024-25,PASS,8,rates_v2b_packaged,495,Pedro Porro,DEF,267,Davis,DEF,-0.3208,0.3208,mid,0.4404,2.6152,2.936,3.0556,2.6452,0.0192,0.72,55,357,90.0,90.0,2.0,1.0,1.0,1,good
2024-25,PASS,9,rates_v2b_packaged,36,Digne,DEF,88,Collins,DEF,-0.0264,0.0264,near,0.162,2.714,2.7404,2.876,2.6442,0.0112,0.72,46,302,70.0,90.0,7.0,1.0,6.0,1,good
2024-25,PASS,10,rates_v2b_packaged,495,Pedro Porro,DEF,267,Davis,DEF,-0.1372,0.1372,near,0.3984,2.6568,2.794,3.0552,2.6985,0.0192,0.72,55,360,90.0,90.0,1.0,10.0,-9.0,1,bad
2024-25,PASS,10,rates_v2b_packaged,239,Adama,MID,99,Mbeumo,MID,-0.7904,0.7904,large,0.98,2.7716,3.562,3.7516,2.6974,0.0244,0.72,51,292,25.0,86.0,4.0,3.0,1.0,0,not_both60
2024-25,PASS,10,rates_v2b_packaged,239,Adama,MID,372,Garnacho,MID,-0.368,0.368,mid,0.98,2.7716,3.1396,3.7516,2.6974,0.0244,0.72,51,292,25.0,90.0,4.0,2.0,2.0,0,not_both60
2024-25,PASS,10,rates_v2b_packaged,491,Johnson,MID,99,Mbeumo,MID,-0.4104,0.4104,mid,0.8904,3.1516,3.562,4.042,3.1706,0.0452,0.72,67,345,90.0,86.0,8.0,3.0,5.0,1,good
2024-25,PASS,10,rates_v2b_packaged,491,Johnson,MID,372,Garnacho,MID,0.012,0.012,near,0.8904,3.1516,3.1396,4.042,3.1706,0.0452,0.72,67,345,90.0,90.0,8.0,2.0,6.0,1,good
2024-25,PASS,10,rates_v2b_packaged,447,Wood,FWD,148,Welbeck,FWD,0.0092,0.0092,near,0.6372,3.1764,3.1672,3.8136,2.7728,0.0276,0.72,64,334,78.0,90.0,7.0,5.0,2.0,1,good
2024-25,PASS,11,rates_v2b_packaged,491,Johnson,MID,366,B.Fernandes,MID,-0.3044,0.3044,mid,0.7352,3.2552,3.5596,3.9904,3.2339,0.0436,0.72,67,360,83.0,90.0,2.0,17.0,-15.0,1,bad
2024-25,PASS,11,rates_v2b_packaged,311,Alexander-Arnold,DEF,369,Dalot,DEF,0.2908,0.2908,mid,0.3528,3.132,2.8412,3.4848,2.9948,0.034,0.72,70,350,24.0,56.0,1.0,1.0,0.0,0,not_both60
2024-25,PASS,12,rates_v2b_packaged,247,Iwobi,MID,19,Smith Rowe,MID,-0.296,0.296,mid,0.3292,2.884,3.18,3.2132,2.5174,0.0152,0.72,56,358,90.0,58.0,7.0,1.0,6.0,0,not_both60
2024-25,PASS,13,rates_v2b_packaged,145,Veltman,DEF,369,Dalot,DEF,-0.082,0.082,near,0.0292,2.7044,2.7864,2.7336,2.5392,0.0128,0.72,46,345,0.0,90.0,0.0,6.0,-6.0,0,not_both60
2024-25,PASS,13,rates_v2b_packaged,145,Veltman,DEF,422,Aina,DEF,-0.0152,0.0152,near,0.0292,2.7044,2.7196,2.7336,2.5392,0.0128,0.72,46,345,0.0,90.0,0.0,8.0,-8.0,0,not_both60
2024-25,PASS,13,rates_v2b_packaged,350,Gvardiol,DEF,369,Dalot,DEF,0.0628,0.0628,near,0.0848,2.8492,2.7864,2.934,2.7489,0.0224,0.72,63,360,0.0,90.0,0.0,6.0,-6.0,0,not_both60
2024-25,PASS,13,rates_v2b_packaged,350,Gvardiol,DEF,422,Aina,DEF,0.1296,0.1296,near,0.0848,2.8492,2.7196,2.934,2.7489,0.0224,0.72,63,360,0.0,90.0,0.0,8.0,-8.0,0,not_both60
2024-25,PASS,13,rates_v2b_packaged,447,Wood,FWD,148,Welbeck,FWD,-0.0572,0.0572,near,0.5008,3.2956,3.3528,3.7964,2.8381,0.0324,0.72,66,275,90.0,78.0,9.0,2.0,7.0,1,good
2024-25,PASS,13,rates_v2b_packaged,447,Wood,FWD,351,Haaland,FWD,-1.0864,1.0864,large,0.5008,3.2956,4.382,3.7964,2.8381,0.0324,0.72,66,275,90.0,90.0,9.0,2.0,7.0,1,good
2024-25,PASS,14,rates_v2b_packaged,401,Isak,FWD,617,Evanilson,FWD,0.2944,0.2944,mid,0.5516,3.686,3.3916,4.2376,3.1854,0.0572,0.72,85,291,90.0,84.0,11.0,2.0,9.0,1,good
2024-25,PASS,14,rates_v2b_packaged,401,Isak,FWD,58,Watkins,FWD,-0.1656,0.1656,near,0.5516,3.686,3.8516,4.2376,3.1854,0.0572,0.72,85,291,90.0,64.0,11.0,12.0,-1.0,1,bad
2024-25,PASS,14,rates_v2b_packaged,252,Raúl,FWD,617,Evanilson,FWD,-0.1084,0.1084,near,0.3828,3.2832,3.3916,3.666,2.907,0.042,0.72,56,293,10.0,84.0,1.0,2.0,-1.0,0,not_both60
2024-25,PASS,14,rates_v2b_packaged,252,Raúl,FWD,58,Watkins,FWD,-0.5684,0.5684,mid,0.3828,3.2832,3.8516,3.666,2.907,0.042,0.72,56,293,10.0,64.0,1.0,12.0,-11.0,0,not_both60
2024-25,PASS,14,rates_v2b_packaged,182,Palmer,MID,17,Saka,MID,0.0228,0.0228,near,0.2632,4.118,4.0952,4.3812,3.7434,0.0916,0.72,110,355,78.0,90.0,7.0,3.0,4.0,1,good
2024-25,PASS,15,rates_v2b_packaged,366,B.Fernandes,MID,17,Saka,MID,-0.0924,0.0924,near,0.0816,3.6668,3.7592,3.7484,3.4726,0.0612,0.72,85,335,75.0,90.0,9.0,2.0,7.0,1,good
2024-25,PASS,15,rates_v2b_packaged,495,Pedro Porro,DEF,267,Davis,DEF,-0.0684,0.0684,near,0.2084,2.7756,2.844,2.984,2.8234,0.0272,0.72,56,298,90.0,90.0,3.0,1.0,2.0,1,good
2024-25,PASS,16,rates_v2b_packaged,129,João Pedro,FWD,617,Evanilson,FWD,-0.2368,0.2368,near,1.0108,3.1556,3.3924,4.1664,2.7245,0.0328,0.72,59,283,90.0,79.0,2.0,2.0,0.0,1,tie
2024-25,PASS,16,rates_v2b_packaged,335,Robertson,DEF,70,Kerkez,DEF,0.0244,0.0244,near,0.2792,2.7104,2.686,2.9896,2.6735,0.0144,0.72,59,270,16.0,90.0,-3.0,2.0,-5.0,0,not_both60
2024-25,PASS,16,rates_v2b_packaged,71,Kluivert,MID,99,Mbeumo,MID,-0.1932,0.1932,near,0.3492,3.2472,3.4404,3.5964,3.1276,0.0416,0.72,55,275,79.0,90.0,3.0,9.0,-6.0,1,bad
2024-25,PASS,17,rates_v2b_packaged,495,Pedro Porro,DEF,267,Davis,DEF,-0.0332,0.0332,near,0.1488,2.828,2.8612,2.9768,2.8387,0.0244,0.72,56,270,90.0,90.0,-1.0,0.0,-1.0,1,bad
2024-25,PASS,18,rates_v2b_packaged,129,João Pedro,FWD,617,Evanilson,FWD,-0.2528,0.2528,mid,0.8912,3.0988,3.3516,3.99,2.6322,0.0228,0.72,58,329,90.0,28.0,2.0,1.0,1.0,0,not_both60
2024-25,PASS,19,rates_v2b_packaged,350,Gvardiol,DEF,267,Davis,DEF,0.1248,0.1248,near,0.0268,2.972,2.8472,2.9988,3.0201,0.0304,0.72,60,360,90.0,90.0,6.0,5.0,1.0,1,good
2024-25,PASS,20,rates_v2b_packaged,129,João Pedro,FWD,110,Wissa,FWD,-0.2504,0.2504,mid,0.7008,3.0936,3.344,3.7944,2.6704,0.0228,0.72,57,360,90.0,90.0,9.0,11.0,-2.0,1,bad
2024-25,PASS,21,rates_v2b_packaged,491,Johnson,MID,366,B.Fernandes,MID,-0.2964,0.2964,mid,0.2572,3.41,3.7064,3.6672,3.3273,0.0512,0.72,64,275,45.0,90.0,1.0,4.0,-3.0,0,not_both60
2024-25,PASS,21,rates_v2b_packaged,573,Milenković,DEF,267,Davis,DEF,0.0324,0.0324,near,0.0,2.85,2.8176,2.85,3.1463,0.04,0.72,48,360,90.0,90.0,2.0,1.0,1.0,1,good
2024-25,PASS,21,rates_v2b_packaged,573,Milenković,DEF,580,Huijsen,DEF,0.0236,0.0236,near,0.0,2.85,2.8264,2.85,3.1463,0.04,0.72,48,360,90.0,90.0,2.0,0.0,2.0,1,good
2024-25,PASS,21,rates_v2b_packaged,422,Aina,DEF,267,Davis,DEF,0.1044,0.1044,near,0.0116,2.922,2.8176,2.9336,2.6402,0.01,0.72,52,360,90.0,90.0,2.0,1.0,1.0,1,good
2024-25,PASS,21,rates_v2b_packaged,422,Aina,DEF,580,Huijsen,DEF,0.0956,0.0956,near,0.0116,2.922,2.8264,2.9336,2.6402,0.01,0.72,52,360,90.0,90.0,2.0,0.0,2.0,1,good
2024-25,PASS,22,rates_v2b_packaged,436,Murillo,DEF,350,Gvardiol,DEF,-0.1056,0.1056,near,0.0,2.8432,2.9488,2.8432,2.7959,0.0212,0.72,46,270,90.0,90.0,1.0,6.0,-5.0,1,bad
2024-25,PASS,23,rates_v2b_packaged,129,João Pedro,FWD,252,Raúl,FWD,-0.3228,0.3228,mid,0.458,3.2352,3.558,3.6932,2.764,0.0296,0.72,56,347,90.0,63.0,1.0,2.0,-1.0,1,bad
2024-25,PASS,24,rates_v2b_packaged,580,Huijsen,DEF,311,Alexander-Arnold,DEF,-2.9776,2.9776,large,0.0,2.9768,5.9544,2.9768,2.8968,0.0224,0.72,44,360,90.0,98.0,0.0,7.0,-7.0,1,bad
2024-25,PASS,24,rates_v2b_packaged,327,Luis Díaz,MID,398,Gordon,MID,2.7036,2.7036,large,0.2452,6.8536,4.15,7.0988,4.583,0.2492,0.72,75,282,177.0,90.0,5.0,1.0,4.0,1,good
2024-25,PASS,26,rates_v2b_packaged,218,Beto,FWD,252,Raúl,FWD,-0.7672,0.7672,large,1.084,2.9708,3.738,4.0548,2.6545,0.0228,0.72,49,344,90.0,90.0,6.0,2.0,4.0,1,good
2024-25,PASS,26,rates_v2b_packaged,211,Muñoz,DEF,36,Digne,DEF,0.0336,0.0336,near,0.0,2.9856,2.952,2.9856,3.0447,0.0408,0.82,48,360,90.0,0.0,13.0,0.0,13.0,0,not_both60
2024-25,PASS,26,rates_v2b_packaged,71,Kluivert,MID,78,Semenyo,MID,0.0552,0.0552,near,0.1292,3.8712,3.816,4.0004,3.8162,0.0852,0.72,60,343,72.0,90.0,2.0,2.0,0.0,1,tie
2024-25,PASS,28,rates_v2b_packaged,181,Nkunku,MID,366,B.Fernandes,MID,-1.1488,1.1488,large,1.1388,3.4152,4.564,4.554,3.2144,0.0492,0.72,57,276,88.0,90.0,3.0,9.0,-6.0,1,bad
2024-25,PASS,30,rates_v2b_packaged,573,Milenković,DEF,163,Cucurella,DEF,-0.1008,0.1008,near,0.0,3.1864,3.2872,3.1864,3.1134,0.0436,0.82,49,360,90.0,90.0,6.0,5.0,1.0,1,good
2024-25,PASS,34,rates_v2b_packaged,392,Barnes,MID,99,Mbeumo,MID,-0.3748,0.3748,mid,0.3756,3.988,4.3628,4.3636,3.5086,0.0708,0.72,60,435,76.0,90.0,3.0,2.0,1.0,1,good
2024-25,PASS,34,rates_v2b_packaged,335,Robertson,DEF,573,Milenković,DEF,0.022,0.022,near,0.0,3.1128,3.0908,3.1128,2.7795,0.0244,0.82,58,201,90.0,90.0,2.0,1.0,1.0,1,good
2025-26,FAIL,1,rates_v2b_packaged,384,Gakpo,MID,449,B.Fernandes,MID,-1.094,1.094,large,1.1156,2.7272,3.8212,3.8428,2.5863,0.0204,0.72,75,0,90.0,90.0,7.0,2.0,5.0,1,good
2025-26,FAIL,1,rates_v2b_packaged,384,Gakpo,MID,485,Gordon,MID,-0.2956,0.2956,mid,1.1156,2.7272,3.0228,3.8428,2.5863,0.0204,0.72,75,0,90.0,90.0,7.0,3.0,4.0,1,good
2025-26,FAIL,1,rates_v2b_packaged,383,Luis Díaz,MID,449,B.Fernandes,MID,-0.7904,0.7904,large,0.8544,3.0308,3.8212,3.8852,2.8963,0.0404,0.72,80,0,0.0,90.0,0.0,2.0,-2.0,0,not_both60
2025-26,FAIL,1,rates_v2b_packaged,383,Luis Díaz,MID,485,Gordon,MID,0.008,0.008,near,0.8544,3.0308,3.0228,3.8852,2.8963,0.0404,0.72,80,0,0.0,90.0,0.0,3.0,-3.0,0,not_both60
2025-26,FAIL,1,rates_v2b_packaged,505,Milenković,DEF,224,Cucurella,DEF,-0.1808,0.1808,near,0.1684,1.7124,1.8932,1.8808,2.303,0.008,0.45,55,0,90.0,90.0,2.0,8.0,-6.0,1,bad
2025-26,FAIL,1,rates_v2b_packaged,596,Solanke,FWD,691,Calvert-Lewin,FWD,0.7124,0.7124,mid,0.5548,2.5032,1.7908,3.058,2.3835,0.0196,0.72,75,0,19.0,0.0,1.0,0.0,1.0,0,not_both60
2025-26,FAIL,2,rates_v2b_packaged,288,Travers,GKP,674,Ramsdale,GKP,-0.1312,0.1312,near,0.0,3.4912,3.6224,3.4912,2.436,0.004,0.85,45,0,0.0,0.0,0.0,0.0,0.0,0,not_both60
2025-26,FAIL,2,rates_v2b_packaged,120,Schade,MID,17,Ødegaard,MID,-0.3328,0.3328,mid,0.5408,3.4972,3.83,4.038,2.8607,0.0372,0.72,70,45,78.0,37.0,3.0,1.0,2.0,0,not_both60
2025-26,FAIL,2,rates_v2b_packaged,120,Schade,MID,415,Savinho,MID,-0.2076,0.2076,near,0.5408,3.4972,3.7048,4.038,2.8607,0.0372,0.72,70,45,78.0,0.0,3.0,0.0,3.0,0,not_both60
2025-26,FAIL,2,rates_v2b_packaged,485,Gordon,MID,17,Ødegaard,MID,-0.5752,0.5752,mid,0.7312,3.2548,3.83,3.986,3.2746,0.0552,0.72,75,90,47.0,37.0,-2.0,1.0,-3.0,0,not_both60
2025-26,FAIL,2,rates_v2b_packaged,485,Gordon,MID,415,Savinho,MID,-0.45,0.45,mid,0.7312,3.2548,3.7048,3.986,3.2746,0.0552,0.72,75,90,47.0,0.0,-2.0,0.0,-2.0,0,not_both60
2025-26,FAIL,3,rates_v2b_packaged,235,Palmer,MID,381,M.Salah,MID,-0.9452,0.9452,large,1.0684,3.856,4.8012,4.9244,3.7775,0.0944,0.72,104,90,0.0,90.0,0.0,3.0,-3.0,0,not_both60
2025-26,FAIL,4,rates_v2b_packaged,235,Palmer,MID,453,Garnacho,MID,0.0596,0.0596,near,0.7576,3.3356,3.276,4.0932,3.34,0.0584,0.72,104,90,34.0,11.0,7.0,1.0,6.0,0,not_both60
2025-26,FAIL,5,rates_v2b_packaged,226,Chalobah,DEF,191,Estève,DEF,0.0352,0.0352,near,0.182,2.9232,2.888,3.1052,2.6441,0.0168,0.72,51,338,90.0,90.0,8.0,4.0,4.0,1,good
2025-26,FAIL,5,rates_v2b_packaged,235,Palmer,MID,81,Kluivert,MID,-0.0188,0.0188,near,0.836,3.3192,3.338,4.1552,3.2535,0.0532,0.72,104,124,20.0,27.0,1.0,1.0,0.0,0,not_both60
2025-26,FAIL,5,rates_v2b_packaged,235,Palmer,MID,241,Caicedo,MID,0.1584,0.1584,near,0.836,3.3192,3.1608,4.1552,3.2535,0.0532,0.72,104,124,20.0,90.0,1.0,4.0,-3.0,0,not_both60
2025-26,FAIL,5,rates_v2b_packaged,86,Brooks,MID,81,Kluivert,MID,-0.9904,0.9904,large,1.1912,2.3476,3.338,3.5388,2.0565,0.0068,0.72,50,278,62.0,27.0,3.0,1.0,2.0,0,not_both60
2025-26,FAIL,5,rates_v2b_packaged,86,Brooks,MID,241,Caicedo,MID,-0.8132,0.8132,large,1.1912,2.3476,3.1608,3.5388,2.0565,0.0068,0.72,50,278,62.0,90.0,3.0,4.0,-1.0,1,bad
2025-26,FAIL,5,rates_v2b_packaged,499,Isak,FWD,430,Haaland,FWD,-0.4868,0.4868,mid,0.0,3.5372,4.024,3.5372,4.0649,0.1032,0.55,105,0,23.0,75.0,1.0,9.0,-8.0,0,not_both60
2025-26,FAIL,6,rates_v2b_packaged,414,Foden,MID,82,Semenyo,MID,-0.2548,0.2548,mid,0.448,3.5676,3.8224,4.0156,3.0127,0.0436,0.72,81,172,90.0,90.0,1.0,7.0,-6.0,1,bad
2025-26,FAIL,7,rates_v2b_packaged,81,Kluivert,MID,241,Caicedo,MID,-0.4216,0.4216,mid,0.5504,3.182,3.6036,3.7324,3.2176,0.0512,0.72,70,118,29.0,90.0,7.0,10.0,-3.0,0,not_both60
2025-26,FAIL,7,rates_v2b_packaged,81,Kluivert,MID,119,Mbeumo,MID,-0.3924,0.3924,mid,0.5504,3.182,3.5744,3.7324,3.2176,0.0512,0.72,70,118,29.0,76.0,7.0,6.0,1.0,0,not_both60
2025-26,FAIL,7,rates_v2b_packaged,237,Enzo,MID,241,Caicedo,MID,-0.3564,0.3564,mid,0.274,3.2472,3.6036,3.5212,3.1597,0.042,0.72,67,360,90.0,90.0,2.0,10.0,-8.0,1,bad
2025-26,FAIL,7,rates_v2b_packaged,237,Enzo,MID,119,Mbeumo,MID,-0.3272,0.3272,mid,0.274,3.2472,3.5744,3.5212,3.1597,0.042,0.72,67,360,90.0,76.0,2.0,6.0,-4.0,1,bad
2025-26,FAIL,7,rates_v2b_packaged,295,Keane,DEF,348,Rodon,DEF,-0.0056,0.0056,near,0.2528,3.2716,3.2772,3.5244,2.914,0.0228,0.72,45,360,64.0,90.0,4.0,1.0,3.0,1,good
2025-26,FAIL,8,rates_v2b_packaged,384,Gakpo,MID,449,B.Fernandes,MID,-0.5584,0.5584,mid,0.5776,3.1808,3.7392,3.7584,2.8602,0.032,0.72,75,285,90.0,84.0,7.0,8.0,-1.0,1,bad
2025-26,FAIL,8,rates_v2b_packaged,328,Sessegnon,MID,449,B.Fernandes,MID,-0.8408,0.8408,large,0.7736,2.8984,3.7392,3.672,2.3811,0.0124,0.72,54,349,90.0,84.0,2.0,8.0,-6.0,1,bad
2025-26,FAIL,8,rates_v2b_packaged,411,O'Reilly,DEF,257,Lacroix,DEF,-0.6004,0.6004,mid,0.836,2.6316,3.232,3.4676,2.6238,0.0108,0.72,49,348,84.0,90.0,11.0,1.0,10.0,1,good
2025-26,FAIL,8,rates_v2b_packaged,411,O'Reilly,DEF,190,Ekdal,DEF,-0.458,0.458,mid,0.836,2.6316,3.0896,3.4676,2.6238,0.0108,0.72,49,348,84.0,0.0,11.0,0.0,11.0,0,not_both60
2025-26,FAIL,8,rates_v2b_packaged,565,Vicario,GKP,670,Roefs,GKP,0.1244,0.1244,near,-0.0104,3.8304,3.706,3.82,2.5218,0.0092,0.85,51,360,90.0,90.0,1.0,7.0,-6.0,1,bad
2025-26,FAIL,10,rates_v2b_packaged,384,Gakpo,MID,119,Mbeumo,MID,-0.1804,0.1804,near,0.502,3.4136,3.594,3.9156,3.1714,0.0528,0.72,76,285,90.0,90.0,3.0,2.0,1.0,1,good
2025-26,FAIL,10,rates_v2b_packaged,267,Sarr,MID,119,Mbeumo,MID,-0.0776,0.0776,near,0.8568,3.5164,3.594,4.3732,3.1551,0.0452,0.72,66,342,90.0,90.0,3.0,2.0,1.0,1,good
2025-26,FAIL,10,rates_v2b_packaged,411,O'Reilly,DEF,257,Lacroix,DEF,-0.5892,0.5892,mid,0.8552,2.9036,3.4928,3.7588,2.8124,0.0172,0.72,49,285,90.0,90.0,8.0,8.0,0.0,1,tie
2025-26,FAIL,10,rates_v2b_packaged,411,O'Reilly,DEF,5,Gabriel,DEF,-0.6956,0.6956,mid,0.8552,2.9036,3.5992,3.7588,2.8124,0.0172,0.72,49,285,90.0,90.0,8.0,12.0,-4.0,1,bad
2025-26,FAIL,11,rates_v2b_packaged,257,Lacroix,DEF,72,Senesi,DEF,-0.0376,0.0376,near,0.2276,3.4216,3.4592,3.6492,2.9074,0.0196,0.72,50,360,90.0,90.0,6.0,2.0,4.0,1,good
2025-26,FAIL,11,rates_v2b_packaged,257,Lacroix,DEF,694,Mukiele,DEF,-0.0764,0.0764,near,0.2276,3.4216,3.498,3.6492,2.9074,0.0196,0.72,50,360,90.0,90.0,6.0,4.0,2.0,1,good
2025-26,FAIL,11,rates_v2b_packaged,411,O'Reilly,DEF,72,Senesi,DEF,-0.5808,0.5808,mid,0.7304,2.8784,3.4592,3.6088,2.8554,0.0236,0.72,49,293,90.0,90.0,11.0,2.0,9.0,1,good
2025-26,FAIL,11,rates_v2b_packaged,411,O'Reilly,DEF,694,Mukiele,DEF,-0.6196,0.6196,mid,0.7304,2.8784,3.498,3.6088,2.8554,0.0236,0.72,49,293,90.0,90.0,11.0,4.0,7.0,1,good
2025-26,FAIL,11,rates_v2b_packaged,295,Keane,DEF,72,Senesi,DEF,-0.0464,0.0464,near,0.1184,3.4128,3.4592,3.5312,3.0223,0.0292,0.72,45,334,90.0,90.0,15.0,2.0,13.0,1,good
2025-26,FAIL,11,rates_v2b_packaged,295,Keane,DEF,694,Mukiele,DEF,-0.0852,0.0852,near,0.1184,3.4128,3.498,3.5312,3.0223,0.0292,0.72,45,334,90.0,90.0,15.0,4.0,11.0,1,good
2025-26,FAIL,11,rates_v2b_packaged,267,Sarr,MID,241,Caicedo,MID,-0.2336,0.2336,near,0.606,3.4452,3.6788,4.0512,3.2534,0.0488,0.72,67,358,90.0,90.0,3.0,2.0,1.0,1,good
2025-26,FAIL,11,rates_v2b_packaged,267,Sarr,MID,299,Ndiaye,MID,-0.052,0.052,near,0.606,3.4452,3.4972,4.0512,3.2534,0.0488,0.72,67,358,90.0,90.0,3.0,3.0,0.0,1,tie
2025-26,FAIL,12,rates_v2b_packaged,384,Gakpo,MID,241,Caicedo,MID,-0.1232,0.1232,near,0.644,3.3768,3.5,4.0208,3.1912,0.0492,0.72,75,274,90.0,0.0,2.0,0.0,2.0,0,not_both60
2025-26,FAIL,12,rates_v2b_packaged,384,Gakpo,MID,119,Mbeumo,MID,-0.4276,0.4276,mid,0.644,3.3768,3.8044,4.0208,3.1912,0.0492,0.72,75,274,90.0,90.0,2.0,1.0,1.0,1,good
2025-26,FAIL,12,rates_v2b_packaged,452,Amad,MID,241,Caicedo,MID,-0.0308,0.0308,near,0.2436,3.4692,3.5,3.7128,3.0203,0.0432,0.72,63,307,90.0,0.0,2.0,0.0,2.0,0,not_both60
2025-26,FAIL,12,rates_v2b_packaged,452,Amad,MID,119,Mbeumo,MID,-0.3352,0.3352,mid,0.2436,3.4692,3.8044,3.7128,3.0203,0.0432,0.72,63,307,90.0,90.0,2.0,1.0,1.0,1,good
2025-26,FAIL,14,rates_v2b_packaged,178,Welbeck,FWD,136,Thiago,FWD,-0.134,0.134,near,0.2716,3.1816,3.3156,3.4532,2.9041,0.0396,0.72,66,319,23.0,30.0,1.0,1.0,0.0,0,not_both60
2025-26,FAIL,14,rates_v2b_packaged,283,Mateta,FWD,136,Thiago,FWD,0.074,0.074,near,0.16,3.3896,3.3156,3.5496,3.1775,0.0612,0.72,81,328,63.0,30.0,2.0,1.0,1.0,0,not_both60
2025-26,FAIL,15,rates_v2b_packaged,414,Foden,MID,16,Saka,MID,-0.0112,0.0112,near,0.2224,3.5408,3.552,3.7632,3.3142,0.0588,0.72,84,356,68.0,78.0,12.0,4.0,8.0,1,good
2025-26,FAIL,15,rates_v2b_packaged,414,Foden,MID,82,Semenyo,MID,-0.1144,0.1144,near,0.2224,3.5408,3.6552,3.7632,3.3142,0.0588,0.72,84,356,68.0,90.0,12.0,3.0,9.0,1,good
2025-26,FAIL,15,rates_v2b_packaged,235,Palmer,MID,16,Saka,MID,-0.0388,0.0388,near,0.6808,3.5132,3.552,4.194,3.3735,0.0648,0.72,103,29,57.0,78.0,1.0,4.0,-3.0,0,not_both60
2025-26,FAIL,15,rates_v2b_packaged,235,Palmer,MID,82,Semenyo,MID,-0.142,0.142,near,0.6808,3.5132,3.6552,4.194,3.3735,0.0648,0.72,103,29,57.0,90.0,1.0,3.0,-2.0,0,not_both60
2025-26,FAIL,15,rates_v2b_packaged,22,Merino,MID,16,Saka,MID,-0.4856,0.4856,mid,0.4324,3.0664,3.552,3.4988,2.63,0.0268,0.72,60,357,45.0,78.0,1.0,4.0,-3.0,0,not_both60
2025-26,FAIL,15,rates_v2b_packaged,22,Merino,MID,82,Semenyo,MID,-0.5888,0.5888,mid,0.4324,3.0664,3.6552,3.4988,2.63,0.0268,0.72,60,357,45.0,90.0,1.0,3.0,-2.0,0,not_both60
2025-26,FAIL,15,rates_v2b_packaged,411,O'Reilly,DEF,531,Ballard,DEF,-0.3632,0.3632,mid,0.4696,3.0864,3.4496,3.556,3.1208,0.0396,0.72,52,360,90.0,90.0,6.0,1.0,5.0,1,good
2025-26,FAIL,15,rates_v2b_packaged,411,O'Reilly,DEF,260,Guéhi,DEF,-0.338,0.338,mid,0.4696,3.0864,3.4244,3.556,3.1208,0.0396,0.72,52,360,90.0,90.0,6.0,8.0,-2.0,1,bad
2025-26,FAIL,16,rates_v2b_packaged,384,Gakpo,MID,21,Rice,MID,-0.238,0.238,near,0.3756,3.4536,3.6916,3.8292,3.3124,0.0568,0.72,74,307,0.0,90.0,0.0,2.0,-2.0,0,not_both60
2025-26,FAIL,16,rates_v2b_packaged,384,Gakpo,MID,119,Mbeumo,MID,-0.3384,0.3384,mid,0.3756,3.4536,3.792,3.8292,3.3124,0.0568,0.72,74,307,0.0,90.0,0.0,2.0,-2.0,0,not_both60
2025-26,FAIL,17,rates_v2b_packaged,283,Mateta,FWD,136,Thiago,FWD,-0.0252,0.0252,near,0.1892,3.3564,3.3816,3.5456,3.0483,0.062,0.72,78,280,76.0,90.0,2.0,2.0,0.0,1,tie
2025-26,FAIL,17,rates_v2b_packaged,411,O'Reilly,DEF,260,Guéhi,DEF,-0.3424,0.3424,mid,0.4496,3.0556,3.398,3.5052,3.0765,0.0364,0.72,53,360,90.0,90.0,6.0,1.0,5.0,1,good
2025-26,FAIL,18,rates_v2b_packaged,600,Areola,GKP,670,Roefs,GKP,-0.106,0.106,near,0.024,3.4228,3.5288,3.4468,2.4136,0.002,0.85,43,360,90.0,90.0,3.0,3.0,0.0,1,tie
2025-26,FAIL,18,rates_v2b_packaged,283,Mateta,FWD,136,Thiago,FWD,0.0036,0.0036,near,0.0976,3.5356,3.532,3.6332,3.4427,0.0812,0.68,77,266,90.0,90.0,2.0,5.0,-3.0,1,bad
2025-26,FAIL,18,rates_v2b_packaged,606,Mavropanos,DEF,694,Mukiele,DEF,0.0256,0.0256,near,0.0892,3.2312,3.2056,3.3204,2.9027,0.0212,0.72,44,281,0.0,90.0,0.0,4.0,-4.0,0,not_both60
2025-26,FAIL,20,rates_v2b_packaged,684,Thiaw,DEF,291,Tarkowski,DEF,-0.0496,0.0496,near,0.0,3.278,3.3276,3.278,3.1696,0.034,0.72,50,360,90.0,90.0,17.0,2.0,15.0,1,good
2025-26,FAIL,20,rates_v2b_packaged,20,Trossard,MID,16,Saka,MID,-0.3924,0.3924,mid,0.3292,3.4064,3.7988,3.7356,3.0375,0.0416,0.72,70,283,23.0,23.0,1.0,4.0,-3.0,0,not_both60
2025-26,FAIL,20,rates_v2b_packaged,20,Trossard,MID,417,Cherki,MID,-0.3148,0.3148,mid,0.3292,3.4064,3.7212,3.7356,3.0375,0.0416,0.72,70,283,23.0,90.0,1.0,4.0,-3.0,0,not_both60
2025-26,FAIL,20,rates_v2b_packaged,414,Foden,MID,16,Saka,MID,-0.0476,0.0476,near,0.1328,3.7512,3.7988,3.884,3.5167,0.0664,0.72,89,360,90.0,23.0,2.0,4.0,-2.0,0,not_both60
2025-26,FAIL,20,rates_v2b_packaged,414,Foden,MID,417,Cherki,MID,0.03,0.03,near,0.1328,3.7512,3.7212,3.884,3.5167,0.0664,0.72,89,360,90.0,90.0,2.0,4.0,-2.0,1,bad
2025-26,FAIL,21,rates_v2b_packaged,283,Mateta,FWD,136,Thiago,FWD,-0.1272,0.1272,near,0.1652,3.6968,3.824,3.862,3.5681,0.0852,0.72,76,342,90.0,81.0,2.0,12.0,-10.0,1,bad
2025-26,FAIL,21,rates_v2b_packaged,485,Gordon,MID,82,Semenyo,MID,-0.1928,0.1928,near,0.3308,3.5472,3.74,3.878,3.3781,0.0572,0.72,74,302,80.0,90.0,1.0,6.0,-5.0,1,bad
2025-26,FAIL,22,rates_v2b_packaged,235,Palmer,MID,449,B.Fernandes,MID,-0.21,0.21,near,0.6608,3.5392,3.7492,4.2,3.3414,0.0616,0.72,104,297,90.0,90.0,9.0,10.0,-1.0,1,bad
2025-26,FAIL,23,rates_v2b_packaged,470,Dúbravka,GKP,600,Areola,GKP,-0.0336,0.0336,near,0.0,3.4744,3.508,3.4744,2.4376,0.0028,0.85,40,360,90.0,90.0,5.0,2.0,3.0,1,good
2025-26,FAIL,25,rates_v2b_packaged,487,Barnes,MID,21,Rice,MID,-0.0672,0.0672,near,0.4164,3.718,3.7852,4.1344,3.3576,0.0564,0.72,61,342,90.0,90.0,2.0,5.0,-3.0,1,bad
2025-26,FAIL,26,rates_v2b_packaged,634,Mosquera,DEF,633,H.Bueno,DEF,-0.076,0.076,near,0.1244,5.2416,5.3176,5.366,3.9521,0.1484,0.72,43,360,180.0,149.0,9.0,8.0,1.0,1,good
2025-26,FAIL,28,rates_v2b_packaged,235,Palmer,MID,16,Saka,MID,-0.1076,0.1076,near,0.2096,4.0336,4.1412,4.2432,3.9205,0.0968,0.72,106,314,85.0,90.0,1.0,2.0,-1.0,1,bad
2025-26,FAIL,30,rates_v2b_packaged,235,Palmer,MID,119,Mbeumo,MID,-0.0236,0.0236,near,0.2732,4.4652,4.4888,4.7384,4.1719,0.116,0.72,106,333,90.0,74.0,2.0,2.0,0.0,1,tie
2025-26,FAIL,31,rates_v2b_packaged,235,Palmer,MID,457,Casemiro,MID,-0.0696,0.0696,near,0.0984,3.8604,3.93,3.9588,3.8262,0.0892,0.72,106,333,90.0,81.0,2.0,1.0,1.0,1,good
2025-26,FAIL,32,rates_v2b_packaged,235,Palmer,MID,457,Casemiro,MID,0.462,0.462,mid,0.1472,4.512,4.05,4.6592,4.2906,0.1212,0.72,106,349,90.0,90.0,4.0,9.0,-5.0,1,bad
2025-26,FAIL,32,rates_v2b_packaged,235,Palmer,MID,119,Mbeumo,MID,0.2072,0.2072,near,0.1472,4.512,4.3048,4.6592,4.2906,0.1212,0.72,106,349,90.0,20.0,4.0,1.0,3.0,0,not_both60
2025-26,FAIL,32,rates_v2b_packaged,517,Anderson,MID,457,Casemiro,MID,-0.0456,0.0456,near,0.0,4.0044,4.05,4.0044,2.64,0.038,0.85,55,357,90.0,90.0,4.0,9.0,-5.0,1,bad
2025-26,FAIL,32,rates_v2b_packaged,517,Anderson,MID,119,Mbeumo,MID,-0.3004,0.3004,mid,0.0,4.0044,4.3048,4.0044,2.64,0.038,0.85,55,357,90.0,20.0,4.0,1.0,3.0,0,not_both60
