season,e024_gate,gw,strategy,delta_u_pred,delta_xi_picked,delta_xi_oracle,delta_mu_xi,delta_u_xi,treat_picked_regret,ctrl_picked_regret,squad_xi_agree,xi_changed,picked_eq_oracle_treat
2022-23,FAIL,1,balanced,11.8108,9.0,9.0,11.0064,11.0064,0.0,0.0,1,1,0
2022-23,FAIL,1,safe,7.6972,5.0,8.0,10.7864,7.125,-3.0,0.0,1,1,0
2022-23,FAIL,2,balanced,6.6064,3.0,1.0,5.6008,5.6008,-2.0,-4.0,1,1,0
2022-23,FAIL,2,safe,3.5055,2.0,0.0,4.956,3.0391,-3.0,-5.0,1,1,0
2022-23,FAIL,3,balanced,6.196,2.0,1.0,5.828,5.828,0.0,-1.0,1,1,0
2022-23,FAIL,3,safe,3.3714,-5.0,-5.0,5.486,3.3714,-1.0,-1.0,1,1,0
2022-23,FAIL,4,balanced,7.6476,1.0,2.0,6.7624,6.7624,-3.0,-2.0,1,1,0
2022-23,FAIL,4,safe,4.8516,2.0,0.0,6.8884,4.4604,0.0,-2.0,1,1,0
2022-23,FAIL,5,balanced,11.322,-17.0,-25.0,9.6112,9.6112,-3.0,-11.0,1,1,0
2022-23,FAIL,5,safe,6.7325,-17.0,-29.0,9.8128,5.8766,-3.0,-15.0,1,1,0
2022-23,FAIL,6,balanced,8.2484,-9.0,-1.0,7.3604,7.3604,-9.0,-1.0,1,1,0
2022-23,FAIL,6,safe,3.8435,-23.0,-11.0,7.2412,3.6459,-13.0,-1.0,1,1,0
2022-23,FAIL,8,balanced,5.6436,3.0,2.0,5.6764,5.0544,-11.0,-12.0,1,1,0
2022-23,FAIL,8,safe,2.5886,1.0,4.0,5.0212,2.5925,-13.0,-10.0,1,1,0
2022-23,FAIL,9,balanced,6.6437,-7.0,6.0,6.94,5.4135,-15.0,-2.0,1,1,0
2022-23,FAIL,9,safe,2.6569,15.0,21.0,5.678,2.3958,-16.0,-10.0,1,1,0
2022-23,FAIL,10,balanced,3.4423,0.0,0.0,4.7176,2.9296,-4.0,-4.0,1,1,0
2022-23,FAIL,10,safe,1.1762,2.0,0.0,3.8664,1.1903,-2.0,-4.0,1,1,0
2022-23,FAIL,11,balanced,3.9928,1.0,1.0,3.662,3.662,-9.0,-9.0,1,1,0
2022-23,FAIL,11,safe,2.1225,0.0,0.0,3.7788,2.1225,-20.0,-20.0,1,0,0
2022-23,FAIL,12,balanced,5.1,-13.0,-11.0,5.1216,5.1216,-9.0,-7.0,1,1,0
2022-23,FAIL,12,safe,2.5876,1.0,1.0,5.2216,2.6199,-16.0,-16.0,1,1,0
2022-23,FAIL,13,balanced,4.4164,-35.0,-17.0,4.1924,4.1924,-25.0,-7.0,1,1,0
2022-23,FAIL,13,safe,1.9936,-35.0,-22.0,4.4932,1.993,-23.0,-10.0,1,1,0
2022-23,FAIL,14,balanced,5.4116,1.0,-20.0,5.238,5.238,-6.0,-27.0,1,1,0
2022-23,FAIL,14,safe,2.2373,-16.0,-2.0,4.9424,2.3601,-29.0,-15.0,1,1,0
2022-23,FAIL,15,balanced,3.9976,-6.0,-11.0,3.672,3.672,-5.0,-10.0,1,1,0
2022-23,FAIL,15,safe,1.6624,-4.0,-4.0,3.55,1.6666,-7.0,-7.0,1,1,0
2022-23,FAIL,16,balanced,3.5728,-2.0,4.0,3.5656,3.5656,-11.0,-5.0,1,1,0
2022-23,FAIL,16,safe,1.8467,-15.0,-13.0,3.7988,1.8467,-11.0,-9.0,1,1,0
2022-23,FAIL,17,balanced,2.584,0.0,-6.0,2.5732,2.5732,-4.0,-10.0,1,1,0
2022-23,FAIL,17,safe,1.0178,-1.0,-2.0,2.1848,1.0052,-5.0,-6.0,1,1,0
2022-23,FAIL,18,balanced,2.4592,4.0,0.0,3.4884,2.4592,-4.0,-8.0,1,1,0
2022-23,FAIL,18,safe,1.0576,17.0,16.0,2.2572,1.0576,-7.0,-8.0,1,1,0
2022-23,FAIL,19,balanced,1.4332,0.0,0.0,1.4332,1.4332,-4.0,-4.0,1,1,0
2022-23,FAIL,19,safe,0.7188,0.0,1.0,1.5368,0.7188,-4.0,-3.0,1,1,0
2022-23,FAIL,20,balanced,3.4716,0.0,-11.0,3.2616,3.2616,-1.0,-12.0,1,1,0
2022-23,FAIL,20,safe,1.8487,-3.0,-14.0,2.9368,1.8681,-8.0,-19.0,1,1,0
2022-23,FAIL,21,balanced,4.1752,-1.0,10.0,3.2708,3.2708,-11.0,0.0,1,1,0
2022-23,FAIL,21,safe,2.2173,-2.0,8.0,3.4024,2.0082,-18.0,-8.0,1,1,0
2022-23,FAIL,22,balanced,2.6688,-1.0,0.0,2.5928,2.5928,-11.0,-10.0,1,1,0
2022-23,FAIL,22,safe,1.6059,13.0,14.0,2.59,1.6207,-10.0,-9.0,1,1,0
2022-23,FAIL,23,balanced,7.406,-11.0,-12.0,5.0524,5.0524,-3.0,-4.0,1,1,0
2022-23,FAIL,23,safe,4.9662,-11.0,-14.0,5.1152,3.4004,-3.0,-6.0,1,1,0
2022-23,FAIL,24,balanced,1.9092,-17.0,-21.0,1.8648,1.8648,-4.0,-8.0,1,1,0
2022-23,FAIL,24,safe,1.0273,-7.0,-4.0,1.894,1.0272,-5.0,-2.0,1,1,0
2022-23,FAIL,25,balanced,2.5148,-6.0,-4.0,2.6488,1.8364,-19.0,-17.0,1,1,0
2022-23,FAIL,25,safe,1.4052,-6.0,-3.0,2.6488,1.2052,-16.0,-13.0,1,1,0
2022-23,FAIL,26,balanced,1.4312,-15.0,4.0,1.4312,1.4312,-26.0,-7.0,1,1,0
2022-23,FAIL,26,safe,0.9153,0.0,-6.0,1.3988,0.9153,-8.0,-14.0,1,0,0
2022-23,FAIL,27,balanced,0.774,2.0,-5.0,0.774,0.774,-7.0,-14.0,1,1,0
2022-23,FAIL,27,safe,0.3488,0.0,-9.0,0.7428,0.3488,-5.0,-14.0,1,0,0
2022-23,FAIL,28,balanced,0.5452,0.0,-3.0,0.5452,0.5452,-5.0,-8.0,1,0,0
2022-23,FAIL,28,safe,0.3675,0.0,0.0,0.5644,0.3675,-2.0,-2.0,1,0,0
2022-23,FAIL,29,balanced,0.7024,-4.0,-4.0,0.5772,0.7024,-21.0,-21.0,1,1,0
2022-23,FAIL,29,safe,0.1685,1.0,4.0,0.4648,0.167,-14.0,-11.0,1,1,0
2022-23,FAIL,30,balanced,0.1936,1.0,-1.0,0.1936,0.1936,-7.0,-9.0,1,1,0
2022-23,FAIL,30,safe,0.0772,0.0,-3.0,-0.0764,0.0386,-6.0,-9.0,1,0,0
2022-23,FAIL,31,balanced,0.4576,0.0,0.0,0.2656,0.4576,-3.0,-3.0,1,0,0
2022-23,FAIL,31,safe,0.2793,0.0,0.0,0.168,0.2453,-8.0,-8.0,1,0,0
2022-23,FAIL,32,balanced,0.3152,11.0,11.0,0.3712,0.3152,-4.0,-4.0,1,1,0
2022-23,FAIL,32,safe,0.0834,0.0,11.0,0.2676,0.088,-16.0,-5.0,1,1,0
2022-23,FAIL,33,balanced,0.3364,-20.0,-5.0,0.3572,0.3364,-21.0,-6.0,1,1,0
2022-23,FAIL,33,safe,0.0658,0.0,0.0,0.214,0.0658,-10.0,-10.0,1,0,0
2022-23,FAIL,34,balanced,1.4176,0.0,0.0,1.4176,1.4176,0.0,0.0,1,0,1
2022-23,FAIL,34,safe,1.0715,0.0,0.0,1.4176,1.0715,-1.0,-1.0,1,0,0
2022-23,FAIL,35,balanced,0.3864,4.0,15.0,0.3628,0.3864,-13.0,-2.0,1,1,0
2022-23,FAIL,35,safe,0.3796,5.0,4.0,0.5404,0.3796,-6.0,-7.0,1,1,0
2022-23,FAIL,36,balanced,0.0496,18.0,23.0,0.0612,0.0496,-13.0,-8.0,1,1,0
2022-23,FAIL,36,safe,0.046,0.0,0.0,0.0116,0.023,-9.0,-9.0,1,0,0
2022-23,FAIL,37,balanced,0.0,0.0,0.0,0.0,0.0,-7.0,-7.0,1,0,0
2022-23,FAIL,37,safe,0.0,0.0,0.0,0.0,0.0,-7.0,-7.0,1,0,0
2022-23,FAIL,38,balanced,0.0,0.0,0.0,0.0,0.0,-17.0,-17.0,1,0,0
2022-23,FAIL,38,safe,0.0,0.0,0.0,0.0,0.0,-17.0,-17.0,1,0,0
2023-24,PASS,1,balanced,5.6388,-3.0,2.0,5.4332,5.4332,-5.0,0.0,1,1,0
2023-24,PASS,1,safe,3.2141,-2.0,3.0,5.5608,3.1018,-5.0,0.0,1,1,0
2023-24,PASS,2,balanced,2.6208,6.0,6.0,2.3188,2.3188,-6.0,-6.0,1,1,0
2023-24,PASS,2,safe,1.28,6.0,6.0,2.4336,1.1427,-7.0,-7.0,1,1,0
2023-24,PASS,3,balanced,3.5048,11.0,12.0,3.3276,3.3276,-4.0,-3.0,1,1,0
2023-24,PASS,3,safe,1.3508,5.0,10.0,2.9112,1.3508,-8.0,-3.0,1,1,0
2023-24,PASS,4,balanced,3.752,7.0,-3.0,3.3148,3.3148,-8.0,-18.0,1,1,0
2023-24,PASS,4,safe,1.8057,2.0,-4.0,3.0328,1.8057,-11.0,-17.0,1,1,0
2023-24,PASS,5,balanced,4.314,11.0,15.0,3.7224,3.7224,-7.0,-3.0,1,1,0
2023-24,PASS,5,safe,2.1414,1.0,-1.0,3.6064,2.0723,-3.0,-5.0,1,1,0
2023-24,PASS,6,balanced,1.5756,8.0,10.0,1.6532,1.6532,-4.0,-2.0,1,1,0
2023-24,PASS,6,safe,0.834,8.0,17.0,1.9348,0.8347,-10.0,-1.0,1,1,0
2023-24,PASS,7,balanced,1.9284,-5.0,-12.0,1.9284,1.9284,-3.0,-10.0,1,1,0
2023-24,PASS,7,safe,0.9393,-1.0,5.0,1.8344,0.9393,-16.0,-10.0,1,1,0
2023-24,PASS,8,balanced,2.4108,8.0,4.0,2.0744,2.0744,-4.0,-8.0,1,1,0
2023-24,PASS,8,safe,0.8205,-1.0,7.0,1.4212,0.8239,-13.0,-5.0,1,1,0
2023-24,PASS,9,balanced,2.9248,6.0,11.0,2.5388,2.5388,-6.0,-1.0,1,1,0
2023-24,PASS,9,safe,1.6914,15.0,11.0,2.9644,1.4303,-2.0,-6.0,1,1,0
2023-24,PASS,10,balanced,1.1884,-11.0,-13.0,0.9536,0.9536,-3.0,-5.0,1,1,0
2023-24,PASS,10,safe,0.9054,1.0,-2.0,1.2452,0.7529,-2.0,-5.0,1,1,0
2023-24,PASS,11,balanced,1.8944,13.0,12.0,1.8652,1.8652,-14.0,-15.0,1,1,0
2023-24,PASS,11,safe,1.0492,13.0,4.0,1.914,1.0842,-6.0,-15.0,1,1,0
2023-24,PASS,12,balanced,1.3912,-13.0,-14.0,1.144,1.144,-1.0,-2.0,1,1,0
2023-24,PASS,12,safe,1.1451,1.0,0.0,1.4636,0.9475,-1.0,-2.0,1,1,0
2023-24,PASS,13,balanced,1.1264,2.0,2.0,1.23,1.23,-10.0,-10.0,1,1,0
2023-24,PASS,13,safe,0.7141,0.0,-1.0,1.0988,0.7867,-9.0,-10.0,1,1,0
2023-24,PASS,14,balanced,0.726,-3.0,0.0,0.7204,0.7204,-10.0,-7.0,1,1,0
2023-24,PASS,14,safe,0.2094,-7.0,1.0,0.6932,0.3217,-10.0,-2.0,1,1,0
2023-24,PASS,15,balanced,1.4436,6.0,5.0,1.2892,1.2892,-1.0,-2.0,1,1,0
2023-24,PASS,15,safe,0.8345,5.0,9.0,1.4192,0.7357,-6.0,-2.0,1,1,0
2023-24,PASS,16,balanced,1.2736,4.0,3.0,1.24,1.24,-7.0,-8.0,1,1,0
2023-24,PASS,16,safe,0.6572,-6.0,-6.0,1.2984,0.6454,-7.0,-7.0,1,1,0
2023-24,PASS,17,balanced,1.06,0.0,1.0,0.874,0.874,-1.0,0.0,1,0,0
2023-24,PASS,17,safe,0.8335,5.0,7.0,0.9188,0.734,-4.0,-2.0,1,1,0
2023-24,PASS,18,balanced,1.2612,1.0,2.0,1.0416,1.0416,-3.0,-2.0,1,1,0
2023-24,PASS,18,safe,0.9323,0.0,0.0,1.1084,0.7519,-3.0,-3.0,1,0,0
2023-24,PASS,19,balanced,0.5448,7.0,13.0,0.4796,0.4796,-23.0,-17.0,1,1,0
2023-24,PASS,19,safe,0.3911,6.0,11.0,0.5076,0.3827,-21.0,-16.0,1,1,0
2023-24,PASS,20,balanced,0.4996,5.0,5.0,0.5216,0.5216,-12.0,-12.0,1,1,0
2023-24,PASS,20,safe,0.1974,5.0,5.0,0.5216,0.2395,-12.0,-12.0,1,1,0
2023-24,PASS,21,balanced,0.3036,-3.0,-4.0,0.2804,0.2804,-13.0,-14.0,1,1,0
2023-24,PASS,21,safe,0.2462,0.0,-2.0,0.3972,0.2463,-9.0,-11.0,1,0,0
2023-24,PASS,22,balanced,0.69,0.0,0.0,0.644,0.644,-7.0,-7.0,1,0,0
2023-24,PASS,22,safe,0.4024,-1.0,0.0,0.46,0.3716,-4.0,-3.0,1,1,0
2023-24,PASS,23,balanced,0.2928,0.0,15.0,0.2636,0.2636,-18.0,-3.0,1,1,0
2023-24,PASS,23,safe,0.2705,-2.0,-1.0,0.3344,0.2567,-7.0,-6.0,1,1,0
2023-24,PASS,24,balanced,0.4452,7.0,18.0,0.5456,0.5456,-11.0,0.0,1,1,0
2023-24,PASS,24,safe,0.0337,-1.0,10.0,0.3048,0.1136,-15.0,-4.0,1,1,0
2023-24,PASS,25,balanced,1.0432,0.0,0.0,1.2872,1.2004,-11.0,-11.0,1,0,0
2023-24,PASS,25,safe,0.8141,4.0,-5.0,1.2228,0.8889,-2.0,-11.0,1,1,0
2023-24,PASS,26,balanced,0.0872,0.0,0.0,0.0436,0.0436,-7.0,-7.0,1,0,0
2023-24,PASS,26,safe,0.0683,0.0,0.0,0.0436,0.0341,-3.0,-3.0,1,0,0
2023-24,PASS,27,balanced,0.2712,0.0,0.0,0.1356,0.1356,-16.0,-16.0,1,0,0
2023-24,PASS,27,safe,0.2383,0.0,0.0,0.1356,0.1192,-17.0,-17.0,1,0,0
2023-24,PASS,28,balanced,0.0143,0.0,0.0,0.0472,0.0143,-3.0,-3.0,1,0,0
2023-24,PASS,28,safe,-0.0431,0.0,0.0,-0.02,-0.0431,-3.0,-3.0,1,0,0
2023-24,PASS,29,balanced,0.0,0.0,-7.0,0.0,0.0,-9.0,-16.0,1,0,0
2023-24,PASS,29,safe,0.0,0.0,0.0,0.0,0.0,-9.0,-9.0,1,0,0
2023-24,PASS,30,balanced,0.0,0.0,0.0,0.0,0.0,-5.0,-5.0,1,0,0
2023-24,PASS,30,safe,0.0005,0.0,0.0,0.0084,0.0005,-26.0,-26.0,1,0,0
2023-24,PASS,31,balanced,0.1048,0.0,0.0,0.1048,0.1048,-9.0,-9.0,1,0,0
2023-24,PASS,31,safe,0.0,0.0,0.0,0.0,0.0,-4.0,-4.0,1,0,0
2023-24,PASS,32,balanced,0.0196,0.0,0.0,0.0196,0.0196,-6.0,-6.0,1,0,0
2023-24,PASS,32,safe,-0.033,0.0,-3.0,-0.2404,-0.033,-15.0,-18.0,1,1,0
2023-24,PASS,33,balanced,0.0736,0.0,0.0,0.0736,0.0736,-2.0,-2.0,1,0,0
2023-24,PASS,33,safe,0.0,0.0,0.0,0.0,0.0,-10.0,-10.0,1,0,0
2023-24,PASS,34,balanced,0.1656,0.0,0.0,0.1656,0.1656,-10.0,-10.0,1,0,0
2023-24,PASS,34,safe,0.0097,12.0,0.0,0.0468,0.0097,-28.0,-40.0,1,1,0
2023-24,PASS,35,balanced,0.0,0.0,0.0,0.0,0.0,-4.0,-4.0,1,0,0
2023-24,PASS,35,safe,0.0,0.0,0.0,0.0,0.0,-1.0,-1.0,1,0,0
2023-24,PASS,36,balanced,0.0488,0.0,0.0,0.0488,0.0488,-2.0,-2.0,1,0,0
2023-24,PASS,36,safe,-0.0468,-1.0,-4.0,-0.0428,-0.0468,-8.0,-11.0,1,1,0
2023-24,PASS,37,balanced,0.0,0.0,0.0,0.0,0.0,-28.0,-28.0,1,0,0
2023-24,PASS,37,safe,0.0,0.0,0.0,0.0,0.0,-28.0,-28.0,1,0,0
2023-24,PASS,38,balanced,0.0748,0.0,0.0,0.0748,0.0748,-5.0,-5.0,1,0,0
2023-24,PASS,38,safe,0.091,0.0,-2.0,-0.2232,0.091,-6.0,-8.0,1,1,0
2024-25,PASS,1,balanced,7.8932,8.0,10.0,6.4336,6.4336,-3.0,-1.0,1,1,0
2024-25,PASS,1,safe,4.8596,8.0,10.0,6.4964,3.9208,-2.0,0.0,1,1,0
2024-25,PASS,2,balanced,3.0328,8.0,5.0,3.0328,3.0328,0.0,-3.0,1,1,0
2024-25,PASS,2,safe,1.331,6.0,14.0,2.486,1.331,-8.0,0.0,1,1,0
2024-25,PASS,3,balanced,3.6832,-10.0,-8.0,2.5712,2.5712,-2.0,0.0,1,1,0
2024-25,PASS,3,safe,2.2501,11.0,10.0,3.6356,1.8347,0.0,-1.0,1,1,0
2024-25,PASS,4,balanced,2.2748,-3.0,3.0,2.2992,2.2992,-9.0,-3.0,1,1,0
2024-25,PASS,4,safe,1.2193,-5.0,1.0,2.5432,1.2584,-7.0,-1.0,1,1,0
2024-25,PASS,5,balanced,5.8512,11.0,13.0,5.722,5.722,-3.0,-1.0,1,1,0
2024-25,PASS,5,safe,3.4256,11.0,12.0,5.722,3.3441,-3.0,-2.0,1,1,0
2024-25,PASS,6,balanced,4.0704,-3.0,0.0,3.2224,3.2224,-5.0,-2.0,1,1,0
2024-25,PASS,6,safe,1.8821,-1.0,-7.0,3.2732,1.8821,-5.0,-11.0,1,1,0
2024-25,PASS,7,balanced,3.2832,-5.0,-4.0,3.0152,3.0152,-7.0,-6.0,1,1,0
2024-25,PASS,7,safe,1.7486,-15.0,-14.0,2.8108,1.6742,-8.0,-7.0,1,1,0
2024-25,PASS,8,balanced,4.1444,2.0,1.0,3.6964,3.6964,-9.0,-10.0,1,1,0
2024-25,PASS,8,safe,2.0202,0.0,5.0,3.7304,1.8029,-15.0,-10.0,1,1,0
2024-25,PASS,9,balanced,3.2464,6.0,6.0,2.8484,2.8484,0.0,0.0,1,1,0
2024-25,PASS,9,safe,2.0498,0.0,0.0,2.8748,1.7731,0.0,0.0,1,0,0
2024-25,PASS,10,balanced,4.4248,0.0,13.0,3.8788,3.8788,-23.0,-10.0,1,1,0
2024-25,PASS,10,safe,2.5249,-5.0,5.0,4.18,2.1507,-23.0,-13.0,1,1,0
2024-25,PASS,11,balanced,3.3724,-15.0,-19.0,3.0584,3.0584,-1.0,-5.0,1,1,0
2024-25,PASS,11,safe,1.9856,1.0,-3.0,3.0736,1.7842,-1.0,-5.0,1,1,0
2024-25,PASS,12,balanced,2.5148,6.0,5.0,2.3888,2.4176,-2.0,-3.0,1,1,0
2024-25,PASS,12,safe,1.4986,1.0,0.0,2.4216,1.4641,-3.0,-4.0,1,1,0
2024-25,PASS,13,balanced,2.388,0.0,3.0,2.2428,2.2428,-3.0,0.0,1,1,0
2024-25,PASS,13,safe,1.1305,24.0,28.0,1.9968,1.0574,-6.0,-2.0,1,1,0
2024-25,PASS,14,balanced,2.4768,2.0,2.0,2.3064,2.3064,0.0,0.0,1,1,0
2024-25,PASS,14,safe,1.5349,14.0,14.0,2.6168,1.4734,0.0,0.0,1,1,1
2024-25,PASS,15,balanced,2.0384,9.0,8.0,1.8192,1.8192,-6.0,-7.0,1,1,0
2024-25,PASS,15,safe,0.9411,3.0,3.0,1.428,0.8381,-1.0,-1.0,1,1,0
2024-25,PASS,16,balanced,2.6804,-11.0,-4.0,2.4512,2.4512,-7.0,0.0,1,1,0
2024-25,PASS,16,safe,1.496,-11.0,-4.0,2.4512,1.3621,-7.0,0.0,1,1,0
2024-25,PASS,17,balanced,1.9302,-1.0,-3.0,1.712,1.7098,-2.0,-4.0,1,1,0
2024-25,PASS,17,safe,0.9437,-1.0,6.0,1.7484,0.8697,-10.0,-3.0,1,1,0
2024-25,PASS,18,balanced,2.2172,1.0,6.0,2.066,2.066,-6.0,-1.0,1,1,0
2024-25,PASS,18,safe,1.3186,-10.0,-10.0,2.018,1.2428,-10.0,-10.0,1,1,0
2024-25,PASS,19,balanced,0.8076,9.0,12.0,0.7676,0.7676,-5.0,-2.0,1,1,0
2024-25,PASS,19,safe,0.5585,9.0,6.0,0.7196,0.5041,-7.0,-10.0,1,1,0
2024-25,PASS,20,balanced,1.1684,-2.0,-2.0,1.1008,1.1008,-2.0,-2.0,1,1,0
2024-25,PASS,20,safe,0.8246,16.0,14.0,1.4228,0.8139,-2.0,-4.0,1,1,0
2024-25,PASS,21,balanced,0.6796,0.0,1.0,0.6164,0.6164,-3.0,-2.0,1,1,0
2024-25,PASS,21,safe,0.4895,-8.0,-25.0,0.6496,0.4776,-5.0,-22.0,1,1,0
2024-25,PASS,22,balanced,-0.1592,-13.0,-11.0,-0.1112,-0.1112,-2.0,0.0,1,1,0
2024-25,PASS,22,safe,-0.1164,-12.0,-10.0,-0.2764,-0.0924,-3.0,-1.0,1,1,0
2024-25,PASS,23,balanced,0.5236,-1.0,0.0,0.5236,0.5236,-10.0,-9.0,1,1,0
2024-25,PASS,23,safe,0.2807,-7.0,-6.0,0.418,0.2807,-3.0,-2.0,1,1,0
2024-25,PASS,24,balanced,0.5136,-3.0,-14.0,0.5136,0.5136,-12.0,-23.0,1,1,0
2024-25,PASS,24,safe,0.6452,0.0,0.0,0.7876,0.6452,-3.0,-3.0,1,0,0
2024-25,PASS,25,balanced,0.4268,0.0,0.0,0.3112,0.4268,0.0,0.0,1,0,1
2024-25,PASS,25,safe,0.2988,0.0,0.0,0.3112,0.2988,0.0,0.0,1,0,1
2024-25,PASS,26,balanced,0.5348,17.0,17.0,0.5348,0.5348,0.0,0.0,1,1,0
2024-25,PASS,26,safe,0.3801,5.0,5.0,0.3728,0.3801,0.0,0.0,1,1,0
2024-25,PASS,27,balanced,0.0,0.0,0.0,0.0,0.0,-10.0,-10.0,1,0,0
2024-25,PASS,27,safe,0.0,0.0,0.0,0.0,0.0,-10.0,-10.0,1,0,0
2024-25,PASS,28,balanced,-0.01,-6.0,15.0,-0.01,-0.01,-24.0,-3.0,1,1,0
2024-25,PASS,28,safe,0.0,0.0,0.0,0.0,0.0,-2.0,-2.0,1,0,0
2024-25,PASS,29,balanced,0.3192,2.0,2.0,0.3192,0.3192,-3.0,-3.0,1,1,0
2024-25,PASS,29,safe,0.0015,2.0,2.0,0.382,0.0015,-3.0,-3.0,1,1,0
2024-25,PASS,30,balanced,-0.1172,1.0,-16.0,-0.1172,-0.1172,-1.0,-18.0,1,1,0
2024-25,PASS,30,safe,0.0,0.0,0.0,0.0,0.0,-21.0,-21.0,1,0,0
2024-25,PASS,31,balanced,0.0,0.0,0.0,0.0,0.0,-6.0,-6.0,1,0,0
2024-25,PASS,31,safe,0.0,0.0,0.0,0.0,0.0,-1.0,-1.0,1,0,0
2024-25,PASS,32,balanced,0.0,0.0,0.0,0.0,0.0,-19.0,-19.0,1,0,0
2024-25,PASS,32,safe,0.0,0.0,0.0,0.0,0.0,-9.0,-9.0,1,0,0
2024-25,PASS,33,balanced,0.0692,0.0,0.0,0.0692,0.0692,-2.0,-2.0,1,0,0
2024-25,PASS,33,safe,-0.0063,0.0,0.0,0.0692,-0.0063,-9.0,-9.0,1,0,0
2024-25,PASS,34,balanced,0.0228,2.0,-9.0,0.0228,0.0228,-8.0,-19.0,1,1,0
2024-25,PASS,34,safe,0.0,0.0,0.0,0.0,0.0,-21.0,-21.0,1,0,0
2024-25,PASS,35,balanced,0.0,0.0,0.0,0.0,0.0,-9.0,-9.0,1,0,0
2024-25,PASS,35,safe,0.0,0.0,0.0,0.0,0.0,-15.0,-15.0,1,0,0
2024-25,PASS,36,balanced,0.0,0.0,0.0,0.0,0.0,-11.0,-11.0,1,0,0
2024-25,PASS,36,safe,0.0,0.0,0.0,0.0,0.0,-11.0,-11.0,1,0,0
2024-25,PASS,37,balanced,0.0,0.0,0.0,0.0,0.0,-9.0,-9.0,1,0,0
2024-25,PASS,37,safe,0.0,0.0,0.0,0.0,0.0,-14.0,-14.0,1,0,0
2024-25,PASS,38,balanced,0.0,0.0,0.0,0.0,0.0,-1.0,-1.0,1,0,0
2024-25,PASS,38,safe,0.0,0.0,0.0,0.0,0.0,-2.0,-2.0,1,0,0
2025-26,FAIL,1,balanced,6.5924,-3.0,-3.0,6.1012,6.1012,0.0,0.0,1,1,0
2025-26,FAIL,1,safe,3.8356,7.0,7.0,6.2608,3.504,0.0,0.0,1,1,0
2025-26,FAIL,2,balanced,0.6896,0.0,3.0,0.5928,0.5928,-3.0,0.0,1,1,0
2025-26,FAIL,2,safe,0.4657,-2.0,-2.0,1.0824,0.4657,-1.0,-1.0,1,1,0
2025-26,FAIL,3,balanced,0.8028,-3.0,-7.0,0.8028,0.8028,-3.0,-7.0,1,1,0
2025-26,FAIL,3,safe,0.5127,-3.0,-6.0,0.6292,0.5127,-3.0,-6.0,1,1,0
2025-26,FAIL,4,balanced,2.356,6.0,9.0,2.356,2.356,-6.0,-3.0,1,1,0
2025-26,FAIL,4,safe,1.2837,6.0,15.0,2.356,1.2837,-10.0,-1.0,1,1,0
2025-26,FAIL,5,balanced,2.25,-5.0,-2.0,2.036,2.036,-8.0,-5.0,1,1,0
2025-26,FAIL,5,safe,1.0577,3.0,5.0,1.9916,0.9416,-7.0,-5.0,1,1,0
2025-26,FAIL,6,balanced,1.8024,-6.0,-20.0,2.038,1.6364,-10.0,-24.0,1,1,0
2025-26,FAIL,6,safe,1.0202,-7.0,-17.0,2.646,0.9276,-10.0,-20.0,1,1,0
2025-26,FAIL,7,balanced,1.7294,-4.0,-4.0,1.9892,1.6406,-4.0,-4.0,1,1,0
2025-26,FAIL,7,safe,0.6254,-9.0,-12.0,1.698,0.5825,-2.0,-5.0,1,1,0
2025-26,FAIL,8,balanced,1.472,5.0,7.0,1.3936,1.3936,-7.0,-5.0,1,1,0
2025-26,FAIL,8,safe,0.6624,-10.0,-3.0,1.1836,0.5938,-13.0,-6.0,1,1,0
2025-26,FAIL,9,balanced,1.4753,1.0,16.0,2.2948,1.4613,-19.0,-4.0,1,1,0
2025-26,FAIL,9,safe,0.3574,0.0,0.0,0.65,0.3624,-22.0,-22.0,1,0,0
2025-26,FAIL,10,balanced,2.1412,-8.0,2.0,2.168,2.168,-16.0,-6.0,1,1,0
2025-26,FAIL,10,safe,0.9328,1.0,1.0,2.2256,0.9659,-6.0,-6.0,1,1,0
2025-26,FAIL,11,balanced,0.8572,24.0,21.0,1.8908,0.8924,-7.0,-10.0,1,1,0
2025-26,FAIL,11,safe,0.2159,5.0,7.0,0.2524,0.2654,-21.0,-19.0,1,1,0
2025-26,FAIL,12,balanced,1.0852,1.0,1.0,1.0864,1.0864,-4.0,-4.0,1,1,0
2025-26,FAIL,12,safe,0.2655,3.0,2.0,0.9504,0.265,-11.0,-12.0,1,1,0
2025-26,FAIL,13,balanced,1.1284,-12.0,-8.0,1.8484,1.0328,-6.0,-2.0,1,1,0
2025-26,FAIL,13,safe,0.436,6.0,2.0,1.1096,0.3808,-4.0,-8.0,1,1,0
2025-26,FAIL,14,balanced,0.924,0.0,-1.0,0.8852,0.8852,-4.0,-5.0,1,1,0
2025-26,FAIL,14,safe,0.7514,-3.0,-5.0,1.2248,0.729,-3.0,-5.0,1,1,0
2025-26,FAIL,15,balanced,1.5718,4.0,2.0,1.988,1.5266,-1.0,-3.0,1,1,0
2025-26,FAIL,15,safe,0.8183,9.0,8.0,1.3812,0.7886,-8.0,-9.0,1,1,0
2025-26,FAIL,16,balanced,0.75,-2.0,-1.0,0.7284,0.7284,-1.0,0.0,1,1,0
2025-26,FAIL,16,safe,0.3694,-2.0,-2.0,0.686,0.3483,-2.0,-2.0,1,1,0
2025-26,FAIL,17,balanced,1.2096,5.0,-6.0,1.1668,1.1668,-5.0,-16.0,1,1,0
2025-26,FAIL,17,safe,0.7199,1.0,0.0,1.0996,0.6924,-15.0,-16.0,1,1,0
2025-26,FAIL,18,balanced,0.204,-7.0,0.0,0.2676,0.2676,-24.0,-17.0,1,1,0
2025-26,FAIL,18,safe,0.1226,-7.0,8.0,0.3616,0.1526,-24.0,-9.0,1,1,0
2025-26,FAIL,19,balanced,0.4556,-6.0,-7.0,0.4076,0.4076,-15.0,-16.0,1,1,0
2025-26,FAIL,19,safe,0.3533,4.0,3.0,0.5776,0.3414,-15.0,-16.0,1,1,0
2025-26,FAIL,20,balanced,0.5324,10.0,8.0,0.5276,0.5276,-9.0,-11.0,1,1,0
2025-26,FAIL,20,safe,0.2349,-15.0,-43.0,0.4856,0.2449,-8.0,-36.0,1,1,0
2025-26,FAIL,21,balanced,0.636,-15.0,-5.0,0.6524,0.6524,-26.0,-16.0,1,1,0
2025-26,FAIL,21,safe,0.2413,-5.0,-11.0,1.1368,0.26,-12.0,-18.0,1,1,0
2025-26,FAIL,22,balanced,0.6184,-1.0,-4.0,0.6184,0.6184,-9.0,-12.0,1,1,0
2025-26,FAIL,22,safe,0.3296,6.0,8.0,0.7644,0.3296,-8.0,-6.0,1,1,0
2025-26,FAIL,23,balanced,0.744,3.0,0.0,0.744,0.744,-1.0,-4.0,1,1,0
2025-26,FAIL,23,safe,0.4313,3.0,0.0,0.744,0.4313,-1.0,-4.0,1,1,0
2025-26,FAIL,24,balanced,0.0444,0.0,0.0,0.0392,0.0392,-6.0,-6.0,1,0,0
2025-26,FAIL,24,safe,0.022,0.0,0.0,0.0392,0.0251,-12.0,-12.0,1,0,0
2025-26,FAIL,25,balanced,0.4032,-3.0,-11.0,0.4032,0.4032,-11.0,-19.0,1,1,0
2025-26,FAIL,25,safe,0.1352,6.0,5.0,0.5212,0.1352,-16.0,-17.0,1,1,0
2025-26,FAIL,26,balanced,0.1544,1.0,1.0,0.1544,0.1544,0.0,0.0,1,1,0
2025-26,FAIL,26,safe,0.0705,0.0,0.0,0.106,0.0705,-5.0,-5.0,1,0,0
2025-26,FAIL,27,balanced,0.0,0.0,0.0,0.0,0.0,-5.0,-5.0,1,0,0
2025-26,FAIL,27,safe,0.0,0.0,0.0,0.0,0.0,-14.0,-14.0,1,0,0
2025-26,FAIL,28,balanced,0.102,-1.0,-6.0,0.102,0.102,-7.0,-12.0,1,1,0
2025-26,FAIL,28,safe,0.0,0.0,4.0,0.0,0.0,-17.0,-13.0,1,0,0
2025-26,FAIL,29,balanced,0.0,0.0,0.0,0.0,0.0,-2.0,-2.0,1,0,0
2025-26,FAIL,29,safe,0.0,0.0,7.0,0.0,0.0,-16.0,-9.0,1,0,0
2025-26,FAIL,30,balanced,0.2496,0.0,-5.0,0.2496,0.2496,-4.0,-9.0,1,1,0
2025-26,FAIL,30,safe,0.0,0.0,0.0,0.0,0.0,-11.0,-11.0,1,0,0
2025-26,FAIL,31,balanced,0.0968,1.0,0.0,0.0968,0.0968,-8.0,-9.0,1,1,0
2025-26,FAIL,31,safe,0.0,0.0,0.0,0.0,0.0,-9.0,-9.0,1,0,0
2025-26,FAIL,32,balanced,0.3088,-2.0,-24.0,0.3088,0.3088,-7.0,-29.0,1,1,0
2025-26,FAIL,32,safe,0.0,0.0,0.0,0.0,0.0,-12.0,-12.0,1,0,0
2025-26,FAIL,33,balanced,0.3836,0.0,0.0,0.3836,0.3836,-24.0,-24.0,1,0,0
2025-26,FAIL,33,safe,0.3007,0.0,0.0,0.3836,0.3007,-24.0,-24.0,1,0,0
2025-26,FAIL,34,balanced,0.0,0.0,0.0,0.0,0.0,-7.0,-7.0,1,0,0
2025-26,FAIL,34,safe,0.0,0.0,0.0,0.0,0.0,-15.0,-15.0,1,0,0
2025-26,FAIL,35,balanced,-0.07,0.0,0.0,-0.07,-0.07,-3.0,-3.0,1,0,0
2025-26,FAIL,35,safe,-0.0597,0.0,0.0,-0.07,-0.0597,-6.0,-6.0,1,0,0
2025-26,FAIL,36,balanced,0.0,0.0,0.0,0.0,0.0,-26.0,-26.0,1,0,0
2025-26,FAIL,36,safe,0.0,0.0,0.0,0.0,0.0,-16.0,-16.0,1,0,0
2025-26,FAIL,37,balanced,0.0,0.0,0.0,0.0,0.0,-13.0,-13.0,1,0,0
2025-26,FAIL,37,safe,0.0,0.0,0.0,0.0,0.0,-13.0,-13.0,1,0,0
2025-26,FAIL,38,balanced,0.0,0.0,0.0,0.0,0.0,-5.0,-5.0,1,0,0
2025-26,FAIL,38,safe,0.0,0.0,0.0,0.0,0.0,-6.0,-6.0,1,0,0
