season,e024_gate,gw,position,entrant_id,entrant_name,leaver_id,leaver_name,delta_pair,delta_ilp,delta_full,delta_reeq,abs_reeq_gt_pair,g_treat,g_ctrl,ctrl_cap,pair_cap,full_cap,entrant_pts,leaver_pts,dpts_swap
2022-23,FAIL,1,DEF,256,Ricardo,306,Cancelo,-7.0,17.0,17.0,24.0,1,4.6675,1.5844,43.0,36.0,60.0,0.0,7.0,-7.0
2022-23,FAIL,1,DEF,196,Branthwaite,306,Cancelo,-7.0,17.0,17.0,24.0,1,4.7417,1.5875,43.0,36.0,60.0,0.0,7.0,-7.0
2022-23,FAIL,1,DEF,139,Chilwell,306,Cancelo,2.0,17.0,17.0,15.0,1,2.8131,0.6825,43.0,45.0,60.0,9.0,7.0,2.0
2022-23,FAIL,1,MID,261,Maddison,428,Son,0.0,17.0,17.0,17.0,1,3.7407,1.012,43.0,43.0,60.0,5.0,5.0,0.0
2022-23,FAIL,1,MID,261,Maddison,13,Saka,-1.0,17.0,17.0,18.0,1,2.1662,0.202,43.0,42.0,60.0,5.0,6.0,-1.0
2022-23,FAIL,1,MID,303,Mahrez,428,Son,-8.0,17.0,17.0,25.0,1,3.7114,1.2496,43.0,35.0,60.0,1.0,5.0,-4.0
2022-23,FAIL,1,MID,303,Mahrez,13,Saka,-5.0,17.0,17.0,22.0,1,2.1369,0.4396,43.0,38.0,60.0,1.0,6.0,-5.0
2022-23,FAIL,1,MID,446,Kulusevski,428,Son,16.0,17.0,17.0,1.0,0,3.5347,1.1204,43.0,59.0,60.0,13.0,5.0,8.0
2022-23,FAIL,1,MID,446,Kulusevski,13,Saka,7.0,17.0,17.0,10.0,1,1.9602,0.3105,43.0,50.0,60.0,13.0,6.0,7.0
2022-23,FAIL,1,FWD,242,Gelhardt,356,Wilson,-5.0,17.0,17.0,22.0,1,3.904,1.3351,43.0,38.0,60.0,1.0,6.0,-5.0
2022-23,FAIL,1,FWD,242,Gelhardt,345,Martial,1.0,17.0,17.0,16.0,1,3.2778,1.2355,43.0,44.0,60.0,1.0,0.0,1.0
2022-23,FAIL,2,DEF,595,Zanka,329,Varane,2.0,5.0,5.0,3.0,1,2.1484,0.1641,26.0,28.0,31.0,0.0,1.0,-1.0
2022-23,FAIL,2,DEF,595,Zanka,482,Semedo,2.0,5.0,5.0,3.0,1,2.2181,0.2339,26.0,28.0,31.0,0.0,1.0,-1.0
2022-23,FAIL,2,FWD,596,Ferguson,454,Richarlison,3.0,5.0,5.0,2.0,0,2.5211,0.5282,26.0,29.0,31.0,0.0,1.0,-1.0
2022-23,FAIL,3,MID,261,Maddison,465,Bowen,6.0,3.0,3.0,-3.0,0,1.2519,0.1781,17.0,23.0,20.0,7.0,2.0,5.0
2022-23,FAIL,3,MID,261,Maddison,283,Salah,0.0,3.0,3.0,3.0,1,1.4796,0.5445,17.0,17.0,20.0,7.0,8.0,-1.0
2022-23,FAIL,3,MID,303,Mahrez,465,Bowen,-1.0,3.0,3.0,4.0,1,0.9323,0.264,17.0,16.0,20.0,0.0,2.0,-2.0
2022-23,FAIL,3,MID,303,Mahrez,283,Salah,-7.0,3.0,3.0,10.0,1,1.16,0.6304,17.0,10.0,20.0,0.0,8.0,-8.0
2022-23,FAIL,3,DEF,595,Zanka,439,Tanganga,1.0,3.0,3.0,2.0,1,1.1796,0.0082,17.0,18.0,20.0,0.0,0.0,0.0
2022-23,FAIL,3,DEF,595,Zanka,180,Keane,1.0,3.0,3.0,2.0,1,1.2195,0.0483,17.0,18.0,20.0,0.0,0.0,0.0
2022-23,FAIL,3,DEF,343,B.Williams,439,Tanganga,1.0,3.0,3.0,2.0,1,1.1997,0.0029,17.0,18.0,20.0,0.0,0.0,0.0
2022-23,FAIL,3,DEF,343,B.Williams,180,Keane,1.0,3.0,3.0,2.0,1,1.2397,0.0431,17.0,18.0,20.0,0.0,0.0,0.0
2022-23,FAIL,3,FWD,701,Weghorst,585,Dennis,2.0,3.0,3.0,1.0,0,2.3046,1.108,17.0,19.0,20.0,0.0,0.0,0.0
2022-23,FAIL,3,FWD,701,Weghorst,110,Maupay,2.0,3.0,3.0,1.0,0,2.0726,0.876,17.0,19.0,20.0,0.0,0.0,0.0
2022-23,FAIL,4,GKP,426,Forster,81,Raya,-4.0,3.0,3.0,7.0,1,0.1267,0.0671,37.0,33.0,40.0,0.0,6.0,-6.0
2022-23,FAIL,4,MID,465,Bowen,301,De Bruyne,3.0,3.0,3.0,0.0,0,0.7646,0.8536,37.0,40.0,40.0,3.0,2.0,1.0
2022-23,FAIL,4,MID,314,Foden,301,De Bruyne,4.0,3.0,3.0,-1.0,0,0.7914,0.7572,37.0,41.0,40.0,4.0,2.0,2.0
2022-23,FAIL,4,MID,446,Kulusevski,301,De Bruyne,6.0,3.0,3.0,-3.0,0,0.7428,0.9912,37.0,43.0,40.0,6.0,2.0,4.0
2022-23,FAIL,5,MID,261,Maddison,301,De Bruyne,1.0,-30.0,-30.0,-31.0,1,5.7088,0.8181,69.0,70.0,39.0,1.0,1.0,0.0
2022-23,FAIL,5,MID,303,Mahrez,301,De Bruyne,-2.0,-30.0,-30.0,-28.0,1,4.6152,0.7318,69.0,67.0,39.0,4.0,1.0,3.0
2022-23,FAIL,5,MID,465,Bowen,301,De Bruyne,2.0,-30.0,-30.0,-32.0,1,5.8503,0.6963,69.0,71.0,39.0,2.0,1.0,1.0
2022-23,FAIL,5,DEF,249,Evans,257,Amartey,3.0,-30.0,-30.0,-33.0,1,5.396,0.2644,69.0,72.0,39.0,2.0,0.0,2.0
2022-23,FAIL,5,DEF,249,Evans,258,Castagne,3.0,-30.0,-30.0,-33.0,1,5.4096,0.2605,69.0,72.0,39.0,2.0,0.0,2.0
2022-23,FAIL,5,DEF,249,Evans,235,Struijk,-1.0,-30.0,-30.0,-29.0,1,5.518,0.2362,69.0,68.0,39.0,2.0,4.0,-2.0
2022-23,FAIL,5,DEF,249,Evans,57,Smith,-3.0,-30.0,-30.0,-27.0,1,5.4184,0.2045,69.0,66.0,39.0,2.0,6.0,-4.0
2022-23,FAIL,5,DEF,249,Evans,156,Ward,3.0,-30.0,-30.0,-33.0,1,5.4008,0.2597,69.0,72.0,39.0,2.0,2.0,0.0
2022-23,FAIL,5,DEF,463,Coufal,257,Amartey,3.0,-30.0,-30.0,-33.0,1,5.4246,0.2004,69.0,72.0,39.0,2.0,0.0,2.0
2022-23,FAIL,5,DEF,463,Coufal,258,Castagne,3.0,-30.0,-30.0,-33.0,1,5.4381,0.1964,69.0,72.0,39.0,2.0,0.0,2.0
2022-23,FAIL,5,DEF,463,Coufal,235,Struijk,-1.0,-30.0,-30.0,-29.0,1,5.5466,0.1721,69.0,68.0,39.0,2.0,4.0,-2.0
2022-23,FAIL,5,DEF,463,Coufal,57,Smith,-3.0,-30.0,-30.0,-27.0,1,5.4469,0.1405,69.0,66.0,39.0,2.0,6.0,-4.0
2022-23,FAIL,5,DEF,463,Coufal,156,Ward,3.0,-30.0,-30.0,-33.0,1,5.4293,0.1956,69.0,72.0,39.0,2.0,2.0,0.0
2022-23,FAIL,5,FWD,279,Firmino,288,Diogo Jota,10.0,-30.0,-30.0,-40.0,1,5.1611,0.6459,69.0,79.0,39.0,9.0,0.0,9.0
2022-23,FAIL,5,FWD,279,Firmino,318,Haaland,-7.0,-30.0,-30.0,-23.0,1,5.6275,1.1123,69.0,62.0,39.0,9.0,17.0,-8.0
2022-23,FAIL,5,FWD,697,Sadi,288,Diogo Jota,3.0,-30.0,-30.0,-33.0,1,6.54,0.9435,69.0,72.0,39.0,0.0,0.0,0.0
2022-23,FAIL,5,FWD,697,Sadi,210,Mitrović,-6.0,-30.0,-30.0,-24.0,1,6.0968,0.5003,69.0,63.0,39.0,0.0,9.0,-9.0
2022-23,FAIL,5,FWD,697,Sadi,318,Haaland,-14.0,-30.0,-30.0,-16.0,1,7.0064,1.4099,69.0,55.0,39.0,0.0,17.0,-17.0
2022-23,FAIL,5,FWD,255,Vardy,318,Haaland,-14.0,-30.0,-30.0,-16.0,1,5.4089,0.9821,69.0,55.0,39.0,2.0,17.0,-15.0
2022-23,FAIL,6,FWD,356,Wilson,288,Diogo Jota,0.0,-8.0,-8.0,-8.0,1,3.3647,0.2031,47.0,47.0,39.0,0.0,1.0,-1.0
2022-23,FAIL,6,FWD,356,Wilson,427,Kane,-8.0,-8.0,-8.0,0.0,0,4.0216,0.565,47.0,39.0,39.0,0.0,9.0,-9.0
2022-23,FAIL,6,FWD,145,Havertz,288,Diogo Jota,6.0,-8.0,-8.0,-14.0,1,3.4598,0.1799,47.0,53.0,39.0,6.0,1.0,5.0
2022-23,FAIL,6,FWD,145,Havertz,427,Kane,-2.0,-8.0,-8.0,-6.0,1,4.1166,0.5417,47.0,45.0,39.0,6.0,9.0,-3.0
2022-23,FAIL,6,FWD,380,Lyle Taylor,288,Diogo Jota,1.0,-8.0,-8.0,-9.0,1,4.3397,0.6368,47.0,48.0,39.0,0.0,1.0,-1.0
2022-23,FAIL,6,FWD,380,Lyle Taylor,427,Kane,-7.0,-8.0,-8.0,-1.0,0,4.9965,0.9987,47.0,40.0,39.0,0.0,9.0,-9.0
2022-23,FAIL,6,FWD,380,Lyle Taylor,210,Mitrović,-3.0,-8.0,-8.0,-5.0,1,4.208,0.5052,47.0,44.0,39.0,0.0,5.0,-5.0
2022-23,FAIL,6,DEF,435,Sánchez,106,Dunk,0.0,-8.0,-8.0,-8.0,1,3.7762,0.2978,47.0,47.0,39.0,0.0,1.0,-1.0
2022-23,FAIL,6,DEF,435,Sánchez,235,Struijk,-8.0,-8.0,-8.0,0.0,0,3.7025,0.2402,47.0,39.0,39.0,0.0,0.0,0.0
2022-23,FAIL,6,DEF,435,Sánchez,461,Zouma,-8.0,-8.0,-8.0,0.0,0,3.7101,0.2402,47.0,39.0,39.0,0.0,1.0,-1.0
2022-23,FAIL,8,DEF,16,Gabriel,445,Emerson Royal,7.0,2.0,2.0,-5.0,0,0.0157,0.2129,14.0,21.0,16.0,6.0,1.0,5.0
2022-23,FAIL,8,DEF,16,Gabriel,526,Mee,7.0,2.0,2.0,-5.0,0,0.0244,0.2204,14.0,21.0,16.0,6.0,1.0,5.0
2022-23,FAIL,8,MID,468,Soucek,480,Neves,2.0,2.0,2.0,0.0,0,0.0766,0.1073,14.0,16.0,16.0,2.0,1.0,1.0
2022-23,FAIL,8,GKP,182,Pickford,31,Martínez,2.0,2.0,2.0,0.0,0,0.0352,0.1838,14.0,16.0,16.0,0.0,6.0,-6.0
2022-23,FAIL,9,DEF,357,Trippier,209,Tosin,-12.0,-12.0,-12.0,0.0,0,0.0125,0.268,68.0,56.0,56.0,7.0,0.0,7.0
2022-23,FAIL,9,DEF,357,Trippier,484,Kilman,-12.0,-12.0,-12.0,0.0,0,0.016,0.2654,68.0,56.0,56.0,7.0,1.0,6.0
2022-23,FAIL,9,DEF,39,Mings,209,Tosin,-13.0,-12.0,-12.0,1.0,0,0.5632,0.0805,68.0,55.0,56.0,6.0,0.0,6.0
2022-23,FAIL,9,DEF,39,Mings,484,Kilman,-13.0,-12.0,-12.0,1.0,0,0.5668,0.0779,68.0,55.0,56.0,6.0,1.0,5.0
2022-23,FAIL,9,FWD,262,Iheanacho,356,Wilson,-13.0,-12.0,-12.0,1.0,0,0.569,0.1606,68.0,55.0,56.0,0.0,6.0,-6.0
2022-23,FAIL,11,FWD,40,Watkins,617,Aubameyang,0.0,0.0,0.0,0.0,0,0.0173,0.1028,22.0,22.0,22.0,2.0,1.0,1.0
2022-23,FAIL,11,DEF,538,Young,209,Tosin,-1.0,0.0,0.0,1.0,0,0.1042,0.0026,22.0,21.0,22.0,1.0,0.0,1.0
2022-23,FAIL,12,MID,261,Maddison,333,Fernandes,-28.0,-23.0,-23.0,5.0,0,0.5866,0.3174,67.0,39.0,44.0,0.0,11.0,-11.0
2022-23,FAIL,12,MID,264,Barnes,680,Gakpo,-14.0,-23.0,-23.0,-9.0,0,0.7976,0.4924,67.0,53.0,44.0,8.0,0.0,8.0
2022-23,FAIL,12,MID,264,Barnes,333,Fernandes,-20.0,-23.0,-23.0,-3.0,0,0.632,0.4343,67.0,47.0,44.0,8.0,11.0,-3.0
2022-23,FAIL,12,MID,465,Bowen,333,Fernandes,-28.0,-23.0,-23.0,5.0,0,0.9037,0.3586,67.0,39.0,44.0,0.0,11.0,-11.0
2022-23,FAIL,12,DEF,366,Schär,377,Botman,-23.0,-23.0,-23.0,0.0,0,1.1775,0.2948,67.0,44.0,44.0,5.0,7.0,-2.0
2022-23,FAIL,12,DEF,84,Ajer,342,Dalot,-28.0,-23.0,-23.0,5.0,0,1.2224,0.5318,67.0,39.0,44.0,0.0,6.0,-6.0
2022-23,FAIL,12,DEF,84,Ajer,377,Botman,-28.0,-23.0,-23.0,5.0,0,1.2148,0.5071,67.0,39.0,44.0,0.0,7.0,-7.0
2022-23,FAIL,13,FWD,288,Diogo Jota,617,Aubameyang,0.0,-33.0,-33.0,-33.0,1,1.2818,0.333,58.0,58.0,25.0,0.0,2.0,-2.0
2022-23,FAIL,13,FWD,288,Diogo Jota,318,Haaland,-11.0,-33.0,-33.0,-22.0,1,1.8242,0.8754,58.0,47.0,25.0,0.0,13.0,-13.0
2022-23,FAIL,13,FWD,166,Edouard,617,Aubameyang,2.0,-33.0,-33.0,-35.0,1,1.9953,0.7758,58.0,60.0,25.0,2.0,2.0,0.0
2022-23,FAIL,13,FWD,166,Edouard,318,Haaland,-9.0,-33.0,-33.0,-24.0,1,2.5377,1.3182,58.0,49.0,25.0,2.0,13.0,-11.0
2022-23,FAIL,13,DEF,141,Chalobah,475,Coady,-2.0,-33.0,-33.0,-31.0,1,1.3233,0.2788,58.0,56.0,25.0,2.0,6.0,-4.0
2022-23,FAIL,14,FWD,166,Edouard,66,Solanke,3.0,5.0,5.0,2.0,0,1.8685,0.0586,48.0,51.0,53.0,6.0,2.0,4.0
2022-23,FAIL,14,FWD,166,Edouard,427,Kane,11.0,5.0,5.0,-6.0,0,2.1676,0.2215,48.0,59.0,53.0,6.0,1.0,5.0
2022-23,FAIL,14,DEF,257,Amartey,576,Senesi,11.0,5.0,5.0,-6.0,0,1.9189,0.0414,48.0,59.0,53.0,2.0,1.0,1.0
2022-23,FAIL,14,DEF,257,Amartey,342,Dalot,3.0,5.0,5.0,2.0,0,1.8925,0.0105,48.0,51.0,53.0,2.0,9.0,-7.0
2022-23,FAIL,14,DEF,39,Mings,576,Senesi,11.0,5.0,5.0,-6.0,0,1.9661,0.1006,48.0,59.0,53.0,0.0,1.0,-1.0
2022-23,FAIL,14,DEF,39,Mings,342,Dalot,3.0,5.0,5.0,2.0,0,1.9397,0.0696,48.0,51.0,53.0,0.0,9.0,-9.0
2022-23,FAIL,14,MID,261,Maddison,680,Gakpo,5.0,5.0,5.0,0.0,0,1.5387,0.3906,48.0,53.0,53.0,2.0,0.0,2.0
2022-23,FAIL,14,MID,261,Maddison,169,Eze,2.0,5.0,5.0,3.0,1,1.5059,0.2111,48.0,50.0,53.0,2.0,3.0,-1.0
2022-23,FAIL,14,MID,374,Bruno Guimarães,680,Gakpo,6.0,5.0,5.0,-1.0,0,1.5672,0.4727,48.0,54.0,53.0,3.0,0.0,3.0
2022-23,FAIL,14,MID,374,Bruno Guimarães,169,Eze,3.0,5.0,5.0,2.0,0,1.5344,0.2931,48.0,51.0,53.0,3.0,3.0,0.0
2022-23,FAIL,14,MID,374,Bruno Guimarães,369,Almirón,5.0,5.0,5.0,0.0,0,1.3814,0.3092,48.0,53.0,53.0,3.0,12.0,-9.0
2022-23,FAIL,14,GKP,518,Hennessey,2,Leno,3.0,5.0,5.0,2.0,0,1.977,0.0916,48.0,51.0,53.0,0.0,10.0,-10.0
2022-23,FAIL,15,FWD,288,Diogo Jota,427,Kane,-4.0,-2.0,-2.0,2.0,0,0.7499,0.2925,40.0,36.0,38.0,0.0,8.0,-8.0
2022-23,FAIL,15,FWD,166,Edouard,66,Solanke,4.0,-2.0,-2.0,-6.0,1,1.1574,0.0614,40.0,44.0,38.0,0.0,6.0,-6.0
2022-23,FAIL,15,FWD,166,Edouard,427,Kane,2.0,-2.0,-2.0,-4.0,1,1.6857,0.449,40.0,42.0,38.0,0.0,8.0,-8.0
2022-23,FAIL,15,DEF,39,Mings,516,Collins,5.0,-2.0,-2.0,-7.0,1,1.2574,0.2211,40.0,45.0,38.0,1.0,0.0,1.0
2022-23,FAIL,15,DEF,39,Mings,461,Zouma,4.0,-2.0,-2.0,-6.0,1,1.1518,0.1559,40.0,44.0,38.0,1.0,1.0,0.0
2022-23,FAIL,15,DEF,39,Mings,475,Coady,4.0,-2.0,-2.0,-6.0,1,1.13,0.0936,40.0,44.0,38.0,1.0,1.0,0.0
2022-23,FAIL,15,DEF,141,Chalobah,475,Coady,4.0,-2.0,-2.0,-6.0,1,0.8146,0.1278,40.0,44.0,38.0,1.0,1.0,0.0
2022-23,FAIL,15,DEF,538,Young,516,Collins,5.0,-2.0,-2.0,-7.0,1,1.1409,0.1788,40.0,45.0,38.0,1.0,0.0,1.0
2022-23,FAIL,15,DEF,538,Young,461,Zouma,4.0,-2.0,-2.0,-6.0,1,1.0353,0.1137,40.0,44.0,38.0,1.0,1.0,0.0
2022-23,FAIL,15,DEF,538,Young,475,Coady,4.0,-2.0,-2.0,-6.0,1,1.0135,0.0514,40.0,44.0,38.0,1.0,1.0,0.0
2022-23,FAIL,16,MID,464,Benrahma,680,Gakpo,-1.0,-5.0,-5.0,-4.0,1,0.6733,0.566,38.0,37.0,33.0,2.0,0.0,2.0
2022-23,FAIL,16,MID,464,Benrahma,614,Willian,-3.0,-5.0,-5.0,-2.0,0,0.6289,0.5217,38.0,35.0,33.0,2.0,2.0,0.0
2022-23,FAIL,16,MID,374,Bruno Guimarães,680,Gakpo,0.0,-5.0,-5.0,-5.0,1,0.6891,0.5181,38.0,38.0,33.0,3.0,0.0,3.0
2022-23,FAIL,16,MID,374,Bruno Guimarães,614,Willian,-2.0,-5.0,-5.0,-3.0,1,0.6448,0.4738,38.0,36.0,33.0,3.0,2.0,1.0
2022-23,FAIL,17,DEF,16,Gabriel,342,Dalot,2.0,0.0,0.0,-2.0,0,0.8195,0.1556,56.0,58.0,56.0,2.0,0.0,2.0
2022-23,FAIL,17,DEF,141,Chalobah,257,Amartey,0.0,0.0,0.0,0.0,0,0.824,0.4059,56.0,56.0,56.0,1.0,1.0,0.0
2022-23,FAIL,17,DEF,141,Chalobah,342,Dalot,1.0,0.0,0.0,-1.0,0,0.8518,0.4903,56.0,57.0,56.0,1.0,0.0,1.0
2022-23,FAIL,17,MID,42,Buendía,614,Willian,-3.0,0.0,0.0,3.0,0,0.6279,0.1386,56.0,53.0,56.0,2.0,6.0,-4.0
2022-23,FAIL,17,MID,42,Buendía,519,Eriksen,-3.0,0.0,0.0,3.0,0,0.6297,0.1404,56.0,53.0,56.0,2.0,5.0,-3.0
2022-23,FAIL,17,MID,171,Olise,614,Willian,-3.0,0.0,0.0,3.0,0,0.41,0.1999,56.0,53.0,56.0,2.0,6.0,-4.0
2022-23,FAIL,17,MID,171,Olise,519,Eriksen,-3.0,0.0,0.0,3.0,0,0.4118,0.2017,56.0,53.0,56.0,2.0,5.0,-3.0
2022-23,FAIL,18,FWD,288,Diogo Jota,427,Kane,1.0,4.0,4.0,3.0,1,1.345,0.1603,37.0,38.0,41.0,0.0,2.0,-2.0
2022-23,FAIL,18,MID,300,Gündogan,680,Gakpo,4.0,4.0,4.0,0.0,0,0.8096,0.2296,37.0,41.0,41.0,1.0,0.0,1.0
2022-23,FAIL,18,MID,464,Benrahma,680,Gakpo,5.0,4.0,4.0,-1.0,0,0.9057,0.5344,37.0,42.0,41.0,2.0,0.0,2.0
2022-23,FAIL,18,MID,464,Benrahma,369,Almirón,-1.0,4.0,4.0,5.0,1,0.6359,0.2777,37.0,36.0,41.0,2.0,3.0,-1.0
2022-23,FAIL,19,GKP,518,Hennessey,81,Raya,-1.0,0.0,0.0,1.0,0,0.5094,0.2772,66.0,65.0,66.0,0.0,3.0,-3.0
2022-23,FAIL,20,DEF,595,Zanka,302,Stones,-3.0,-3.0,-3.0,0.0,0,2.2151,2.3542,62.0,59.0,59.0,1.0,1.0,0.0
2022-23,FAIL,20,DEF,595,Zanka,628,Aurier,-3.0,-3.0,-3.0,0.0,0,0.1918,0.05,62.0,59.0,59.0,1.0,8.0,-7.0
2022-23,FAIL,20,DEF,595,Zanka,92,Pinnock,-3.0,-3.0,-3.0,0.0,0,0.1837,0.0372,62.0,59.0,59.0,1.0,6.0,-5.0
2022-23,FAIL,20,FWD,619,Gnonto,11,Nketiah,-3.0,-3.0,-3.0,0.0,0,0.3308,0.0467,62.0,59.0,59.0,2.0,2.0,0.0
2022-23,FAIL,21,DEF,16,Gabriel,302,Stones,-3.0,3.0,3.0,6.0,1,0.6966,0.2401,69.0,66.0,72.0,1.0,8.0,-7.0
2022-23,FAIL,21,DEF,222,Ayling,302,Stones,4.0,3.0,3.0,-1.0,0,0.6047,0.4453,69.0,73.0,72.0,8.0,8.0,0.0
2022-23,FAIL,21,MID,171,Olise,680,Gakpo,1.0,3.0,3.0,2.0,1,0.4699,0.3823,69.0,70.0,72.0,0.0,3.0,-3.0
2022-23,FAIL,21,MID,171,Olise,335,Rashford,-3.0,3.0,3.0,6.0,1,0.4393,0.2932,69.0,66.0,72.0,0.0,7.0,-7.0
2022-23,FAIL,21,MID,171,Olise,283,Salah,1.0,3.0,3.0,2.0,1,0.7001,0.4565,69.0,70.0,72.0,0.0,3.0,-3.0
2022-23,FAIL,21,MID,278,Chamberlain,680,Gakpo,1.0,3.0,3.0,2.0,1,0.3618,0.5808,69.0,70.0,72.0,0.0,3.0,-3.0
2022-23,FAIL,21,MID,278,Chamberlain,283,Salah,1.0,3.0,3.0,2.0,1,0.592,0.6551,69.0,70.0,72.0,0.0,3.0,-3.0
2022-23,FAIL,22,DEF,92,Pinnock,448,Perišić,0.0,-1.0,-1.0,-1.0,1,0.2317,0.001,81.0,81.0,80.0,6.0,5.0,1.0
2022-23,FAIL,22,MID,135,Ziyech,699,Mudryk,-1.0,-1.0,-1.0,0.0,0,0.0176,0.5179,81.0,80.0,80.0,1.0,1.0,0.0
2022-23,FAIL,22,MID,135,Ziyech,7,Ødegaard,-1.0,-1.0,-1.0,0.0,0,0.0433,0.5379,81.0,80.0,80.0,1.0,2.0,-1.0
2022-23,FAIL,23,DEF,257,Amartey,73,Kelly,0.0,-11.0,-11.0,-11.0,1,0.6165,0.0101,90.0,90.0,79.0,0.0,0.0,0.0
2022-23,FAIL,23,DEF,257,Amartey,16,Gabriel,3.0,-11.0,-11.0,-14.0,1,2.8496,2.2433,90.0,93.0,79.0,0.0,3.0,-3.0
2022-23,FAIL,23,DEF,257,Amartey,470,Diop,0.0,-11.0,-11.0,-11.0,1,0.6261,0.0197,90.0,90.0,79.0,0.0,6.0,-6.0
2022-23,FAIL,23,DEF,463,Coufal,73,Kelly,0.0,-11.0,-11.0,-11.0,1,0.6254,0.0295,90.0,90.0,79.0,1.0,0.0,1.0
2022-23,FAIL,23,DEF,463,Coufal,16,Gabriel,3.0,-11.0,-11.0,-14.0,1,2.8586,2.2627,90.0,93.0,79.0,1.0,3.0,-2.0
2022-23,FAIL,23,DEF,463,Coufal,470,Diop,0.0,-11.0,-11.0,-11.0,1,0.635,0.0391,90.0,90.0,79.0,1.0,6.0,-5.0
2022-23,FAIL,23,DEF,222,Ayling,16,Gabriel,-2.0,-11.0,-11.0,-9.0,1,2.5547,2.2507,90.0,88.0,79.0,1.0,3.0,-2.0
2022-23,FAIL,23,MID,171,Olise,335,Rashford,-6.0,-11.0,-11.0,-5.0,0,0.6567,0.3534,90.0,84.0,79.0,2.0,8.0,-6.0
2022-23,FAIL,24,MID,42,Buendía,7,Ødegaard,-9.0,-20.0,-20.0,-11.0,1,0.9579,0.189,55.0,46.0,35.0,2.0,8.0,-6.0
2022-23,FAIL,24,MID,42,Buendía,333,Fernandes,-13.0,-20.0,-20.0,-7.0,0,0.9716,0.2028,55.0,42.0,35.0,2.0,12.0,-10.0
2022-23,FAIL,24,MID,446,Kulusevski,333,Fernandes,-12.0,-20.0,-20.0,-8.0,0,0.4559,0.0884,55.0,43.0,35.0,3.0,12.0,-9.0
2022-23,FAIL,25,DEF,222,Ayling,285,Alexander-Arnold,-9.0,-12.0,-12.0,-3.0,0,2.7639,1.967,89.0,80.0,77.0,6.0,13.0,-7.0
2022-23,FAIL,26,FWD,262,Iheanacho,318,Haaland,-2.0,-15.0,-15.0,-13.0,1,0.5461,0.4111,68.0,66.0,53.0,2.0,4.0,-2.0
2022-23,FAIL,26,FWD,394,Johnson,318,Haaland,3.0,-15.0,-15.0,-18.0,1,1.3313,0.6823,68.0,71.0,53.0,13.0,4.0,9.0
2022-23,FAIL,27,FWD,11,Nketiah,427,Kane,0.0,2.0,2.0,2.0,1,0.1436,0.0247,75.0,75.0,77.0,0.0,13.0,-13.0
2022-23,FAIL,27,FWD,11,Nketiah,95,Mbeumo,2.0,2.0,2.0,0.0,0,0.7137,0.5948,75.0,77.0,77.0,0.0,4.0,-4.0
2022-23,FAIL,27,FWD,262,Iheanacho,427,Kane,0.0,2.0,2.0,2.0,1,0.0743,0.0077,75.0,75.0,77.0,2.0,13.0,-11.0
2022-23,FAIL,27,FWD,262,Iheanacho,95,Mbeumo,-2.0,2.0,2.0,4.0,1,0.2869,0.873,75.0,73.0,77.0,2.0,4.0,-2.0
2022-23,FAIL,28,MID,45,Bailey,233,Harrison,0.0,0.0,0.0,0.0,0,0.0,0.0218,41.0,41.0,41.0,6.0,9.0,-3.0
2022-23,FAIL,29,DEF,256,Ricardo,342,Dalot,8.0,-4.0,-4.0,-12.0,1,0.1651,0.7898,81.0,89.0,77.0,8.0,7.0,1.0
2022-23,FAIL,29,MID,464,Benrahma,233,Harrison,-10.0,-4.0,-4.0,6.0,0,0.3347,0.3135,81.0,71.0,77.0,5.0,10.0,-5.0
2022-23,FAIL,30,DEF,256,Ricardo,280,Van Dijk,1.0,1.0,1.0,0.0,0,0.1292,0.5885,49.0,50.0,50.0,1.0,0.0,1.0
2022-23,FAIL,30,DEF,256,Ricardo,92,Pinnock,1.0,1.0,1.0,0.0,0,0.0973,0.5566,49.0,50.0,50.0,1.0,1.0,0.0
2022-23,FAIL,30,DEF,180,Keane,280,Van Dijk,5.0,1.0,1.0,-4.0,0,0.383,0.1516,49.0,54.0,50.0,1.0,0.0,1.0
2022-23,FAIL,30,DEF,180,Keane,92,Pinnock,0.0,1.0,1.0,1.0,1,0.2714,0.04,49.0,49.0,50.0,1.0,1.0,0.0
2022-23,FAIL,32,MID,88,Jensen,233,Harrison,0.0,11.0,11.0,11.0,1,0.2774,0.0197,57.0,57.0,68.0,2.0,2.0,0.0
2022-23,FAIL,33,FWD,288,Diogo Jota,427,Kane,-10.0,-20.0,-20.0,-10.0,0,0.178,0.5667,94.0,84.0,74.0,1.0,11.0,-10.0
2022-23,FAIL,33,DEF,199,Tarkowski,461,Zouma,0.0,-20.0,-20.0,-20.0,1,0.136,0.0056,94.0,94.0,74.0,0.0,1.0,-1.0
2022-23,FAIL,33,DEF,199,Tarkowski,222,Ayling,0.0,-20.0,-20.0,-20.0,1,0.1417,0.0084,94.0,94.0,74.0,0.0,1.0,-1.0
2022-23,FAIL,36,DEF,16,Gabriel,366,Schär,-2.0,18.0,18.0,20.0,1,2.3025,2.26,63.0,61.0,81.0,1.0,2.0,-1.0
2022-23,FAIL,36,DEF,39,Mings,366,Schär,-2.0,18.0,18.0,20.0,1,2.3225,2.2799,63.0,61.0,81.0,2.0,2.0,0.0
2023-24,PASS,1,MID,294,Diogo J.,396,Rashford,-2.0,-3.0,-3.0,-1.0,0,0.8745,0.4886,47.0,45.0,44.0,1.0,3.0,-2.0
2023-24,PASS,1,MID,294,Diogo J.,14,Ødegaard,-1.0,-3.0,-3.0,-2.0,1,0.5732,0.4044,47.0,46.0,44.0,1.0,2.0,-1.0
2023-24,PASS,1,MID,26,Trossard,396,Rashford,-2.0,-3.0,-3.0,-1.0,0,1.198,0.4421,47.0,45.0,44.0,1.0,3.0,-2.0
2023-24,PASS,1,MID,26,Trossard,14,Ødegaard,-1.0,-3.0,-3.0,-2.0,1,0.8967,0.358,47.0,46.0,44.0,1.0,2.0,-1.0
2023-24,PASS,1,DEF,245,Branthwaite,834,Arthur,0.0,-3.0,-3.0,-3.0,1,1.3369,0.009,47.0,47.0,44.0,0.0,0.0,0.0
2023-24,PASS,1,DEF,245,Branthwaite,845,Offiah,0.0,-3.0,-3.0,-3.0,1,1.3367,0.0088,47.0,47.0,44.0,0.0,0.0,0.0
2023-24,PASS,2,DEF,366,Sergio Gómez,368,Stones,9.0,9.0,9.0,0.0,0,1.4357,0.4793,26.0,35.0,35.0,0.0,0.0,0.0
2023-24,PASS,2,FWD,232,Mateta,355,Haaland,7.0,9.0,9.0,2.0,0,2.5067,1.919,26.0,33.0,35.0,0.0,2.0,-2.0
2023-24,PASS,2,FWD,433,Wilson,355,Haaland,2.0,9.0,9.0,7.0,1,1.7303,1.2749,26.0,28.0,35.0,1.0,2.0,-1.0
2023-24,PASS,3,DEF,766,Kambwala,198,Cucurella,10.0,14.0,14.0,4.0,0,2.8719,0.9389,25.0,35.0,39.0,0.0,0.0,0.0
2023-24,PASS,3,DEF,766,Kambwala,204,Hall,10.0,14.0,14.0,4.0,0,2.0025,0.06,25.0,35.0,39.0,0.0,0.0,0.0
2023-24,PASS,3,FWD,232,Mateta,355,Haaland,6.0,14.0,14.0,8.0,1,2.906,1.3091,25.0,31.0,39.0,1.0,4.0,-3.0
2023-24,PASS,3,FWD,232,Mateta,8,G.Jesus,9.0,14.0,14.0,5.0,0,2.7772,0.8561,25.0,34.0,39.0,1.0,1.0,0.0
2023-24,PASS,3,FWD,433,Wilson,355,Haaland,7.0,14.0,14.0,7.0,0,1.6247,0.554,25.0,32.0,39.0,1.0,4.0,-3.0
2023-24,PASS,3,FWD,433,Wilson,8,G.Jesus,10.0,14.0,14.0,4.0,0,1.4958,0.101,25.0,35.0,39.0,1.0,1.0,0.0
2023-24,PASS,4,DEF,307,Robertson,290,Alexander-Arnold,1.0,8.0,8.0,7.0,1,0.2897,0.0124,15.0,16.0,23.0,6.0,12.0,-6.0
2023-24,PASS,4,DEF,430,Trippier,290,Alexander-Arnold,1.0,8.0,8.0,7.0,1,0.3204,0.0237,15.0,16.0,23.0,1.0,12.0,-11.0
2023-24,PASS,5,DEF,42,Digne,439,Boly,1.0,7.0,7.0,6.0,1,1.6106,0.0658,34.0,35.0,41.0,5.0,0.0,5.0
2023-24,PASS,5,MID,294,Diogo J.,396,Rashford,-3.0,7.0,7.0,10.0,1,1.3262,0.516,34.0,31.0,41.0,1.0,2.0,-1.0
2023-24,PASS,5,MID,526,Bowen,396,Rashford,-2.0,7.0,7.0,9.0,1,1.525,0.222,34.0,32.0,41.0,2.0,2.0,0.0
2023-24,PASS,5,MID,526,Bowen,504,Maddison,-1.0,7.0,7.0,8.0,1,1.4786,0.329,34.0,33.0,41.0,2.0,1.0,1.0
2023-24,PASS,5,FWD,523,Antonio,355,Haaland,-6.0,7.0,7.0,13.0,1,2.4769,1.1566,34.0,28.0,41.0,2.0,6.0,-4.0
2023-24,PASS,5,FWD,523,Antonio,85,Solanke,-2.0,7.0,7.0,9.0,1,1.7479,0.1119,34.0,32.0,41.0,2.0,2.0,0.0
2023-24,PASS,5,FWD,13,Nketiah,355,Haaland,-6.0,7.0,7.0,13.0,1,2.2178,1.7061,34.0,28.0,41.0,2.0,6.0,-4.0
2023-24,PASS,5,FWD,13,Nketiah,85,Solanke,-2.0,7.0,7.0,9.0,1,1.7083,0.133,34.0,32.0,41.0,2.0,2.0,0.0
2023-24,PASS,6,MID,513,Sarr,664,Ward-Prowse,3.0,12.0,12.0,9.0,1,0.8534,0.7992,47.0,50.0,59.0,1.0,2.0,-1.0
2023-24,PASS,6,MID,513,Sarr,349,De Bruyne,5.0,12.0,12.0,7.0,1,1.4737,1.4194,47.0,52.0,59.0,1.0,0.0,1.0
2023-24,PASS,6,MID,226,Eze,349,De Bruyne,7.0,12.0,12.0,5.0,0,1.0857,0.654,47.0,54.0,59.0,3.0,0.0,3.0
2023-24,PASS,7,FWD,433,Wilson,355,Haaland,-2.0,-5.0,-5.0,-3.0,1,0.9681,0.8884,64.0,62.0,59.0,0.0,2.0,-2.0
2023-24,PASS,7,DEF,245,Branthwaite,544,Zouma,-14.0,-5.0,-5.0,9.0,0,0.5763,0.3871,64.0,50.0,59.0,1.0,7.0,-6.0
2023-24,PASS,7,DEF,245,Branthwaite,563,Kilman,-14.0,-5.0,-5.0,9.0,0,0.5668,0.3835,64.0,50.0,59.0,1.0,2.0,-1.0
2023-24,PASS,7,DEF,245,Branthwaite,220,Andersen,-14.0,-5.0,-5.0,9.0,0,0.6035,0.4101,64.0,50.0,59.0,1.0,15.0,-14.0
2023-24,PASS,7,DEF,506,Pedro Porro,220,Andersen,-8.0,-5.0,-5.0,3.0,0,0.4419,0.2615,64.0,56.0,59.0,7.0,15.0,-8.0
2023-24,PASS,8,GKP,361,Ortega Moreno,482,Foderingham,7.0,8.0,8.0,1.0,0,0.7161,0.1092,59.0,66.0,67.0,0.0,0.0,0.0
2023-24,PASS,8,FWD,13,Nketiah,326,Morris,8.0,8.0,8.0,0.0,0,0.3833,0.7598,59.0,67.0,67.0,2.0,1.0,1.0
2023-24,PASS,8,DEF,245,Branthwaite,281,Ream,7.0,8.0,8.0,1.0,0,0.6446,0.1319,59.0,66.0,67.0,6.0,2.0,4.0
2023-24,PASS,9,FWD,13,Nketiah,355,Haaland,-8.0,6.0,6.0,14.0,1,2.5233,2.2781,97.0,89.0,103.0,0.0,8.0,-8.0
2023-24,PASS,9,FWD,433,Wilson,355,Haaland,-2.0,6.0,6.0,8.0,1,1.764,1.3996,97.0,95.0,103.0,6.0,8.0,-2.0
2023-24,PASS,9,DEF,245,Branthwaite,584,Pau,-2.0,6.0,6.0,8.0,1,1.584,0.592,97.0,95.0,103.0,1.0,2.0,-1.0
2023-24,PASS,9,DEF,245,Branthwaite,471,Ahmedhodžić,0.0,6.0,6.0,6.0,1,1.0567,0.0648,97.0,97.0,103.0,1.0,0.0,1.0
2023-24,PASS,9,DEF,245,Branthwaite,220,Andersen,0.0,6.0,6.0,6.0,1,1.616,0.6628,97.0,97.0,103.0,1.0,0.0,1.0
2023-24,PASS,10,FWD,225,Edouard,355,Haaland,-14.0,-11.0,-11.0,3.0,0,1.0173,1.1824,68.0,54.0,57.0,2.0,16.0,-14.0
2023-24,PASS,10,FWD,60,Watkins,355,Haaland,-14.0,-11.0,-11.0,3.0,0,0.7607,0.7202,68.0,54.0,57.0,2.0,16.0,-14.0
2023-24,PASS,11,GKP,361,Ortega Moreno,482,Foderingham,1.0,14.0,14.0,13.0,1,0.6896,0.1196,21.0,22.0,35.0,0.0,2.0,-2.0
2023-24,PASS,11,MID,362,Palmer,504,Maddison,12.0,14.0,14.0,2.0,0,1.1863,0.616,21.0,33.0,35.0,12.0,1.0,11.0
2023-24,PASS,11,DEF,245,Branthwaite,265,Tarkowski,1.0,14.0,14.0,13.0,1,0.6132,0.5037,21.0,22.0,35.0,1.0,1.0,0.0
2023-24,PASS,11,DEF,245,Branthwaite,112,Pinnock,1.0,14.0,14.0,13.0,1,0.6805,0.5431,21.0,22.0,35.0,1.0,1.0,0.0
2023-24,PASS,11,DEF,245,Branthwaite,511,Romero,6.0,14.0,14.0,8.0,1,0.691,0.5769,21.0,27.0,35.0,1.0,-4.0,5.0
2023-24,PASS,12,DEF,245,Branthwaite,29,White,1.0,-13.0,-13.0,-14.0,1,0.8525,0.9567,81.0,82.0,68.0,1.0,0.0,1.0
2023-24,PASS,12,DEF,245,Branthwaite,703,Evans,0.0,-13.0,-13.0,-13.0,1,0.3119,0.0371,81.0,81.0,68.0,1.0,0.0,1.0
2023-24,PASS,12,FWD,60,Watkins,355,Haaland,-10.0,-13.0,-13.0,-3.0,0,0.8691,0.7476,81.0,71.0,68.0,6.0,16.0,-10.0
2023-24,PASS,13,FWD,246,Calvert-Lewin,343,J.Alvarez,0.0,2.0,2.0,2.0,1,0.5167,0.5118,35.0,35.0,37.0,2.0,2.0,0.0
2023-24,PASS,14,DEF,393,Mengi,465,Toffolo,0.0,-3.0,-3.0,-3.0,1,0.3518,0.0713,55.0,55.0,52.0,1.0,2.0,-1.0
2023-24,PASS,14,DEF,393,Mengi,173,O'Shea,0.0,-3.0,-3.0,-3.0,1,0.3283,0.0467,55.0,55.0,52.0,1.0,8.0,-7.0
2023-24,PASS,14,DEF,178,Taylor,465,Toffolo,0.0,-3.0,-3.0,-3.0,1,0.3547,0.0748,55.0,55.0,52.0,10.0,2.0,8.0
2023-24,PASS,14,DEF,178,Taylor,173,O'Shea,0.0,-3.0,-3.0,-3.0,1,0.3312,0.0503,55.0,55.0,52.0,10.0,8.0,2.0
2023-24,PASS,15,DEF,245,Branthwaite,377,Dalot,5.0,6.0,6.0,1.0,0,0.404,0.2981,39.0,44.0,45.0,6.0,1.0,5.0
2023-24,PASS,15,MID,382,Garnacho,43,Douglas Luiz,1.0,6.0,6.0,5.0,1,0.3417,0.9198,39.0,40.0,45.0,4.0,3.0,1.0
2023-24,PASS,16,DEF,27,Trusty,220,Andersen,5.0,4.0,4.0,-1.0,0,0.37,0.4255,69.0,74.0,73.0,5.0,0.0,5.0
2023-24,PASS,17,DEF,238,C.Richards,178,Taylor,0.0,0.0,0.0,0.0,0,0.0,0.0316,48.0,48.0,48.0,1.0,0.0,1.0
2023-24,PASS,18,FWD,590,Cunha,211,N.Jackson,0.0,1.0,1.0,1.0,1,0.1039,0.1519,50.0,50.0,51.0,1.0,1.0,0.0
2023-24,PASS,19,DEF,245,Branthwaite,265,Tarkowski,0.0,7.0,7.0,7.0,1,0.281,0.0361,26.0,26.0,33.0,0.0,1.0,-1.0
2023-24,PASS,19,DEF,245,Branthwaite,377,Dalot,0.0,7.0,7.0,7.0,1,0.2891,0.0488,26.0,26.0,33.0,0.0,1.0,-1.0
2023-24,PASS,19,MID,134,Gross,14,Ødegaard,0.0,7.0,7.0,7.0,1,0.4065,0.2464,26.0,26.0,33.0,2.0,2.0,0.0
2023-24,PASS,19,FWD,246,Calvert-Lewin,211,N.Jackson,-1.0,7.0,7.0,8.0,1,0.2713,0.314,26.0,25.0,33.0,1.0,2.0,-1.0
2023-24,PASS,20,DEF,191,B.Badiashile,313,Virgil,-1.0,5.0,5.0,6.0,1,0.447,0.5628,84.0,83.0,89.0,0.0,1.0,-1.0
2023-24,PASS,20,DEF,342,Aké,313,Virgil,5.0,5.0,5.0,0.0,0,0.1611,0.1531,84.0,89.0,89.0,6.0,1.0,5.0
2023-24,PASS,20,DEF,286,Tosin,313,Virgil,1.0,5.0,5.0,4.0,1,0.6536,0.4949,84.0,85.0,89.0,2.0,1.0,1.0
2023-24,PASS,21,MID,236,Olise,134,Gross,-3.0,-3.0,-3.0,0.0,0,0.0091,0.1028,29.0,26.0,26.0,0.0,3.0,-3.0
2023-24,PASS,23,MID,382,Garnacho,107,Lewis-Potter,0.0,0.0,0.0,0.0,0,-0.0,0.0023,28.0,28.0,28.0,16.0,1.0,15.0
2023-24,PASS,23,DEF,31,Zinchenko,506,Pedro Porro,0.0,0.0,0.0,0.0,0,0.0804,0.0862,28.0,28.0,28.0,1.0,1.0,0.0
2023-24,PASS,24,DEF,321,Doughty,220,Andersen,-2.0,7.0,7.0,9.0,1,0.6538,0.0671,36.0,34.0,43.0,1.0,1.0,0.0
2023-24,PASS,24,DEF,238,C.Richards,220,Andersen,-3.0,7.0,7.0,10.0,1,1.0848,0.512,36.0,33.0,43.0,1.0,1.0,0.0
2023-24,PASS,24,DEF,238,C.Richards,286,Tosin,-2.0,7.0,7.0,9.0,1,0.6519,0.0939,36.0,34.0,43.0,1.0,0.0,1.0
2023-24,PASS,24,MID,43,Douglas Luiz,526,Bowen,-2.0,7.0,7.0,9.0,1,0.8342,0.2475,36.0,34.0,43.0,10.0,2.0,8.0
2023-24,PASS,24,MID,43,Douglas Luiz,664,Ward-Prowse,-2.0,7.0,7.0,9.0,1,0.6413,0.0546,36.0,34.0,43.0,10.0,2.0,8.0
2023-24,PASS,29,FWD,117,Toney,200,D.D.Fofana,0.0,0.0,0.0,0.0,0,0.0,0.0167,31.0,31.0,31.0,1.0,8.0,-7.0
2023-24,PASS,31,DEF,90,Ajer,114,Roerslev,0.0,0.0,0.0,0.0,0,-0.0,0.0049,63.0,63.0,63.0,6.0,6.0,0.0
2024-25,PASS,1,FWD,129,João Pedro,58,Watkins,0.0,8.0,8.0,8.0,1,1.3094,1.1289,43.0,43.0,51.0,2.0,2.0,0.0
2024-25,PASS,1,DEF,303,Souttar,3,Gabriel,-6.0,8.0,8.0,14.0,1,2.0247,1.087,43.0,37.0,51.0,0.0,6.0,-6.0
2024-25,PASS,1,DEF,303,Souttar,658,Heaven,0.0,8.0,8.0,8.0,1,0.9183,0.0061,43.0,43.0,51.0,0.0,0.0,0.0
2024-25,PASS,1,DEF,495,Pedro Porro,3,Gabriel,3.0,8.0,8.0,5.0,1,0.9215,0.2939,43.0,46.0,51.0,9.0,6.0,3.0
2024-25,PASS,1,MID,23,Trossard,503,Son,-1.0,8.0,8.0,9.0,1,1.0229,0.7476,43.0,42.0,51.0,1.0,2.0,-1.0
2024-25,PASS,1,MID,317,Diogo J.,503,Son,6.0,8.0,8.0,2.0,0,0.9986,0.8899,43.0,49.0,51.0,8.0,2.0,6.0
2024-25,PASS,2,MID,743,McKenna,360,Rodrigo,0.0,8.0,8.0,8.0,1,1.952,1.2111,48.0,48.0,56.0,0.0,0.0,0.0
2024-25,PASS,2,MID,743,McKenna,751,Pereira,0.0,8.0,8.0,8.0,1,0.7458,0.0009,48.0,48.0,56.0,0.0,0.0,0.0
2024-25,PASS,2,DEF,715,Godfrey,322,Gomez,0.0,8.0,8.0,8.0,1,0.9292,0.1837,48.0,48.0,56.0,0.0,0.0,0.0
2024-25,PASS,2,GKP,445,Turner,91,Flekken,0.0,8.0,8.0,8.0,1,0.786,0.046,48.0,48.0,56.0,0.0,3.0,-3.0
2024-25,PASS,3,FWD,401,Isak,58,Watkins,4.0,-10.0,-10.0,-14.0,1,0.2794,0.2144,52.0,56.0,42.0,9.0,5.0,4.0
2024-25,PASS,3,FWD,401,Isak,351,Haaland,-8.0,-10.0,-10.0,-2.0,0,1.2812,1.2908,52.0,44.0,42.0,9.0,17.0,-8.0
2024-25,PASS,3,FWD,306,Vardy,58,Watkins,-4.0,-10.0,-10.0,-6.0,1,1.0745,1.0088,52.0,48.0,42.0,1.0,5.0,-4.0
2024-25,PASS,3,FWD,306,Vardy,351,Haaland,-16.0,-10.0,-10.0,6.0,0,2.0763,2.0852,52.0,36.0,42.0,1.0,17.0,-16.0
2024-25,PASS,4,MID,491,Johnson,636,Chiesa,-8.0,-8.0,-8.0,0.0,0,1.7556,0.8528,13.0,5.0,5.0,2.0,0.0,2.0
2024-25,PASS,4,DEF,495,Pedro Porro,311,Alexander-Arnold,-10.0,-8.0,-8.0,2.0,0,1.6702,0.0284,13.0,3.0,5.0,2.0,1.0,1.0
2024-25,PASS,5,DEF,291,Faes,326,Konaté,-7.0,11.0,11.0,18.0,1,1.5234,0.0897,51.0,44.0,62.0,2.0,8.0,-6.0
2024-25,PASS,5,DEF,291,Faes,472,Stephens,-7.0,11.0,11.0,18.0,1,1.4816,0.0646,51.0,44.0,62.0,2.0,0.0,2.0
2024-25,PASS,5,MID,491,Johnson,366,B.Fernandes,-3.0,11.0,11.0,14.0,1,1.3898,0.8134,51.0,48.0,62.0,7.0,3.0,4.0
2024-25,PASS,5,MID,491,Johnson,345,De Bruyne,0.0,11.0,11.0,11.0,1,1.6774,0.9848,51.0,51.0,62.0,7.0,0.0,7.0
2024-25,PASS,5,FWD,447,Wood,207,Mateta,0.0,11.0,11.0,11.0,1,1.4908,0.3794,51.0,51.0,62.0,8.0,1.0,7.0
2024-25,PASS,6,DEF,228,Keane,282,Tuanzebe,23.0,20.0,20.0,-3.0,0,0.9263,0.0029,55.0,78.0,75.0,0.0,0.0,0.0
2024-25,PASS,6,DEF,228,Keane,88,Collins,21.0,20.0,20.0,-1.0,0,1.0594,0.2626,55.0,76.0,75.0,0.0,2.0,-2.0
2024-25,PASS,6,DEF,533,Aït-Nouri,88,Collins,30.0,20.0,20.0,-10.0,0,0.8711,0.0679,55.0,85.0,75.0,9.0,2.0,7.0
2024-25,PASS,6,MID,71,Kluivert,199,Eze,22.0,20.0,20.0,-2.0,0,0.9446,0.2503,55.0,77.0,75.0,1.0,2.0,-1.0
2024-25,PASS,6,MID,239,Adama,199,Eze,24.0,20.0,20.0,-4.0,0,1.0682,0.7198,55.0,79.0,75.0,3.0,2.0,1.0
2024-25,PASS,6,GKP,396,Dúbravka,91,Flekken,23.0,20.0,20.0,-3.0,0,0.9993,0.0388,55.0,78.0,75.0,0.0,2.0,-2.0
2024-25,PASS,6,FWD,447,Wood,58,Watkins,14.0,20.0,20.0,6.0,0,0.436,0.1404,55.0,69.0,75.0,2.0,11.0,-9.0
2024-25,PASS,7,DEF,228,Keane,291,Faes,4.0,-1.0,-1.0,-5.0,1,0.4154,0.0086,57.0,61.0,56.0,6.0,6.0,0.0
2024-25,PASS,7,DEF,228,Keane,369,Dalot,4.0,-1.0,-1.0,-5.0,1,0.5484,0.3861,57.0,61.0,56.0,6.0,6.0,0.0
2024-25,PASS,7,DEF,301,Okoli,291,Faes,4.0,-1.0,-1.0,-5.0,1,0.4517,0.0002,57.0,61.0,56.0,7.0,6.0,1.0
2024-25,PASS,7,DEF,301,Okoli,369,Dalot,-1.0,-1.0,-1.0,0.0,0,0.7596,0.2692,57.0,56.0,56.0,7.0,6.0,1.0
2024-25,PASS,7,FWD,306,Vardy,58,Watkins,4.0,-1.0,-1.0,-5.0,1,0.6508,0.9314,57.0,61.0,56.0,2.0,2.0,0.0
2024-25,PASS,7,GKP,445,Turner,522,Foderingham,4.0,-1.0,-1.0,-5.0,1,0.5212,0.077,57.0,61.0,56.0,0.0,0.0,0.0
2024-25,PASS,8,MID,491,Johnson,17,Saka,2.0,2.0,2.0,0.0,0,1.1644,0.6987,46.0,48.0,48.0,2.0,0.0,2.0
2024-25,PASS,8,MID,239,Adama,17,Saka,2.0,2.0,2.0,0.0,0,1.4517,0.9011,46.0,48.0,48.0,2.0,0.0,2.0
2024-25,PASS,8,FWD,316,Darwin,58,Watkins,-7.0,2.0,2.0,9.0,1,1.238,0.8557,46.0,39.0,48.0,1.0,8.0,-7.0
2024-25,PASS,8,FWD,447,Wood,58,Watkins,-1.0,2.0,2.0,3.0,1,1.0761,0.2626,46.0,45.0,48.0,7.0,8.0,-1.0
2024-25,PASS,8,FWD,447,Wood,541,Cunha,5.0,2.0,2.0,-3.0,0,0.9976,0.0781,46.0,51.0,48.0,7.0,2.0,5.0
2024-25,PASS,9,DEF,338,Van den Berg,88,Collins,4.0,10.0,10.0,6.0,1,0.3671,0.3073,69.0,73.0,79.0,1.0,1.0,0.0
2024-25,PASS,9,DEF,338,Van den Berg,291,Faes,4.0,10.0,10.0,6.0,1,0.0957,0.0162,69.0,73.0,79.0,1.0,1.0,0.0
2024-25,PASS,10,MID,491,Johnson,99,Mbeumo,5.0,0.0,0.0,-5.0,0,0.6554,0.3612,48.0,53.0,48.0,8.0,3.0,5.0
2024-25,PASS,10,MID,239,Adama,99,Mbeumo,1.0,0.0,0.0,-1.0,0,0.911,0.6956,48.0,49.0,48.0,4.0,3.0,1.0
2024-25,PASS,10,MID,239,Adama,372,Garnacho,2.0,0.0,0.0,-2.0,0,0.9866,0.3238,48.0,50.0,48.0,4.0,2.0,2.0
2024-25,PASS,10,GKP,396,Dúbravka,14,Ramsdale,0.0,0.0,0.0,0.0,0,0.9658,0.0042,48.0,48.0,48.0,0.0,9.0,-9.0
2024-25,PASS,11,MID,491,Johnson,366,B.Fernandes,-15.0,-15.0,-15.0,0.0,0,0.49,0.2679,66.0,51.0,51.0,2.0,17.0,-15.0
2024-25,PASS,11,DEF,630,O'Shea,520,Emerson,0.0,-15.0,-15.0,-15.0,1,0.8096,0.0437,66.0,66.0,51.0,2.0,6.0,-4.0
2024-25,PASS,11,DEF,630,O'Shea,369,Dalot,5.0,-15.0,-15.0,-20.0,1,1.0803,0.3954,66.0,71.0,51.0,2.0,1.0,1.0
2024-25,PASS,12,MID,247,Iwobi,19,Smith Rowe,6.0,6.0,6.0,0.0,0,0.0271,0.2605,30.0,36.0,36.0,7.0,1.0,6.0
2024-25,PASS,13,DEF,159,Chalobah,369,Dalot,-6.0,0.0,0.0,6.0,0,0.3154,0.0942,82.0,76.0,82.0,2.0,6.0,-4.0
2024-25,PASS,13,DEF,159,Chalobah,422,Aina,-8.0,0.0,0.0,8.0,0,0.2773,0.0355,82.0,74.0,82.0,2.0,8.0,-6.0
2024-25,PASS,13,FWD,447,Wood,351,Haaland,7.0,0.0,0.0,-7.0,0,0.7105,0.956,82.0,89.0,82.0,9.0,2.0,7.0
2024-25,PASS,14,FWD,401,Isak,58,Watkins,12.0,15.0,15.0,3.0,0,0.4303,0.1457,65.0,77.0,80.0,11.0,12.0,-1.0
2024-25,PASS,14,FWD,252,Raúl,617,Evanilson,12.0,15.0,15.0,3.0,0,0.4895,0.0954,65.0,77.0,80.0,1.0,2.0,-1.0
2024-25,PASS,14,FWD,252,Raúl,58,Watkins,2.0,15.0,15.0,13.0,1,0.9334,0.5002,65.0,67.0,80.0,1.0,12.0,-11.0
2024-25,PASS,14,MID,754,Van Nistelrooy,743,McKenna,13.0,15.0,15.0,2.0,0,0.7314,0.0004,65.0,78.0,80.0,0.0,0.0,0.0
2024-25,PASS,14,MID,754,Van Nistelrooy,17,Saka,10.0,15.0,15.0,5.0,0,2.544,1.7022,65.0,75.0,80.0,0.0,3.0,-3.0
2024-25,PASS,15,MID,747,Nuno,17,Saka,16.0,20.0,20.0,4.0,0,1.192,1.1232,65.0,81.0,85.0,0.0,2.0,-2.0
2024-25,PASS,15,MID,366,B.Fernandes,17,Saka,24.0,20.0,20.0,-4.0,0,0.1172,0.1202,65.0,89.0,85.0,9.0,2.0,7.0
2024-25,PASS,16,FWD,129,João Pedro,617,Evanilson,-1.0,-11.0,-11.0,-10.0,1,0.2721,0.2288,46.0,45.0,35.0,2.0,2.0,0.0
2024-25,PASS,16,MID,737,Emery,99,Mbeumo,-8.0,-11.0,-11.0,-3.0,0,1.8479,0.9468,46.0,38.0,35.0,0.0,9.0,-9.0
2024-25,PASS,16,MID,71,Kluivert,99,Mbeumo,-7.0,-11.0,-11.0,-4.0,0,0.8593,0.1904,46.0,39.0,35.0,3.0,9.0,-6.0
2024-25,PASS,17,DEF,630,O'Shea,88,Collins,0.0,-1.0,-1.0,-1.0,1,0.072,0.0619,37.0,37.0,36.0,0.0,1.0,-1.0
2024-25,PASS,17,DEF,630,O'Shea,267,Davis,1.0,-1.0,-1.0,-2.0,1,0.128,0.1541,37.0,38.0,36.0,0.0,0.0,0.0
2024-25,PASS,17,DEF,630,O'Shea,524,Kilman,0.0,-1.0,-1.0,-1.0,1,0.0619,0.0567,37.0,37.0,36.0,0.0,2.0,-2.0
2024-25,PASS,17,DEF,263,Burgess,88,Collins,0.0,-1.0,-1.0,-1.0,1,0.045,0.0348,37.0,37.0,36.0,0.0,1.0,-1.0
2024-25,PASS,17,DEF,263,Burgess,267,Davis,1.0,-1.0,-1.0,-2.0,1,0.101,0.1271,37.0,38.0,36.0,0.0,0.0,0.0
2024-25,PASS,17,DEF,263,Burgess,524,Kilman,0.0,-1.0,-1.0,-1.0,1,0.0349,0.0297,37.0,37.0,36.0,0.0,2.0,-2.0
2024-25,PASS,18,FWD,129,João Pedro,617,Evanilson,1.0,1.0,1.0,0.0,0,0.0476,0.2225,67.0,68.0,68.0,2.0,1.0,1.0
2024-25,PASS,19,MID,530,Souček,514,Bowen,1.0,9.0,9.0,8.0,1,0.6316,0.7228,60.0,61.0,69.0,0.0,1.0,-1.0
2024-25,PASS,20,FWD,129,João Pedro,110,Wissa,-2.0,-2.0,-2.0,0.0,0,0.0002,0.2204,75.0,73.0,73.0,9.0,11.0,-2.0
2024-25,PASS,21,MID,491,Johnson,366,B.Fernandes,-3.0,0.0,0.0,3.0,0,0.2336,0.2608,55.0,52.0,55.0,1.0,4.0,-3.0
2024-25,PASS,22,DEF,528,Mavropanos,350,Gvardiol,-5.0,-13.0,-13.0,-8.0,1,0.1574,0.1117,38.0,33.0,25.0,-2.0,6.0,-8.0
2024-25,PASS,22,GKP,521,Fabianski,14,Ramsdale,0.0,-13.0,-13.0,-13.0,1,0.0782,0.0159,38.0,38.0,25.0,2.0,1.0,1.0
2024-25,PASS,22,FWD,306,Vardy,58,Watkins,-6.0,-13.0,-13.0,-7.0,1,0.3593,0.4833,38.0,32.0,25.0,2.0,8.0,-6.0
2024-25,PASS,23,FWD,129,João Pedro,252,Raúl,-1.0,-1.0,-1.0,0.0,0,0.0,0.2841,63.0,62.0,62.0,1.0,2.0,-1.0
2024-25,PASS,24,MID,402,J.Murphy,398,Gordon,7.0,-3.0,-3.0,-10.0,1,1.132,1.181,104.0,111.0,101.0,8.0,1.0,7.0
2024-25,PASS,24,DEF,543,Doherty,573,Milenković,0.0,-3.0,-3.0,-3.0,1,0.1766,0.0379,104.0,104.0,101.0,6.0,6.0,0.0
2024-25,PASS,24,DEF,543,Doherty,311,Alexander-Arnold,-7.0,-3.0,-3.0,4.0,0,2.8325,2.6751,104.0,97.0,101.0,6.0,7.0,-1.0
2024-25,PASS,24,DEF,270,Greaves,573,Milenković,0.0,-3.0,-3.0,-3.0,1,0.2205,0.0653,104.0,104.0,101.0,1.0,6.0,-5.0
2024-25,PASS,24,DEF,270,Greaves,311,Alexander-Arnold,-7.0,-3.0,-3.0,4.0,0,2.8763,2.7025,104.0,97.0,101.0,1.0,7.0,-6.0
2024-25,PASS,25,DEF,457,Bree,291,Faes,0.0,0.0,0.0,0.0,0,0.0,0.0019,104.0,104.0,104.0,1.0,1.0,0.0
2024-25,PASS,26,FWD,218,Beto,252,Raúl,4.0,17.0,17.0,13.0,1,0.2381,0.6751,65.0,69.0,82.0,6.0,2.0,4.0
2024-25,PASS,28,MID,747,Nuno,366,B.Fernandes,-7.0,-6.0,-6.0,1.0,0,1.8635,1.6961,58.0,51.0,52.0,9.0,9.0,0.0
2024-25,PASS,28,MID,181,Nkunku,366,B.Fernandes,-6.0,-6.0,-6.0,0.0,0,0.1762,1.0109,58.0,52.0,52.0,3.0,9.0,-6.0
2024-25,PASS,29,FWD,218,Beto,252,Raúl,2.0,2.0,2.0,0.0,0,0.0372,0.3816,56.0,58.0,58.0,2.0,2.0,0.0
2024-25,PASS,29,MID,181,Nkunku,571,Savinho,2.0,2.0,2.0,0.0,0,0.2659,0.609,56.0,58.0,58.0,2.0,0.0,2.0
2024-25,PASS,30,DEF,456,Bella-Kotchap,163,Cucurella,-5.0,1.0,1.0,6.0,1,0.5522,0.4394,38.0,33.0,39.0,0.0,5.0,-5.0
2024-25,PASS,30,DEF,456,Bella-Kotchap,437,N.Williams,0.0,1.0,1.0,1.0,1,0.1733,0.0605,38.0,38.0,39.0,0.0,5.0,-5.0
2024-25,PASS,30,DEF,573,Milenković,163,Cucurella,1.0,1.0,1.0,0.0,0,0.1972,0.0887,38.0,39.0,39.0,6.0,5.0,1.0
2024-25,PASS,30,GKP,304,Stolarczyk,185,Sánchez,0.0,1.0,1.0,1.0,1,0.1984,0.09,38.0,38.0,39.0,0.0,6.0,-6.0
2024-25,PASS,30,FWD,218,Beto,58,Watkins,1.0,1.0,1.0,0.0,0,0.7118,1.1081,38.0,39.0,39.0,1.0,0.0,1.0
2024-25,PASS,34,MID,392,Barnes,99,Mbeumo,9.0,2.0,2.0,-7.0,0,0.064,0.3502,58.0,67.0,60.0,3.0,2.0,1.0
2025-26,FAIL,1,MID,384,Gakpo,449,B.Fernandes,5.0,-3.0,-3.0,-8.0,1,1.3145,0.9627,56.0,61.0,53.0,7.0,2.0,5.0
2025-26,FAIL,1,MID,384,Gakpo,485,Gordon,4.0,-3.0,-3.0,-7.0,1,0.8312,0.2601,56.0,60.0,53.0,7.0,3.0,4.0
2025-26,FAIL,1,MID,383,Luis Díaz,449,B.Fernandes,-2.0,-3.0,-3.0,-1.0,0,1.2772,0.6956,56.0,54.0,53.0,0.0,2.0,-2.0
2025-26,FAIL,1,DEF,705,Campbell,224,Cucurella,-8.0,-3.0,-3.0,5.0,0,2.3099,1.1619,56.0,48.0,53.0,0.0,8.0,-8.0
2025-26,FAIL,1,DEF,705,Campbell,46,Yasin,0.0,-3.0,-3.0,-3.0,1,1.0955,0.0105,56.0,56.0,53.0,0.0,0.0,0.0
2025-26,FAIL,1,DEF,705,Campbell,445,Amass,0.0,-3.0,-3.0,-3.0,1,1.0935,0.0104,56.0,56.0,53.0,0.0,0.0,0.0
2025-26,FAIL,1,DEF,710,Patterson,224,Cucurella,-8.0,-3.0,-3.0,5.0,0,2.3088,1.1608,56.0,48.0,53.0,0.0,8.0,-8.0
2025-26,FAIL,1,DEF,710,Patterson,46,Yasin,0.0,-3.0,-3.0,-3.0,1,1.0944,0.0094,56.0,56.0,53.0,0.0,0.0,0.0
2025-26,FAIL,1,DEF,710,Patterson,445,Amass,0.0,-3.0,-3.0,-3.0,1,1.0924,0.0093,56.0,56.0,53.0,0.0,0.0,0.0
2025-26,FAIL,1,DEF,505,Milenković,224,Cucurella,-6.0,-3.0,-3.0,3.0,0,1.1589,0.1591,56.0,50.0,53.0,2.0,8.0,-6.0
2025-26,FAIL,2,GKP,288,Travers,674,Ramsdale,2.0,2.0,2.0,0.0,0,0.4309,0.1155,7.0,9.0,9.0,0.0,0.0,0.0
2025-26,FAIL,2,MID,708,M.Fernandes,17,Ødegaard,1.0,2.0,2.0,1.0,0,1.2338,0.7828,7.0,8.0,9.0,0.0,1.0,-1.0
2025-26,FAIL,2,MID,708,M.Fernandes,415,Savinho,2.0,2.0,2.0,0.0,0,1.0427,0.6727,7.0,9.0,9.0,0.0,0.0,0.0
2025-26,FAIL,2,MID,120,Schade,17,Ødegaard,4.0,2.0,2.0,-2.0,0,0.2679,0.2929,7.0,11.0,9.0,3.0,1.0,2.0
2025-26,FAIL,2,DEF,77,Hill,227,Colwill,2.0,2.0,2.0,0.0,0,0.4683,0.1561,7.0,9.0,9.0,1.0,0.0,1.0
2025-26,FAIL,3,MID,235,Palmer,381,M.Salah,-3.0,-3.0,-3.0,0.0,0,0.489,0.8318,14.0,11.0,11.0,0.0,3.0,-3.0
2025-26,FAIL,4,DEF,225,James,725,Hincapie,-1.0,6.0,6.0,7.0,1,0.4469,0.4814,20.0,19.0,26.0,1.0,0.0,1.0
2025-26,FAIL,4,FWD,338,Muniz,30,Havertz,0.0,6.0,6.0,6.0,1,0.7146,0.1549,20.0,20.0,26.0,2.0,0.0,2.0
2025-26,FAIL,4,GKP,782,Forster,674,Ramsdale,-1.0,6.0,6.0,7.0,1,0.4865,0.4732,20.0,19.0,26.0,0.0,0.0,0.0
2025-26,FAIL,5,MID,86,Brooks,81,Kluivert,2.0,-5.0,-5.0,-7.0,1,0.674,0.8716,56.0,58.0,51.0,3.0,1.0,2.0
2025-26,FAIL,5,FWD,499,Isak,430,Haaland,-8.0,-5.0,-5.0,3.0,0,1.0364,0.4284,56.0,48.0,51.0,1.0,9.0,-8.0
2025-26,FAIL,5,GKP,567,Kinsky,2,Arrizabalaga,0.0,-5.0,-5.0,-5.0,1,0.5284,0.027,56.0,56.0,51.0,0.0,0.0,0.0
2025-26,FAIL,6,FWD,338,Muniz,136,Thiago,0.0,-6.0,-6.0,-6.0,1,0.2113,0.0381,49.0,49.0,43.0,0.0,13.0,-13.0
2025-26,FAIL,6,FWD,338,Muniz,732,Uche,0.0,-6.0,-6.0,-6.0,1,0.1898,0.0166,49.0,49.0,43.0,0.0,0.0,0.0
2025-26,FAIL,6,FWD,217,Foster,136,Thiago,0.0,-6.0,-6.0,-6.0,1,0.2912,0.0489,49.0,49.0,43.0,2.0,13.0,-11.0
2025-26,FAIL,6,FWD,217,Foster,732,Uche,0.0,-6.0,-6.0,-6.0,1,0.2697,0.0274,49.0,49.0,43.0,2.0,0.0,2.0
2025-26,FAIL,6,MID,414,Foden,82,Semenyo,-6.0,-6.0,-6.0,0.0,0,0.0967,0.2242,49.0,43.0,43.0,1.0,7.0,-6.0
2025-26,FAIL,7,FWD,525,Wood,135,Wissa,1.0,-4.0,-4.0,-5.0,1,0.4781,0.3032,49.0,50.0,45.0,2.0,0.0,2.0
2025-26,FAIL,7,FWD,217,Foster,135,Wissa,0.0,-4.0,-4.0,-4.0,1,0.6066,0.1303,49.0,49.0,45.0,1.0,0.0,1.0
2025-26,FAIL,7,FWD,217,Foster,136,Thiago,0.0,-4.0,-4.0,-4.0,1,0.5526,0.0762,49.0,49.0,45.0,1.0,2.0,-1.0
2025-26,FAIL,7,MID,237,Enzo,119,Mbeumo,-4.0,-4.0,-4.0,0.0,0,0.5522,0.2879,49.0,45.0,45.0,2.0,6.0,-4.0
2025-26,FAIL,7,MID,81,Kluivert,119,Mbeumo,1.0,-4.0,-4.0,-5.0,1,0.3664,0.3453,49.0,50.0,45.0,7.0,6.0,1.0
2025-26,FAIL,8,MID,384,Gakpo,449,B.Fernandes,-1.0,5.0,5.0,6.0,1,0.7572,0.4914,71.0,70.0,76.0,7.0,8.0,-1.0
2025-26,FAIL,8,MID,328,Sessegnon,449,B.Fernandes,-6.0,5.0,5.0,11.0,1,0.8332,0.7399,71.0,65.0,76.0,2.0,8.0,-6.0
2025-26,FAIL,8,DEF,411,O'Reilly,257,Lacroix,10.0,5.0,5.0,-5.0,0,0.5354,0.5284,71.0,81.0,76.0,11.0,1.0,10.0
2025-26,FAIL,9,FWD,749,Mané,732,Uche,2.0,3.0,3.0,1.0,0,0.3068,0.1599,31.0,33.0,34.0,0.0,1.0,-1.0
2025-26,FAIL,9,FWD,749,Mané,691,Calvert-Lewin,2.0,3.0,3.0,1.0,0,0.4033,0.2564,31.0,33.0,34.0,0.0,2.0,-2.0
2025-26,FAIL,9,DEF,348,Rodon,291,Tarkowski,14.0,3.0,3.0,-11.0,0,0.5405,0.3436,31.0,45.0,34.0,13.0,1.0,12.0
2025-26,FAIL,10,MID,384,Gakpo,119,Mbeumo,1.0,-8.0,-8.0,-9.0,1,0.7766,0.1588,74.0,75.0,66.0,3.0,2.0,1.0
2025-26,FAIL,10,MID,267,Sarr,119,Mbeumo,1.0,-8.0,-8.0,-9.0,1,0.3739,0.0683,74.0,75.0,66.0,3.0,2.0,1.0
2025-26,FAIL,10,DEF,411,O'Reilly,5,Gabriel,-4.0,-8.0,-8.0,-4.0,0,0.954,0.6121,74.0,70.0,66.0,8.0,12.0,-4.0
2025-26,FAIL,11,MID,585,Bentancur,241,Caicedo,4.0,24.0,24.0,20.0,1,0.5345,0.2741,37.0,41.0,61.0,1.0,2.0,-1.0
2025-26,FAIL,11,MID,585,Bentancur,299,Ndiaye,3.0,24.0,24.0,21.0,1,0.6841,0.1143,37.0,40.0,61.0,1.0,3.0,-2.0
2025-26,FAIL,11,DEF,411,O'Reilly,72,Senesi,13.0,24.0,24.0,11.0,0,0.4207,0.7066,37.0,50.0,61.0,11.0,2.0,9.0
2025-26,FAIL,11,DEF,295,Keane,72,Senesi,17.0,24.0,24.0,7.0,0,0.489,0.2363,37.0,54.0,61.0,15.0,2.0,13.0
2025-26,FAIL,12,MID,384,Gakpo,119,Mbeumo,1.0,1.0,1.0,0.0,0,0.5143,0.3763,26.0,27.0,27.0,2.0,1.0,1.0
2025-26,FAIL,12,MID,452,Amad,119,Mbeumo,1.0,1.0,1.0,0.0,0,0.7853,0.295,26.0,27.0,27.0,2.0,1.0,1.0
2025-26,FAIL,12,DEF,348,Rodon,373,Virgil,-2.0,1.0,1.0,3.0,1,0.8874,0.1211,26.0,24.0,27.0,3.0,3.0,0.0
2025-26,FAIL,13,FWD,100,Kroupi.Jr,136,Thiago,-15.0,-12.0,-12.0,3.0,0,0.56,0.1551,43.0,28.0,31.0,1.0,13.0,-12.0
2025-26,FAIL,14,MID,328,Sessegnon,119,Mbeumo,0.0,0.0,0.0,0.0,0,0.3831,0.5572,52.0,52.0,52.0,2.0,2.0,0.0
2025-26,FAIL,14,FWD,178,Welbeck,136,Thiago,0.0,0.0,0.0,0.0,0,0.1208,0.1179,52.0,52.0,52.0,1.0,1.0,0.0
2025-26,FAIL,15,MID,235,Palmer,16,Saka,-3.0,4.0,4.0,7.0,1,0.2056,0.0341,63.0,60.0,67.0,1.0,4.0,-3.0
2025-26,FAIL,15,MID,22,Merino,16,Saka,-3.0,4.0,4.0,7.0,1,0.4113,0.4273,63.0,60.0,67.0,1.0,4.0,-3.0
2025-26,FAIL,15,MID,22,Merino,82,Semenyo,-2.0,4.0,4.0,6.0,1,0.4004,0.5181,63.0,61.0,67.0,1.0,3.0,-2.0
2025-26,FAIL,15,GKP,470,Dúbravka,565,Vicario,0.0,4.0,4.0,4.0,1,0.3101,0.0481,63.0,63.0,67.0,3.0,6.0,-3.0
2025-26,FAIL,15,DEF,411,O'Reilly,260,Guéhi,-2.0,4.0,4.0,6.0,1,0.147,0.2974,63.0,61.0,67.0,6.0,8.0,-2.0
2025-26,FAIL,15,DEF,348,Rodon,260,Guéhi,-6.0,4.0,4.0,10.0,1,0.3333,0.0706,63.0,57.0,67.0,1.0,8.0,-7.0
2025-26,FAIL,15,DEF,348,Rodon,684,Thiaw,0.0,4.0,4.0,4.0,1,0.2869,0.0241,63.0,63.0,67.0,1.0,2.0,-1.0
2025-26,FAIL,16,MID,384,Gakpo,119,Mbeumo,-2.0,-2.0,-2.0,0.0,0,0.2609,0.2978,80.0,78.0,78.0,0.0,2.0,-2.0
2025-26,FAIL,16,MID,22,Merino,119,Mbeumo,-1.0,-2.0,-2.0,-1.0,0,0.3327,0.5181,80.0,79.0,78.0,1.0,2.0,-1.0
2025-26,FAIL,16,MID,22,Merino,21,Rice,-1.0,-2.0,-2.0,-1.0,0,0.2335,0.4298,80.0,79.0,78.0,1.0,2.0,-1.0
2025-26,FAIL,16,DEF,606,Mavropanos,295,Keane,0.0,-2.0,-2.0,-2.0,1,0.2866,0.0043,80.0,80.0,78.0,1.0,1.0,0.0
2025-26,FAIL,17,FWD,217,Foster,136,Thiago,11.0,5.0,5.0,-6.0,0,0.3418,0.2075,53.0,64.0,58.0,0.0,2.0,-2.0
2025-26,FAIL,17,FWD,217,Foster,691,Calvert-Lewin,0.0,5.0,5.0,5.0,1,0.2816,0.1473,53.0,53.0,58.0,0.0,13.0,-13.0
2025-26,FAIL,17,DEF,411,O'Reilly,260,Guéhi,5.0,5.0,5.0,0.0,0,0.0491,0.3013,53.0,58.0,58.0,6.0,1.0,5.0
2025-26,FAIL,17,DEF,348,Rodon,260,Guéhi,4.0,5.0,5.0,1.0,0,0.367,0.2235,53.0,57.0,58.0,2.0,1.0,1.0
2025-26,FAIL,18,DEF,447,Heaven,190,Ekdal,0.0,-7.0,-7.0,-7.0,1,0.0867,0.002,31.0,31.0,24.0,8.0,9.0,-1.0
2025-26,FAIL,18,DEF,447,Heaven,694,Mukiele,-4.0,-7.0,-7.0,-3.0,0,0.2016,0.1241,31.0,27.0,24.0,8.0,4.0,4.0
2025-26,FAIL,18,GKP,470,Dúbravka,670,Roefs,0.0,-7.0,-7.0,-7.0,1,0.1918,0.1216,31.0,31.0,24.0,11.0,3.0,8.0
2025-26,FAIL,19,FWD,691,Calvert-Lewin,283,Mateta,-8.0,-6.0,-6.0,2.0,0,0.2555,0.1785,47.0,39.0,41.0,1.0,9.0,-8.0
2025-26,FAIL,19,DEF,190,Ekdal,295,Keane,0.0,-6.0,-6.0,-6.0,1,0.0563,0.0096,47.0,47.0,41.0,3.0,0.0,3.0
2025-26,FAIL,20,DEF,684,Thiaw,291,Tarkowski,15.0,10.0,10.0,-5.0,0,0.2196,0.0436,21.0,36.0,31.0,17.0,2.0,15.0
2025-26,FAIL,20,DEF,694,Mukiele,321,J.Cuenca,0.0,10.0,10.0,10.0,1,0.2504,0.0084,21.0,21.0,31.0,4.0,3.0,1.0
2025-26,FAIL,20,DEF,694,Mukiele,291,Tarkowski,2.0,10.0,10.0,8.0,1,0.4168,0.2408,21.0,23.0,31.0,4.0,2.0,2.0
2025-26,FAIL,20,MID,20,Trossard,417,Cherki,-3.0,10.0,10.0,13.0,1,0.2386,0.277,21.0,18.0,31.0,1.0,4.0,-3.0
2025-26,FAIL,20,MID,20,Trossard,16,Saka,-3.0,10.0,10.0,13.0,1,0.3231,0.3453,21.0,18.0,31.0,1.0,4.0,-3.0
2025-26,FAIL,21,MID,485,Gordon,82,Semenyo,-15.0,-15.0,-15.0,0.0,0,0.0,0.2663,51.0,36.0,36.0,1.0,6.0,-5.0
2025-26,FAIL,22,MID,169,Gomez,449,B.Fernandes,-9.0,-1.0,-1.0,8.0,0,0.5058,0.172,47.0,38.0,46.0,2.0,10.0,-8.0
2025-26,FAIL,22,MID,169,Gomez,417,Cherki,0.0,-1.0,-1.0,-1.0,1,0.3453,0.0714,47.0,47.0,46.0,2.0,1.0,1.0
2025-26,FAIL,25,MID,487,Barnes,21,Rice,-3.0,-3.0,-3.0,0.0,0,0.0494,0.0591,58.0,55.0,55.0,2.0,5.0,-3.0
2025-26,FAIL,26,DEF,634,Mosquera,633,H.Bueno,1.0,1.0,1.0,0.0,0,0.0,0.0669,91.0,92.0,92.0,9.0,8.0,1.0
2025-26,FAIL,28,DEF,706,Justin,343,Struijk,0.0,-1.0,-1.0,-1.0,1,0.0356,0.0116,56.0,56.0,55.0,2.0,2.0,0.0
2025-26,FAIL,28,GKP,341,Darlow,628,José Sá,0.0,-1.0,-1.0,-1.0,1,0.0641,0.0378,56.0,56.0,55.0,3.0,8.0,-5.0
2025-26,FAIL,30,DEF,191,Estève,723,Canvot,0.0,0.0,0.0,0.0,0,0.0891,0.089,68.0,68.0,68.0,6.0,11.0,-5.0
2025-26,FAIL,30,MID,547,E.Le Fée,517,Anderson,0.0,0.0,0.0,0.0,0,0.0517,0.0516,68.0,68.0,68.0,0.0,2.0,-2.0
2025-26,FAIL,30,MID,547,E.Le Fée,119,Mbeumo,0.0,0.0,0.0,0.0,0,0.5867,0.5866,68.0,68.0,68.0,0.0,2.0,-2.0
2025-26,FAIL,30,GKP,341,Darlow,502,Sels,0.0,0.0,0.0,0.0,0,0.0791,0.079,68.0,68.0,68.0,6.0,6.0,0.0
2025-26,FAIL,31,MID,235,Palmer,457,Casemiro,1.0,1.0,1.0,0.0,0,0.0,0.0612,68.0,69.0,69.0,2.0,1.0,1.0
2025-26,FAIL,32,DEF,191,Estève,606,Mavropanos,0.0,-2.0,-2.0,-2.0,1,0.0776,0.054,45.0,45.0,43.0,2.0,21.0,-19.0
2025-26,FAIL,32,DEF,191,Estève,113,Van den Berg,0.0,-2.0,-2.0,-2.0,1,0.1178,0.0941,45.0,45.0,43.0,2.0,3.0,-1.0
2025-26,FAIL,32,DEF,706,Justin,606,Mavropanos,0.0,-2.0,-2.0,-2.0,1,0.1117,0.088,45.0,45.0,43.0,1.0,21.0,-20.0
2025-26,FAIL,32,DEF,706,Justin,113,Van den Berg,0.0,-2.0,-2.0,-2.0,1,0.1518,0.1282,45.0,45.0,43.0,1.0,3.0,-2.0
2025-26,FAIL,32,MID,547,E.Le Fée,457,Casemiro,-5.0,-2.0,-2.0,3.0,0,0.1297,0.1061,45.0,40.0,43.0,3.0,9.0,-6.0
2025-26,FAIL,32,MID,547,E.Le Fée,119,Mbeumo,3.0,-2.0,-2.0,-5.0,1,0.3539,0.3303,45.0,48.0,43.0,3.0,1.0,2.0
