season,e024_gate,gw,entrant_id,entrant_name,delta_force,delta_full,delta_cascade,abs_cascade_gt_force,ctrl_cap,force_cap,full_cap,overlap_forced_ctrl,overlap_full_ctrl,n_squad_diff_forced,n_leavers_forced,leaver_ids
2022-23,FAIL,1,139,Chilwell,17.0,17.0,0.0,0,43.0,60.0,60.0,7,7,16,8,13;306;345;356;428;595;637;653
2022-23,FAIL,1,196,Branthwaite,17.0,17.0,0.0,0,43.0,60.0,60.0,7,7,16,8,13;306;345;356;428;595;637;653
2022-23,FAIL,1,242,Gelhardt,17.0,17.0,0.0,0,43.0,60.0,60.0,7,7,16,8,13;306;345;356;428;595;637;653
2022-23,FAIL,1,255,Vardy,17.0,17.0,0.0,0,43.0,60.0,60.0,7,7,16,8,13;306;345;356;428;595;637;653
2022-23,FAIL,1,256,Ricardo,17.0,17.0,0.0,0,43.0,60.0,60.0,7,7,16,8,13;306;345;356;428;595;637;653
2022-23,FAIL,1,261,Maddison,17.0,17.0,0.0,0,43.0,60.0,60.0,7,7,16,8,13;306;345;356;428;595;637;653
2022-23,FAIL,1,303,Mahrez,17.0,17.0,0.0,0,43.0,60.0,60.0,7,7,16,8,13;306;345;356;428;595;637;653
2022-23,FAIL,1,446,Kulusevski,17.0,17.0,0.0,0,43.0,60.0,60.0,7,7,16,8,13;306;345;356;428;595;637;653
2022-23,FAIL,2,285,Alexander-Arnold,5.0,5.0,0.0,0,26.0,31.0,31.0,11,11,8,4,329;406;454;482
2022-23,FAIL,2,303,Mahrez,5.0,5.0,0.0,0,26.0,31.0,31.0,11,11,8,4,329;406;454;482
2022-23,FAIL,2,595,Zanka,5.0,5.0,0.0,0,26.0,31.0,31.0,11,11,8,4,329;406;454;482
2022-23,FAIL,2,596,Ferguson,5.0,5.0,0.0,0,26.0,31.0,31.0,11,11,8,4,329;406;454;482
2022-23,FAIL,3,255,Vardy,3.0,3.0,0.0,0,17.0,20.0,20.0,8,8,14,7,110;180;283;439;465;503;585
2022-23,FAIL,3,261,Maddison,3.0,3.0,0.0,0,17.0,20.0,20.0,8,8,14,7,110;180;283;439;465;503;585
2022-23,FAIL,3,303,Mahrez,3.0,3.0,0.0,0,17.0,20.0,20.0,8,8,14,7,110;180;283;439;465;503;585
2022-23,FAIL,3,343,B.Williams,3.0,3.0,0.0,0,17.0,20.0,20.0,8,8,14,7,110;180;283;439;465;503;585
2022-23,FAIL,3,446,Kulusevski,3.0,3.0,0.0,0,17.0,20.0,20.0,8,8,14,7,110;180;283;439;465;503;585
2022-23,FAIL,3,595,Zanka,3.0,3.0,0.0,0,17.0,20.0,20.0,8,8,14,7,110;180;283;439;465;503;585
2022-23,FAIL,3,701,Weghorst,3.0,3.0,0.0,0,17.0,20.0,20.0,8,8,14,7,110;180;283;439;465;503;585
2022-23,FAIL,4,5,Holding,3.0,3.0,0.0,0,37.0,40.0,40.0,10,10,10,5,81;149;300;301;489
2022-23,FAIL,4,314,Foden,3.0,3.0,0.0,0,37.0,40.0,40.0,10,10,10,5,81;149;300;301;489
2022-23,FAIL,4,426,Forster,3.0,3.0,0.0,0,37.0,40.0,40.0,10,10,10,5,81;149;300;301;489
2022-23,FAIL,4,446,Kulusevski,3.0,3.0,0.0,0,37.0,40.0,40.0,10,10,10,5,81;149;300;301;489
2022-23,FAIL,4,465,Bowen,3.0,3.0,0.0,0,37.0,40.0,40.0,10,10,10,5,81;149;300;301;489
2022-23,FAIL,5,249,Evans,-30.0,-30.0,0.0,0,69.0,39.0,39.0,4,4,22,11,57;116;156;210;211;235;257;258;288;301;318
2022-23,FAIL,5,255,Vardy,-30.0,-30.0,0.0,0,69.0,39.0,39.0,4,4,22,11,57;116;156;210;211;235;257;258;288;301;318
2022-23,FAIL,5,261,Maddison,-30.0,-30.0,0.0,0,69.0,39.0,39.0,4,4,22,11,57;116;156;210;211;235;257;258;288;301;318
2022-23,FAIL,5,279,Firmino,-30.0,-30.0,0.0,0,69.0,39.0,39.0,4,4,22,11,57;116;156;210;211;235;257;258;288;301;318
2022-23,FAIL,5,285,Alexander-Arnold,-30.0,-30.0,0.0,0,69.0,39.0,39.0,4,4,22,11,57;116;156;210;211;235;257;258;288;301;318
2022-23,FAIL,5,303,Mahrez,-30.0,-30.0,0.0,0,69.0,39.0,39.0,4,4,22,11,57;116;156;210;211;235;257;258;288;301;318
2022-23,FAIL,5,357,Trippier,-30.0,-30.0,0.0,0,69.0,39.0,39.0,4,4,22,11,57;116;156;210;211;235;257;258;288;301;318
2022-23,FAIL,5,457,Cresswell,-30.0,-30.0,0.0,0,69.0,39.0,39.0,4,4,22,11,57;116;156;210;211;235;257;258;288;301;318
2022-23,FAIL,5,463,Coufal,-30.0,-30.0,0.0,0,69.0,39.0,39.0,4,4,22,11,57;116;156;210;211;235;257;258;288;301;318
2022-23,FAIL,5,465,Bowen,-30.0,-30.0,0.0,0,69.0,39.0,39.0,4,4,22,11,57;116;156;210;211;235;257;258;288;301;318
2022-23,FAIL,5,697,Sadi,-30.0,-30.0,0.0,0,69.0,39.0,39.0,4,4,22,11,57;116;156;210;211;235;257;258;288;301;318
2022-23,FAIL,6,145,Havertz,-8.0,-8.0,0.0,0,47.0,39.0,39.0,6,6,18,9,64;104;106;210;235;288;427;461;480
2022-23,FAIL,6,261,Maddison,-8.0,-8.0,0.0,0,47.0,39.0,39.0,6,6,18,9,64;104;106;210;235;288;427;461;480
2022-23,FAIL,6,303,Mahrez,-8.0,-8.0,0.0,0,47.0,39.0,39.0,6,6,18,9,64;104;106;210;235;288;427;461;480
2022-23,FAIL,6,356,Wilson,-8.0,-8.0,0.0,0,47.0,39.0,39.0,6,6,18,9,64;104;106;210;235;288;427;461;480
2022-23,FAIL,6,357,Trippier,-8.0,-8.0,0.0,0,47.0,39.0,39.0,6,6,18,9,64;104;106;210;235;288;427;461;480
2022-23,FAIL,6,380,Lyle Taylor,-8.0,-8.0,0.0,0,47.0,39.0,39.0,6,6,18,9,64;104;106;210;235;288;427;461;480
2022-23,FAIL,6,435,Sánchez,-8.0,-8.0,0.0,0,47.0,39.0,39.0,6,6,18,9,64;104;106;210;235;288;427;461;480
2022-23,FAIL,6,446,Kulusevski,-8.0,-8.0,0.0,0,47.0,39.0,39.0,6,6,18,9,64;104;106;210;235;288;427;461;480
2022-23,FAIL,6,477,Jonny,-8.0,-8.0,0.0,0,47.0,39.0,39.0,6,6,18,9,64;104;106;210;235;288;427;461;480
2022-23,FAIL,8,16,Gabriel,2.0,2.0,0.0,0,14.0,16.0,16.0,11,11,8,4,31;445;480;526
2022-23,FAIL,8,182,Pickford,2.0,2.0,0.0,0,14.0,16.0,16.0,11,11,8,4,31;445;480;526
2022-23,FAIL,8,468,Soucek,2.0,2.0,0.0,0,14.0,16.0,16.0,11,11,8,4,31;445;480;526
2022-23,FAIL,8,477,Jonny,2.0,2.0,0.0,0,14.0,16.0,16.0,11,11,8,4,31;445;480;526
2022-23,FAIL,9,39,Mings,-12.0,-12.0,0.0,0,68.0,56.0,56.0,12,12,6,3,209;356;484
2022-23,FAIL,9,262,Iheanacho,-12.0,-12.0,0.0,0,68.0,56.0,56.0,12,12,6,3,209;356;484
2022-23,FAIL,9,357,Trippier,-12.0,-12.0,0.0,0,68.0,56.0,56.0,12,12,6,3,209;356;484
2022-23,FAIL,11,40,Watkins,0.0,0.0,0.0,0,22.0,22.0,22.0,13,13,4,2,209;617
2022-23,FAIL,11,538,Young,0.0,0.0,0.0,0,22.0,22.0,22.0,13,13,4,2,209;617
2022-23,FAIL,12,84,Ajer,-23.0,-23.0,0.0,0,67.0,44.0,44.0,10,10,10,5,116;333;342;377;680
2022-23,FAIL,12,261,Maddison,-23.0,-23.0,0.0,0,67.0,44.0,44.0,10,10,10,5,116;333;342;377;680
2022-23,FAIL,12,264,Barnes,-23.0,-23.0,0.0,0,67.0,44.0,44.0,10,10,10,5,116;333;342;377;680
2022-23,FAIL,12,366,Schär,-23.0,-23.0,0.0,0,67.0,44.0,44.0,10,10,10,5,116;333;342;377;680
2022-23,FAIL,12,465,Bowen,-23.0,-23.0,0.0,0,67.0,44.0,44.0,10,10,10,5,116;333;342;377;680
2022-23,FAIL,13,81,Raya,-33.0,-33.0,0.0,0,58.0,25.0,25.0,7,7,16,8,211;318;467;475;484;518;589;617
2022-23,FAIL,13,141,Chalobah,-33.0,-33.0,0.0,0,58.0,25.0,25.0,7,7,16,8,211;318;467;475;484;518;589;617
2022-23,FAIL,13,166,Edouard,-33.0,-33.0,0.0,0,58.0,25.0,25.0,7,7,16,8,211;318;467;475;484;518;589;617
2022-23,FAIL,13,171,Olise,-33.0,-33.0,0.0,0,58.0,25.0,25.0,7,7,16,8,211;318;467;475;484;518;589;617
2022-23,FAIL,13,288,Diogo Jota,-33.0,-33.0,0.0,0,58.0,25.0,25.0,7,7,16,8,211;318;467;475;484;518;589;617
2022-23,FAIL,13,357,Trippier,-33.0,-33.0,0.0,0,58.0,25.0,25.0,7,7,16,8,211;318;467;475;484;518;589;617
2022-23,FAIL,13,374,Bruno Guimarães,-33.0,-33.0,0.0,0,58.0,25.0,25.0,7,7,16,8,211;318;467;475;484;518;589;617
2022-23,FAIL,13,465,Bowen,-33.0,-33.0,0.0,0,58.0,25.0,25.0,7,7,16,8,211;318;467;475;484;518;589;617
2022-23,FAIL,14,39,Mings,5.0,5.0,0.0,0,48.0,53.0,53.0,7,7,16,8,2;66;169;342;369;427;576;680
2022-23,FAIL,14,166,Edouard,5.0,5.0,0.0,0,48.0,53.0,53.0,7,7,16,8,2;66;169;342;369;427;576;680
2022-23,FAIL,14,257,Amartey,5.0,5.0,0.0,0,48.0,53.0,53.0,7,7,16,8,2;66;169;342;369;427;576;680
2022-23,FAIL,14,261,Maddison,5.0,5.0,0.0,0,48.0,53.0,53.0,7,7,16,8,2;66;169;342;369;427;576;680
2022-23,FAIL,14,288,Diogo Jota,5.0,5.0,0.0,0,48.0,53.0,53.0,7,7,16,8,2;66;169;342;369;427;576;680
2022-23,FAIL,14,374,Bruno Guimarães,5.0,5.0,0.0,0,48.0,53.0,53.0,7,7,16,8,2;66;169;342;369;427;576;680
2022-23,FAIL,14,428,Son,5.0,5.0,0.0,0,48.0,53.0,53.0,7,7,16,8,2;66;169;342;369;427;576;680
2022-23,FAIL,14,518,Hennessey,5.0,5.0,0.0,0,48.0,53.0,53.0,7,7,16,8,2;66;169;342;369;427;576;680
2022-23,FAIL,15,39,Mings,-2.0,-2.0,0.0,0,40.0,38.0,38.0,8,8,14,7,6;66;427;461;475;516;593
2022-23,FAIL,15,141,Chalobah,-2.0,-2.0,0.0,0,40.0,38.0,38.0,8,8,14,7,6;66;427;461;475;516;593
2022-23,FAIL,15,166,Edouard,-2.0,-2.0,0.0,0,40.0,38.0,38.0,8,8,14,7,6;66;427;461;475;516;593
2022-23,FAIL,15,288,Diogo Jota,-2.0,-2.0,0.0,0,40.0,38.0,38.0,8,8,14,7,6;66;427;461;475;516;593
2022-23,FAIL,15,465,Bowen,-2.0,-2.0,0.0,0,40.0,38.0,38.0,8,8,14,7,6;66;427;461;475;516;593
2022-23,FAIL,15,483,Podence,-2.0,-2.0,0.0,0,40.0,38.0,38.0,8,8,14,7,6;66;427;461;475;516;593
2022-23,FAIL,15,538,Young,-2.0,-2.0,0.0,0,40.0,38.0,38.0,8,8,14,7,6;66;427;461;475;516;593
2022-23,FAIL,16,286,Gomez,-5.0,-5.0,0.0,0,38.0,33.0,33.0,11,11,8,4,380;558;614;680
2022-23,FAIL,16,374,Bruno Guimarães,-5.0,-5.0,0.0,0,38.0,33.0,33.0,11,11,8,4,380;558;614;680
2022-23,FAIL,16,464,Benrahma,-5.0,-5.0,0.0,0,38.0,33.0,33.0,11,11,8,4,380;558;614;680
2022-23,FAIL,16,701,Weghorst,-5.0,-5.0,0.0,0,38.0,33.0,33.0,11,11,8,4,380;558;614;680
2022-23,FAIL,17,16,Gabriel,0.0,0.0,0.0,0,56.0,56.0,56.0,11,11,8,4,257;342;519;614
2022-23,FAIL,17,42,Buendía,0.0,0.0,0.0,0,56.0,56.0,56.0,11,11,8,4,257;342;519;614
2022-23,FAIL,17,141,Chalobah,0.0,0.0,0.0,0,56.0,56.0,56.0,11,11,8,4,257;342;519;614
2022-23,FAIL,17,171,Olise,0.0,0.0,0.0,0,56.0,56.0,56.0,11,11,8,4,257;342;519;614
2022-23,FAIL,18,285,Alexander-Arnold,4.0,4.0,0.0,0,37.0,41.0,41.0,11,11,8,4,369;427;558;680
2022-23,FAIL,18,288,Diogo Jota,4.0,4.0,0.0,0,37.0,41.0,41.0,11,11,8,4,369;427;558;680
2022-23,FAIL,18,300,Gündogan,4.0,4.0,0.0,0,37.0,41.0,41.0,11,11,8,4,369;427;558;680
2022-23,FAIL,18,464,Benrahma,4.0,4.0,0.0,0,37.0,41.0,41.0,11,11,8,4,369;427;558;680
2022-23,FAIL,19,92,Pinnock,0.0,0.0,0.0,0,66.0,66.0,66.0,12,12,6,3,46;81;257
2022-23,FAIL,19,171,Olise,0.0,0.0,0.0,0,66.0,66.0,66.0,12,12,6,3,46;81;257
2022-23,FAIL,19,518,Hennessey,0.0,0.0,0.0,0,66.0,66.0,66.0,12,12,6,3,46;81;257
2022-23,FAIL,20,81,Raya,-3.0,-3.0,0.0,0,62.0,59.0,59.0,9,9,12,6,11;92;169;302;426;628
2022-23,FAIL,20,165,Andersen,-3.0,-3.0,0.0,0,62.0,59.0,59.0,9,9,12,6,11;92;169;302;426;628
2022-23,FAIL,20,300,Gündogan,-3.0,-3.0,0.0,0,62.0,59.0,59.0,9,9,12,6,11;92;169;302;426;628
2022-23,FAIL,20,513,Lenglet,-3.0,-3.0,0.0,0,62.0,59.0,59.0,9,9,12,6,11;92;169;302;426;628
2022-23,FAIL,20,595,Zanka,-3.0,-3.0,0.0,0,62.0,59.0,59.0,9,9,12,6,11;92;169;302;426;628
2022-23,FAIL,20,619,Gnonto,-3.0,-3.0,0.0,0,62.0,59.0,59.0,9,9,12,6,11;92;169;302;426;628
2022-23,FAIL,21,16,Gabriel,3.0,3.0,0.0,0,69.0,72.0,72.0,7,7,16,8,73;283;302;335;518;558;619;680
2022-23,FAIL,21,133,Arrizabalaga,3.0,3.0,0.0,0,69.0,72.0,72.0,7,7,16,8,73;283;302;335;518;558;619;680
2022-23,FAIL,21,171,Olise,3.0,3.0,0.0,0,69.0,72.0,72.0,7,7,16,8,73;283;302;335;518;558;619;680
2022-23,FAIL,21,210,Mitrović,3.0,3.0,0.0,0,69.0,72.0,72.0,7,7,16,8,73;283;302;335;518;558;619;680
2022-23,FAIL,21,222,Ayling,3.0,3.0,0.0,0,69.0,72.0,72.0,7,7,16,8,73;283;302;335;518;558;619;680
2022-23,FAIL,21,278,Chamberlain,3.0,3.0,0.0,0,69.0,72.0,72.0,7,7,16,8,73;283;302;335;518;558;619;680
2022-23,FAIL,21,301,De Bruyne,3.0,3.0,0.0,0,69.0,72.0,72.0,7,7,16,8,73;283;302;335;518;558;619;680
2022-23,FAIL,21,357,Trippier,3.0,3.0,0.0,0,69.0,72.0,72.0,7,7,16,8,73;283;302;335;518;558;619;680
2022-23,FAIL,22,92,Pinnock,-1.0,-1.0,0.0,0,81.0,80.0,80.0,12,12,6,3,7;448;699
2022-23,FAIL,22,135,Ziyech,-1.0,-1.0,0.0,0,81.0,80.0,80.0,12,12,6,3,7;448;699
2022-23,FAIL,22,301,De Bruyne,-1.0,-1.0,0.0,0,81.0,80.0,80.0,12,12,6,3,7;448;699
2022-23,FAIL,23,15,Ramsdale,-11.0,-11.0,0.0,0,90.0,79.0,79.0,9,9,12,6,16;73;124;133;335;470
2022-23,FAIL,23,171,Olise,-11.0,-11.0,0.0,0,90.0,79.0,79.0,9,9,12,6,16;73;124;133;335;470
2022-23,FAIL,23,222,Ayling,-11.0,-11.0,0.0,0,90.0,79.0,79.0,9,9,12,6,16;73;124;133;335;470
2022-23,FAIL,23,257,Amartey,-11.0,-11.0,0.0,0,90.0,79.0,79.0,9,9,12,6,16;73;124;133;335;470
2022-23,FAIL,23,446,Kulusevski,-11.0,-11.0,0.0,0,90.0,79.0,79.0,9,9,12,6,16;73;124;133;335;470
2022-23,FAIL,23,463,Coufal,-11.0,-11.0,0.0,0,90.0,79.0,79.0,9,9,12,6,16;73;124;133;335;470
2022-23,FAIL,24,11,Nketiah,-20.0,-20.0,0.0,0,55.0,35.0,35.0,10,10,10,5,7;333;341;586;619
2022-23,FAIL,24,42,Buendía,-20.0,-20.0,0.0,0,55.0,35.0,35.0,10,10,10,5,7;333;341;586;619
2022-23,FAIL,24,128,Thiago Silva,-20.0,-20.0,0.0,0,55.0,35.0,35.0,10,10,10,5,7;333;341;586;619
2022-23,FAIL,24,366,Schär,-20.0,-20.0,0.0,0,55.0,35.0,35.0,10,10,10,5,7;333;341;586;619
2022-23,FAIL,24,446,Kulusevski,-20.0,-20.0,0.0,0,55.0,35.0,35.0,10,10,10,5,7;333;341;586;619
2022-23,FAIL,25,222,Ayling,-12.0,-12.0,0.0,0,89.0,77.0,77.0,13,13,4,2,210;285
2022-23,FAIL,25,288,Diogo Jota,-12.0,-12.0,0.0,0,89.0,77.0,77.0,13,13,4,2,210;285
2022-23,FAIL,26,92,Pinnock,-15.0,-15.0,0.0,0,68.0,53.0,53.0,9,9,12,6,124;318;335;518;602;619
2022-23,FAIL,26,262,Iheanacho,-15.0,-15.0,0.0,0,68.0,53.0,53.0,9,9,12,6,124;318;335;518;602;619
2022-23,FAIL,26,303,Mahrez,-15.0,-15.0,0.0,0,68.0,53.0,53.0,9,9,12,6,124;318;335;518;602;619
2022-23,FAIL,26,333,Fernandes,-15.0,-15.0,0.0,0,68.0,53.0,53.0,9,9,12,6,124;318;335;518;602;619
2022-23,FAIL,26,355,Dubravka,-15.0,-15.0,0.0,0,68.0,53.0,53.0,9,9,12,6,124;318;335;518;602;619
2022-23,FAIL,26,394,Johnson,-15.0,-15.0,0.0,0,68.0,53.0,53.0,9,9,12,6,124;318;335;518;602;619
2022-23,FAIL,27,11,Nketiah,2.0,2.0,0.0,0,75.0,77.0,77.0,11,11,8,4,95;170;422;427
2022-23,FAIL,27,92,Pinnock,2.0,2.0,0.0,0,75.0,77.0,77.0,11,11,8,4,95;170;422;427
2022-23,FAIL,27,152,Guaita,2.0,2.0,0.0,0,75.0,77.0,77.0,11,11,8,4,95;170;422;427
2022-23,FAIL,27,262,Iheanacho,2.0,2.0,0.0,0,75.0,77.0,77.0,11,11,8,4,95;170;422;427
2022-23,FAIL,28,45,Bailey,0.0,0.0,0.0,0,41.0,41.0,41.0,14,14,2,1,233
2022-23,FAIL,29,256,Ricardo,-4.0,-4.0,0.0,0,81.0,77.0,77.0,13,13,4,2,233;342
2022-23,FAIL,29,464,Benrahma,-4.0,-4.0,0.0,0,81.0,77.0,77.0,13,13,4,2,233;342
2022-23,FAIL,30,81,Raya,1.0,1.0,0.0,0,49.0,50.0,50.0,10,10,10,5,66;92;116;280;548
2022-23,FAIL,30,124,Mitoma,1.0,1.0,0.0,0,49.0,50.0,50.0,10,10,10,5,66;92;116;280;548
2022-23,FAIL,30,180,Keane,1.0,1.0,0.0,0,49.0,50.0,50.0,10,10,10,5,66;92;116;280;548
2022-23,FAIL,30,256,Ricardo,1.0,1.0,0.0,0,49.0,50.0,50.0,10,10,10,5,66;92;116;280;548
2022-23,FAIL,30,594,Isak,1.0,1.0,0.0,0,49.0,50.0,50.0,10,10,10,5,66;92;116;280;548
2022-23,FAIL,32,88,Jensen,11.0,11.0,0.0,0,57.0,68.0,68.0,13,13,4,2,40;233
2022-23,FAIL,32,288,Diogo Jota,11.0,11.0,0.0,0,57.0,68.0,68.0,13,13,4,2,40;233
2022-23,FAIL,33,199,Tarkowski,-20.0,-20.0,0.0,0,94.0,74.0,74.0,12,12,6,3,222;427;461
2022-23,FAIL,33,285,Alexander-Arnold,-20.0,-20.0,0.0,0,94.0,74.0,74.0,12,12,6,3,222;427;461
2022-23,FAIL,33,288,Diogo Jota,-20.0,-20.0,0.0,0,94.0,74.0,74.0,12,12,6,3,222;427;461
2022-23,FAIL,35,2,Leno,4.0,4.0,0.0,0,54.0,58.0,58.0,10,10,10,5,124;180;427;461;518
2022-23,FAIL,35,125,Enciso,4.0,4.0,0.0,0,54.0,58.0,58.0,10,10,10,5,124;180;427;461;518
2022-23,FAIL,35,285,Alexander-Arnold,4.0,4.0,0.0,0,54.0,58.0,58.0,10,10,10,5,124;180;427;461;518
2022-23,FAIL,35,303,Mahrez,4.0,4.0,0.0,0,54.0,58.0,58.0,10,10,10,5,124;180;427;461;518
2022-23,FAIL,35,448,Perišić,4.0,4.0,0.0,0,54.0,58.0,58.0,10,10,10,5,124;180;427;461;518
2022-23,FAIL,36,16,Gabriel,18.0,18.0,0.0,0,63.0,81.0,81.0,12,12,6,3,145;180;366
2022-23,FAIL,36,39,Mings,18.0,18.0,0.0,0,63.0,81.0,81.0,12,12,6,3,145;180;366
2022-23,FAIL,36,356,Wilson,18.0,18.0,0.0,0,63.0,81.0,81.0,12,12,6,3,145;180;366
2023-24,PASS,1,26,Trossard,-3.0,-3.0,0.0,0,47.0,44.0,44.0,10,10,10,5,14;396;781;834;845
2023-24,PASS,1,149,Undav,-3.0,-3.0,0.0,0,47.0,44.0,44.0,10,10,10,5,14;396;781;834;845
2023-24,PASS,1,245,Branthwaite,-3.0,-3.0,0.0,0,47.0,44.0,44.0,10,10,10,5,14;396;781;834;845
2023-24,PASS,1,294,Diogo J.,-3.0,-3.0,0.0,0,47.0,44.0,44.0,10,10,10,5,14;396;781;834;845
2023-24,PASS,1,398,Shaw,-3.0,-3.0,0.0,0,47.0,44.0,44.0,10,10,10,5,14;396;781;834;845
2023-24,PASS,2,232,Mateta,9.0,9.0,0.0,0,26.0,35.0,35.0,8,8,14,7,37;236;355;368;409;664;722
2023-24,PASS,2,290,Alexander-Arnold,9.0,9.0,0.0,0,26.0,35.0,35.0,8,8,14,7,37;236;355;368;409;664;722
2023-24,PASS,2,294,Diogo J.,9.0,9.0,0.0,0,26.0,35.0,35.0,8,8,14,7,37;236;355;368;409;664;722
2023-24,PASS,2,361,Ortega Moreno,9.0,9.0,0.0,0,26.0,35.0,35.0,8,8,14,7,37;236;355;368;409;664;722
2023-24,PASS,2,366,Sergio Gómez,9.0,9.0,0.0,0,26.0,35.0,35.0,8,8,14,7,37;236;355;368;409;664;722
2023-24,PASS,2,433,Wilson,9.0,9.0,0.0,0,26.0,35.0,35.0,8,8,14,7,37;236;355;368;409;664;722
2023-24,PASS,2,526,Bowen,9.0,9.0,0.0,0,26.0,35.0,35.0,8,8,14,7,37;236;355;368;409;664;722
2023-24,PASS,3,195,Chilwell,14.0,14.0,0.0,0,25.0,39.0,39.0,9,9,12,6,8;86;198;204;236;355
2023-24,PASS,3,232,Mateta,14.0,14.0,0.0,0,25.0,39.0,39.0,9,9,12,6,8;86;198;204;236;355
2023-24,PASS,3,294,Diogo J.,14.0,14.0,0.0,0,25.0,39.0,39.0,9,9,12,6,8;86;198;204;236;355
2023-24,PASS,3,308,Salah,14.0,14.0,0.0,0,25.0,39.0,39.0,9,9,12,6,8;86;198;204;236;355
2023-24,PASS,3,433,Wilson,14.0,14.0,0.0,0,25.0,39.0,39.0,9,9,12,6,8;86;198;204;236;355
2023-24,PASS,3,766,Kambwala,14.0,14.0,0.0,0,25.0,39.0,39.0,9,9,12,6,8;86;198;204;236;355
2023-24,PASS,4,113,Raya,8.0,8.0,0.0,0,15.0,23.0,23.0,11,11,8,4,8;275;290;313
2023-24,PASS,4,293,Darwin,8.0,8.0,0.0,0,15.0,23.0,23.0,11,11,8,4,8;275;290;313
2023-24,PASS,4,307,Robertson,8.0,8.0,0.0,0,15.0,23.0,23.0,11,11,8,4,8;275;290;313
2023-24,PASS,4,430,Trippier,8.0,8.0,0.0,0,15.0,23.0,23.0,11,11,8,4,8;275;290;313
2023-24,PASS,5,13,Nketiah,7.0,7.0,0.0,0,34.0,41.0,41.0,6,6,18,9,28;85;226;265;355;396;439;504;588
2023-24,PASS,5,42,Digne,7.0,7.0,0.0,0,34.0,41.0,41.0,6,6,18,9,28;85;226;265;355;396;439;504;588
2023-24,PASS,5,195,Chilwell,7.0,7.0,0.0,0,34.0,41.0,41.0,6,6,18,9,28;85;226;265;355;396;439;504;588
2023-24,PASS,5,294,Diogo J.,7.0,7.0,0.0,0,34.0,41.0,41.0,6,6,18,9,28;85;226;265;355;396;439;504;588
2023-24,PASS,5,308,Salah,7.0,7.0,0.0,0,34.0,41.0,41.0,6,6,18,9,28;85;226;265;355;396;439;504;588
2023-24,PASS,5,430,Trippier,7.0,7.0,0.0,0,34.0,41.0,41.0,6,6,18,9,28;85;226;265;355;396;439;504;588
2023-24,PASS,5,523,Antonio,7.0,7.0,0.0,0,34.0,41.0,41.0,6,6,18,9,28;85;226;265;355;396;439;504;588
2023-24,PASS,5,526,Bowen,7.0,7.0,0.0,0,34.0,41.0,41.0,6,6,18,9,28;85;226;265;355;396;439;504;588
2023-24,PASS,5,569,José Sá,7.0,7.0,0.0,0,34.0,41.0,41.0,6,6,18,9,28;85;226;265;355;396;439;504;588
2023-24,PASS,6,226,Eze,12.0,12.0,0.0,0,47.0,59.0,59.0,11,11,8,4,349;490;558;664
2023-24,PASS,6,293,Darwin,12.0,12.0,0.0,0,47.0,59.0,59.0,10,11,10,5,234;349;490;558;664
2023-24,PASS,6,433,Wilson,12.0,12.0,0.0,0,47.0,59.0,59.0,10,11,10,5,234;349;490;558;664
2023-24,PASS,6,513,Sarr,12.0,12.0,0.0,0,47.0,59.0,59.0,10,11,10,5,234;349;490;558;664
2023-24,PASS,7,245,Branthwaite,-5.0,-5.0,0.0,0,64.0,59.0,59.0,9,9,12,6,165;220;355;544;563;567
2023-24,PASS,7,307,Robertson,-5.0,-5.0,0.0,0,64.0,59.0,59.0,9,9,12,6,165;220;355;544;563;567
2023-24,PASS,7,433,Wilson,-5.0,-5.0,0.0,0,64.0,59.0,59.0,9,9,12,6,165;220;355;544;563;567
2023-24,PASS,7,504,Maddison,-5.0,-5.0,0.0,0,64.0,59.0,59.0,9,9,12,6,165;220;355;544;563;567
2023-24,PASS,7,506,Pedro Porro,-5.0,-5.0,0.0,0,64.0,59.0,59.0,9,9,12,6,165;220;355;544;563;567
2023-24,PASS,7,526,Bowen,-5.0,-5.0,0.0,0,64.0,59.0,59.0,9,9,12,6,165;220;355;544;563;567
2023-24,PASS,8,13,Nketiah,8.0,8.0,0.0,0,59.0,67.0,67.0,11,11,8,4,14;281;326;482
2023-24,PASS,8,245,Branthwaite,8.0,8.0,0.0,0,59.0,67.0,67.0,11,11,8,4,14;281;326;482
2023-24,PASS,8,361,Ortega Moreno,8.0,8.0,0.0,0,59.0,67.0,67.0,11,11,8,4,14;281;326;482
2023-24,PASS,8,516,Son,8.0,8.0,0.0,0,59.0,67.0,67.0,11,11,8,4,14;281;326;482
2023-24,PASS,9,13,Nketiah,6.0,6.0,0.0,0,97.0,103.0,103.0,8,8,14,7,33;88;178;220;355;471;584
2023-24,PASS,9,245,Branthwaite,6.0,6.0,0.0,0,97.0,103.0,103.0,8,8,14,7,33;88;178;220;355;471;584
2023-24,PASS,9,307,Robertson,6.0,6.0,0.0,0,97.0,103.0,103.0,8,8,14,7,33;88;178;220;355;471;584
2023-24,PASS,9,361,Ortega Moreno,6.0,6.0,0.0,0,97.0,103.0,103.0,8,8,14,7,33;88;178;220;355;471;584
2023-24,PASS,9,430,Trippier,6.0,6.0,0.0,0,97.0,103.0,103.0,8,8,14,7,33;88;178;220;355;471;584
2023-24,PASS,9,433,Wilson,6.0,6.0,0.0,0,97.0,103.0,103.0,8,8,14,7,33;88;178;220;355;471;584
2023-24,PASS,9,506,Pedro Porro,6.0,6.0,0.0,0,97.0,103.0,103.0,8,8,14,7,33;88;178;220;355;471;584
2023-24,PASS,10,60,Watkins,-11.0,-11.0,0.0,0,68.0,57.0,57.0,9,9,12,6,33;88;178;275;355;471
2023-24,PASS,10,225,Edouard,-11.0,-11.0,0.0,0,68.0,57.0,57.0,9,9,12,6,33;88;178;275;355;471
2023-24,PASS,10,291,A.Becker,-11.0,-11.0,0.0,0,68.0,57.0,57.0,9,9,12,6,33;88;178;275;355;471
2023-24,PASS,10,307,Robertson,-11.0,-11.0,0.0,0,68.0,57.0,57.0,9,9,12,6,33;88;178;275;355;471
2023-24,PASS,10,528,Coufal,-11.0,-11.0,0.0,0,68.0,57.0,57.0,9,9,12,6,33;88;178;275;355;471
2023-24,PASS,10,569,José Sá,-11.0,-11.0,0.0,0,68.0,57.0,57.0,9,9,12,6,33;88;178;275;355;471
2023-24,PASS,11,245,Branthwaite,14.0,14.0,0.0,0,21.0,35.0,35.0,9,9,12,6,33;112;265;482;504;511
2023-24,PASS,11,246,Calvert-Lewin,14.0,14.0,0.0,0,21.0,35.0,35.0,9,9,12,6,33;112;265;482;504;511
2023-24,PASS,11,361,Ortega Moreno,14.0,14.0,0.0,0,21.0,35.0,35.0,9,9,12,6,33;112;265;482;504;511
2023-24,PASS,11,362,Palmer,14.0,14.0,0.0,0,21.0,35.0,35.0,9,9,12,6,33;112;265;482;504;511
2023-24,PASS,11,430,Trippier,14.0,14.0,0.0,0,21.0,35.0,35.0,9,9,12,6,33;112;265;482;504;511
2023-24,PASS,11,506,Pedro Porro,14.0,14.0,0.0,0,21.0,35.0,35.0,9,9,12,6,33;112;265;482;504;511
2023-24,PASS,12,60,Watkins,-13.0,-13.0,0.0,0,81.0,68.0,68.0,11,11,8,4,29;355;362;703
2023-24,PASS,12,245,Branthwaite,-13.0,-13.0,0.0,0,81.0,68.0,68.0,11,11,8,4,29;355;362;703
2023-24,PASS,12,430,Trippier,-13.0,-13.0,0.0,0,81.0,68.0,68.0,11,11,8,4,29;355;362;703
2023-24,PASS,12,516,Son,-13.0,-13.0,0.0,0,81.0,68.0,68.0,11,11,8,4,29;355;362;703
2023-24,PASS,13,246,Calvert-Lewin,2.0,2.0,0.0,0,35.0,37.0,37.0,12,12,6,3,321;343;362
2023-24,PASS,13,249,A.Doucoure,2.0,2.0,0.0,0,35.0,37.0,37.0,12,12,6,3,321;343;362
2023-24,PASS,13,506,Pedro Porro,2.0,2.0,0.0,0,35.0,37.0,37.0,12,12,6,3,321;343;362
2023-24,PASS,14,178,Taylor,-3.0,-3.0,0.0,0,55.0,52.0,52.0,11,11,8,4,28;173;211;465
2023-24,PASS,14,293,Darwin,-3.0,-3.0,0.0,0,55.0,52.0,52.0,11,11,8,4,28;173;211;465
2023-24,PASS,14,393,Mengi,-3.0,-3.0,0.0,0,55.0,52.0,52.0,11,11,8,4,28;173;211;465
2023-24,PASS,14,524,Areola,-3.0,-3.0,0.0,0,55.0,52.0,52.0,11,11,8,4,28;173;211;465
2023-24,PASS,15,225,Edouard,6.0,6.0,0.0,0,39.0,45.0,45.0,11,11,8,4,33;43;361;377
2023-24,PASS,15,245,Branthwaite,6.0,6.0,0.0,0,39.0,45.0,45.0,11,11,8,4,33;43;361;377
2023-24,PASS,15,382,Garnacho,6.0,6.0,0.0,0,39.0,45.0,45.0,11,11,8,4,33;43;361;377
2023-24,PASS,15,482,Foderingham,6.0,6.0,0.0,0,39.0,45.0,45.0,11,11,8,4,33;43;361;377
2023-24,PASS,16,26,Trossard,4.0,4.0,0.0,0,69.0,73.0,73.0,13,13,4,2,43;220
2023-24,PASS,16,27,Trusty,4.0,4.0,0.0,0,69.0,73.0,73.0,13,13,4,2,43;220
2023-24,PASS,17,238,C.Richards,0.0,0.0,0.0,0,48.0,48.0,48.0,14,14,2,1,178
2023-24,PASS,18,31,Zinchenko,1.0,1.0,0.0,0,50.0,51.0,51.0,12,12,6,3,211;362;465
2023-24,PASS,18,557,Hee Chan,1.0,1.0,0.0,0,50.0,51.0,51.0,12,12,6,3,211;362;465
2023-24,PASS,18,590,Cunha,1.0,1.0,0.0,0,50.0,51.0,51.0,12,12,6,3,211;362;465
2023-24,PASS,19,77,Neto,7.0,7.0,0.0,0,26.0,33.0,33.0,10,10,10,5,14;211;265;377;385
2023-24,PASS,19,134,Gross,7.0,7.0,0.0,0,26.0,33.0,33.0,10,10,10,5,14;211;265;377;385
2023-24,PASS,19,245,Branthwaite,7.0,7.0,0.0,0,26.0,33.0,33.0,10,10,10,5,14;211;265;377;385
2023-24,PASS,19,246,Calvert-Lewin,7.0,7.0,0.0,0,26.0,33.0,33.0,10,10,10,5,14;211;265;377;385
2023-24,PASS,19,290,Alexander-Arnold,7.0,7.0,0.0,0,26.0,33.0,33.0,10,10,10,5,14;211;265;377;385
2023-24,PASS,20,191,B.Badiashile,5.0,5.0,0.0,0,84.0,89.0,89.0,11,11,8,4,33;238;313;393
2023-24,PASS,20,232,Mateta,5.0,5.0,0.0,0,84.0,89.0,89.0,11,11,8,4,33;238;313;393
2023-24,PASS,20,286,Tosin,5.0,5.0,0.0,0,84.0,89.0,89.0,11,11,8,4,33;238;313;393
2023-24,PASS,20,342,Aké,5.0,5.0,0.0,0,84.0,89.0,89.0,11,11,8,4,33;238;313;393
2023-24,PASS,21,77,Neto,-3.0,-3.0,0.0,0,29.0,26.0,26.0,13,13,4,2,134;524
2023-24,PASS,21,236,Olise,-3.0,-3.0,0.0,0,29.0,26.0,26.0,13,13,4,2,134;524
2023-24,PASS,23,31,Zinchenko,0.0,0.0,0.0,0,28.0,28.0,28.0,13,13,4,2,107;506
2023-24,PASS,23,382,Garnacho,0.0,0.0,0.0,0,28.0,28.0,28.0,13,13,4,2,107;506
2023-24,PASS,24,28,Turner,7.0,7.0,0.0,0,36.0,43.0,43.0,9,9,12,6,220;286;343;361;526;664
2023-24,PASS,24,43,Douglas Luiz,7.0,7.0,0.0,0,36.0,43.0,43.0,9,9,12,6,220;286;343;361;526;664
2023-24,PASS,24,238,C.Richards,7.0,7.0,0.0,0,36.0,43.0,43.0,9,9,12,6,220;286;343;361;526;664
2023-24,PASS,24,293,Darwin,7.0,7.0,0.0,0,36.0,43.0,43.0,9,9,12,6,220;286;343;361;526;664
2023-24,PASS,24,294,Diogo J.,7.0,7.0,0.0,0,36.0,43.0,43.0,9,9,12,6,220;286;343;361;526;664
2023-24,PASS,24,321,Doughty,7.0,7.0,0.0,0,36.0,43.0,43.0,9,9,12,6,220;286;343;361;526;664
2023-24,PASS,29,117,Toney,0.0,0.0,0.0,0,31.0,31.0,31.0,14,14,2,1,200
2023-24,PASS,31,90,Ajer,0.0,0.0,0.0,0,63.0,63.0,63.0,14,14,2,1,114
2024-25,PASS,1,23,Trossard,8.0,8.0,0.0,0,43.0,51.0,51.0,10,10,10,5,3;58;503;658;754
2024-25,PASS,1,129,João Pedro,8.0,8.0,0.0,0,43.0,51.0,51.0,10,10,10,5,3;58;503;658;754
2024-25,PASS,1,303,Souttar,8.0,8.0,0.0,0,43.0,51.0,51.0,10,10,10,5,3;58;503;658;754
2024-25,PASS,1,317,Diogo J.,8.0,8.0,0.0,0,43.0,51.0,51.0,10,10,10,5,3;58;503;658;754
2024-25,PASS,1,495,Pedro Porro,8.0,8.0,0.0,0,43.0,51.0,51.0,10,10,10,5,3;58;503;658;754
2024-25,PASS,2,207,Mateta,8.0,8.0,0.0,0,48.0,56.0,56.0,10,10,10,5,91;322;360;375;751
2024-25,PASS,2,317,Diogo J.,8.0,8.0,0.0,0,48.0,56.0,56.0,10,10,10,5,91;322;360;375;751
2024-25,PASS,2,445,Turner,8.0,8.0,0.0,0,48.0,56.0,56.0,10,10,10,5,91;322;360;375;751
2024-25,PASS,2,715,Godfrey,8.0,8.0,0.0,0,48.0,56.0,56.0,10,10,10,5,91;322;360;375;751
2024-25,PASS,2,743,McKenna,8.0,8.0,0.0,0,48.0,56.0,56.0,10,10,10,5,91;322;360;375;751
2024-25,PASS,3,122,Estupiñan,-10.0,-10.0,0.0,0,52.0,42.0,42.0,10,10,10,5,58;351;630;715;743
2024-25,PASS,3,306,Vardy,-10.0,-10.0,0.0,0,52.0,42.0,42.0,10,10,10,5,58;351;630;715;743
2024-25,PASS,3,317,Diogo J.,-10.0,-10.0,0.0,0,52.0,42.0,42.0,10,10,10,5,58;351;630;715;743
2024-25,PASS,3,401,Isak,-10.0,-10.0,0.0,0,52.0,42.0,42.0,10,10,10,5,58;351;630;715;743
2024-25,PASS,3,418,Trippier,-10.0,-10.0,0.0,0,52.0,42.0,42.0,10,10,10,5,58;351;630;715;743
2024-25,PASS,4,316,Darwin,-8.0,-8.0,0.0,0,13.0,5.0,5.0,11,11,8,4,82;311;636;755
2024-25,PASS,4,321,Gakpo,-8.0,-8.0,0.0,0,13.0,5.0,5.0,11,11,8,4,82;311;636;755
2024-25,PASS,4,491,Johnson,-8.0,-8.0,0.0,0,13.0,5.0,5.0,11,11,8,4,82;311;636;755
2024-25,PASS,4,495,Pedro Porro,-8.0,-8.0,0.0,0,13.0,5.0,5.0,11,11,8,4,82;311;636;755
2024-25,PASS,5,182,Palmer,11.0,11.0,0.0,0,51.0,62.0,62.0,9,9,12,6,207;326;345;366;472;527
2024-25,PASS,5,291,Faes,11.0,11.0,0.0,0,51.0,62.0,62.0,9,9,12,6,207;326;345;366;472;527
2024-25,PASS,5,317,Diogo J.,11.0,11.0,0.0,0,51.0,62.0,62.0,9,9,12,6,207;326;345;366;472;527
2024-25,PASS,5,447,Wood,11.0,11.0,0.0,0,51.0,62.0,62.0,9,9,12,6,207;326;345;366;472;527
2024-25,PASS,5,491,Johnson,11.0,11.0,0.0,0,51.0,62.0,62.0,9,9,12,6,207;326;345;366;472;527
2024-25,PASS,5,495,Pedro Porro,11.0,11.0,0.0,0,51.0,62.0,62.0,9,9,12,6,207;326;345;366;472;527
2024-25,PASS,6,71,Kluivert,20.0,20.0,0.0,0,55.0,75.0,75.0,9,9,12,6,58;88;91;199;282;742
2024-25,PASS,6,228,Keane,20.0,20.0,0.0,0,55.0,75.0,75.0,9,9,12,6,58;88;91;199;282;742
2024-25,PASS,6,239,Adama,20.0,20.0,0.0,0,55.0,75.0,75.0,9,9,12,6,58;88;91;199;282;742
2024-25,PASS,6,396,Dúbravka,20.0,20.0,0.0,0,55.0,75.0,75.0,9,9,12,6,58;88;91;199;282;742
2024-25,PASS,6,447,Wood,20.0,20.0,0.0,0,55.0,75.0,75.0,9,9,12,6,58;88;91;199;282;742
2024-25,PASS,6,533,Aït-Nouri,20.0,20.0,0.0,0,55.0,75.0,75.0,9,9,12,6,58;88;91;199;282;742
2024-25,PASS,7,228,Keane,-1.0,-1.0,0.0,0,57.0,56.0,56.0,10,10,10,5,58;99;291;369;522
2024-25,PASS,7,301,Okoli,-1.0,-1.0,0.0,0,57.0,56.0,56.0,10,10,10,5,58;99;291;369;522
2024-25,PASS,7,306,Vardy,-1.0,-1.0,0.0,0,57.0,56.0,56.0,10,10,10,5,58;99;291;369;522
2024-25,PASS,7,328,M.Salah,-1.0,-1.0,0.0,0,57.0,56.0,56.0,10,10,10,5,58;99;291;369;522
2024-25,PASS,7,445,Turner,-1.0,-1.0,0.0,0,57.0,56.0,56.0,10,10,10,5,58;99;291;369;522
2024-25,PASS,8,239,Adama,2.0,2.0,0.0,0,46.0,48.0,48.0,10,10,10,5,17;58;191;541;748
2024-25,PASS,8,316,Darwin,2.0,2.0,0.0,0,46.0,48.0,48.0,10,10,10,5,17;58;191;541;748
2024-25,PASS,8,447,Wood,2.0,2.0,0.0,0,46.0,48.0,48.0,10,10,10,5,17;58;191;541;748
2024-25,PASS,8,491,Johnson,2.0,2.0,0.0,0,46.0,48.0,48.0,10,10,10,5,17;58;191;541;748
2024-25,PASS,8,495,Pedro Porro,2.0,2.0,0.0,0,46.0,48.0,48.0,10,10,10,5,17;58;191;541;748
2024-25,PASS,9,36,Digne,10.0,10.0,0.0,0,69.0,79.0,79.0,13,13,4,2,88;291
2024-25,PASS,9,338,Van den Berg,10.0,10.0,0.0,0,69.0,79.0,79.0,13,13,4,2,88;291
2024-25,PASS,10,239,Adama,0.0,0.0,0.0,0,48.0,48.0,48.0,9,9,12,6,14;99;148;338;372;630
2024-25,PASS,10,396,Dúbravka,0.0,0.0,0.0,0,48.0,48.0,48.0,9,9,12,6,14;99;148;338;372;630
2024-25,PASS,10,422,Aina,0.0,0.0,0.0,0,48.0,48.0,48.0,9,9,12,6,14;99;148;338;372;630
2024-25,PASS,10,447,Wood,0.0,0.0,0.0,0,48.0,48.0,48.0,9,9,12,6,14;99;148;338;372;630
2024-25,PASS,10,491,Johnson,0.0,0.0,0.0,0,48.0,48.0,48.0,9,9,12,6,14;99;148;338;372;630
2024-25,PASS,10,495,Pedro Porro,0.0,0.0,0.0,0,48.0,48.0,48.0,9,9,12,6,14;99;148;338;372;630
2024-25,PASS,11,311,Alexander-Arnold,-15.0,-15.0,0.0,0,66.0,51.0,51.0,12,12,6,3,366;369;520
2024-25,PASS,11,491,Johnson,-15.0,-15.0,0.0,0,66.0,51.0,51.0,12,12,6,3,366;369;520
2024-25,PASS,11,630,O'Shea,-15.0,-15.0,0.0,0,66.0,51.0,51.0,12,12,6,3,366;369;520
2024-25,PASS,12,247,Iwobi,6.0,6.0,0.0,0,30.0,36.0,36.0,13,13,4,2,19;263
2024-25,PASS,12,291,Faes,6.0,6.0,0.0,0,30.0,36.0,36.0,13,13,4,2,19;263
2024-25,PASS,13,159,Chalobah,0.0,0.0,0.0,0,82.0,82.0,82.0,11,11,8,4,351;369;422;750
2024-25,PASS,13,350,Gvardiol,0.0,0.0,0.0,0,82.0,82.0,82.0,11,11,8,4,351;369;422;750
2024-25,PASS,13,366,B.Fernandes,0.0,0.0,0.0,0,82.0,82.0,82.0,11,11,8,4,351;369;422;750
2024-25,PASS,13,447,Wood,0.0,0.0,0.0,0,82.0,82.0,82.0,11,11,8,4,351;369;422;750
2024-25,PASS,14,51,Olsen,15.0,15.0,0.0,0,65.0,80.0,80.0,9,9,12,6,17;58;291;294;617;743
2024-25,PASS,14,182,Palmer,15.0,15.0,0.0,0,65.0,80.0,80.0,9,9,12,6,17;58;291;294;617;743
2024-25,PASS,14,252,Raúl,15.0,15.0,0.0,0,65.0,80.0,80.0,9,9,12,6,17;58;291;294;617;743
2024-25,PASS,14,401,Isak,15.0,15.0,0.0,0,65.0,80.0,80.0,9,9,12,6,17;58;291;294;617;743
2024-25,PASS,14,630,O'Shea,15.0,15.0,0.0,0,65.0,80.0,80.0,9,9,12,6,17;58;291;294;617;743
2024-25,PASS,14,754,Van Nistelrooy,15.0,15.0,0.0,0,65.0,80.0,80.0,9,9,12,6,17;58;291;294;617;743
2024-25,PASS,15,366,B.Fernandes,20.0,20.0,0.0,0,65.0,85.0,85.0,12,12,6,3,17;388;743
2024-25,PASS,15,495,Pedro Porro,20.0,20.0,0.0,0,65.0,85.0,85.0,12,12,6,3,17;388;743
2024-25,PASS,15,747,Nuno,20.0,20.0,0.0,0,65.0,85.0,85.0,12,12,6,3,17;388;743
2024-25,PASS,16,71,Kluivert,-11.0,-11.0,0.0,0,46.0,35.0,35.0,10,10,10,5,99;436;522;617;750
2024-25,PASS,16,129,João Pedro,-11.0,-11.0,0.0,0,46.0,35.0,35.0,10,10,10,5,99;436;522;617;750
2024-25,PASS,16,335,Robertson,-11.0,-11.0,0.0,0,46.0,35.0,35.0,10,10,10,5,99;436;522;617;750
2024-25,PASS,16,443,Sels,-11.0,-11.0,0.0,0,46.0,35.0,35.0,10,10,10,5,99;436;522;617;750
2024-25,PASS,16,737,Emery,-11.0,-11.0,0.0,0,46.0,35.0,35.0,10,10,10,5,99;436;522;617;750
2024-25,PASS,17,263,Burgess,-1.0,-1.0,0.0,0,37.0,36.0,36.0,12,12,6,3,88;267;524
2024-25,PASS,17,495,Pedro Porro,-1.0,-1.0,0.0,0,37.0,36.0,36.0,12,12,6,3,88;267;524
2024-25,PASS,17,630,O'Shea,-1.0,-1.0,0.0,0,37.0,36.0,36.0,12,12,6,3,88;267;524
2024-25,PASS,18,129,João Pedro,1.0,1.0,0.0,0,67.0,68.0,68.0,13,13,4,2,187;617
2024-25,PASS,18,543,Doherty,1.0,1.0,0.0,0,67.0,68.0,68.0,13,13,4,2,187;617
2024-25,PASS,19,129,João Pedro,9.0,9.0,0.0,0,60.0,69.0,69.0,11,11,8,4,263;288;306;514
2024-25,PASS,19,350,Gvardiol,9.0,9.0,0.0,0,60.0,69.0,69.0,11,11,8,4,263;288;306;514
2024-25,PASS,19,528,Mavropanos,9.0,9.0,0.0,0,60.0,69.0,69.0,11,11,8,4,263;288;306;514
2024-25,PASS,19,530,Souček,9.0,9.0,0.0,0,60.0,69.0,69.0,11,11,8,4,263;288;306;514
2024-25,PASS,20,129,João Pedro,-2.0,-2.0,0.0,0,75.0,73.0,73.0,13,13,4,2,110;749
2024-25,PASS,20,744,Slot,-2.0,-2.0,0.0,0,75.0,73.0,73.0,13,13,4,2,110;749
2024-25,PASS,21,91,Flekken,0.0,0.0,0.0,0,55.0,55.0,55.0,10,10,10,5,267;295;304;306;366
2024-25,PASS,21,129,João Pedro,0.0,0.0,0.0,0,55.0,55.0,55.0,10,10,10,5,267;295;304;306;366
2024-25,PASS,21,422,Aina,0.0,0.0,0.0,0,55.0,55.0,55.0,10,10,10,5,267;295;304;306;366
2024-25,PASS,21,491,Johnson,0.0,0.0,0.0,0,55.0,55.0,55.0,10,10,10,5,267;295;304;306;366
2024-25,PASS,21,573,Milenković,0.0,0.0,0.0,0,55.0,55.0,55.0,10,10,10,5,267;295;304;306;366
2024-25,PASS,22,306,Vardy,-13.0,-13.0,0.0,0,38.0,25.0,25.0,11,11,8,4,14;58;350;743
2024-25,PASS,22,491,Johnson,-13.0,-13.0,0.0,0,38.0,25.0,25.0,11,11,8,4,14;58;350;743
2024-25,PASS,22,521,Fabianski,-13.0,-13.0,0.0,0,38.0,25.0,25.0,11,11,8,4,14;58;350;743
2024-25,PASS,22,528,Mavropanos,-13.0,-13.0,0.0,0,38.0,25.0,25.0,11,11,8,4,14;58;350;743
2024-25,PASS,23,129,João Pedro,-1.0,-1.0,0.0,0,63.0,62.0,62.0,14,14,2,1,252
2024-25,PASS,24,270,Greaves,-3.0,-3.0,0.0,0,104.0,101.0,101.0,11,11,8,4,311;398;573;751
2024-25,PASS,24,327,Luis Díaz,-3.0,-3.0,0.0,0,104.0,101.0,101.0,11,11,8,4,311;398;573;751
2024-25,PASS,24,402,J.Murphy,-3.0,-3.0,0.0,0,104.0,101.0,101.0,11,11,8,4,311;398;573;751
2024-25,PASS,24,543,Doherty,-3.0,-3.0,0.0,0,104.0,101.0,101.0,11,11,8,4,311;398;573;751
2024-25,PASS,25,457,Bree,0.0,0.0,0.0,0,104.0,104.0,104.0,14,14,2,1,291
2024-25,PASS,26,71,Kluivert,17.0,17.0,0.0,0,65.0,82.0,82.0,11,11,8,4,36;78;252;521
2024-25,PASS,26,211,Muñoz,17.0,17.0,0.0,0,65.0,82.0,82.0,11,11,8,4,36;78;252;521
2024-25,PASS,26,218,Beto,17.0,17.0,0.0,0,65.0,82.0,82.0,11,11,8,4,36;78;252;521
2024-25,PASS,26,283,Walton,17.0,17.0,0.0,0,65.0,82.0,82.0,11,11,8,4,36;78;252;521
2024-25,PASS,28,181,Nkunku,-6.0,-6.0,0.0,0,58.0,52.0,52.0,10,10,10,5,14;291;366;388;750
2024-25,PASS,28,210,Mitchell,-6.0,-6.0,0.0,0,58.0,52.0,52.0,10,10,10,5,14;291;366;388;750
2024-25,PASS,28,443,Sels,-6.0,-6.0,0.0,0,58.0,52.0,52.0,10,10,10,5,14;291;366;388;750
2024-25,PASS,28,573,Milenković,-6.0,-6.0,0.0,0,58.0,52.0,52.0,10,10,10,5,14;291;366;388;750
2024-25,PASS,28,747,Nuno,-6.0,-6.0,0.0,0,58.0,52.0,52.0,10,10,10,5,14;291;366;388;750
2024-25,PASS,29,181,Nkunku,2.0,2.0,0.0,0,56.0,58.0,58.0,12,12,6,3,252;270;571
2024-25,PASS,29,218,Beto,2.0,2.0,0.0,0,56.0,58.0,58.0,12,12,6,3,252;270;571
2024-25,PASS,29,436,Murillo,2.0,2.0,0.0,0,56.0,58.0,58.0,12,12,6,3,252;270;571
2024-25,PASS,30,181,Nkunku,1.0,1.0,0.0,0,38.0,39.0,39.0,10,10,10,5,58;163;185;437;748
2024-25,PASS,30,218,Beto,1.0,1.0,0.0,0,38.0,39.0,39.0,10,10,10,5,58;163;185;437;748
2024-25,PASS,30,304,Stolarczyk,1.0,1.0,0.0,0,38.0,39.0,39.0,10,10,10,5,58;163;185;437;748
2024-25,PASS,30,456,Bella-Kotchap,1.0,1.0,0.0,0,38.0,39.0,39.0,10,10,10,5,58;163;185;437;748
2024-25,PASS,30,573,Milenković,1.0,1.0,0.0,0,38.0,39.0,39.0,10,10,10,5,58;163;185;437;748
2024-25,PASS,34,335,Robertson,2.0,2.0,0.0,0,58.0,60.0,60.0,12,12,6,3,91;99;580
2024-25,PASS,34,392,Barnes,2.0,2.0,0.0,0,58.0,60.0,60.0,12,12,6,3,91;99;580
2024-25,PASS,34,443,Sels,2.0,2.0,0.0,0,58.0,60.0,60.0,12,12,6,3,91;99;580
2025-26,FAIL,1,383,Luis Díaz,-3.0,-3.0,0.0,0,56.0,53.0,53.0,9,9,12,6,46;224;445;449;485;691
2025-26,FAIL,1,384,Gakpo,-3.0,-3.0,0.0,0,56.0,53.0,53.0,9,9,12,6,46;224;445;449;485;691
2025-26,FAIL,1,505,Milenković,-3.0,-3.0,0.0,0,56.0,53.0,53.0,9,9,12,6,46;224;445;449;485;691
2025-26,FAIL,1,596,Solanke,-3.0,-3.0,0.0,0,56.0,53.0,53.0,9,9,12,6,46;224;445;449;485;691
2025-26,FAIL,1,705,Campbell,-3.0,-3.0,0.0,0,56.0,53.0,53.0,9,9,12,6,46;224;445;449;485;691
2025-26,FAIL,1,710,Patterson,-3.0,-3.0,0.0,0,56.0,53.0,53.0,9,9,12,6,46;224;445;449;485;691
2025-26,FAIL,2,77,Hill,2.0,2.0,0.0,0,7.0,9.0,9.0,9,9,12,6,17;168;227;415;674;710
2025-26,FAIL,2,120,Schade,2.0,2.0,0.0,0,7.0,9.0,9.0,9,9,12,6,17;168;227;415;674;710
2025-26,FAIL,2,288,Travers,2.0,2.0,0.0,0,7.0,9.0,9.0,9,9,12,6,17;168;227;415;674;710
2025-26,FAIL,2,292,Mykolenko,2.0,2.0,0.0,0,7.0,9.0,9.0,9,9,12,6,17;168;227;415;674;710
2025-26,FAIL,2,485,Gordon,2.0,2.0,0.0,0,7.0,9.0,9.0,9,9,12,6,17;168;227;415;674;710
2025-26,FAIL,2,708,M.Fernandes,2.0,2.0,0.0,0,7.0,9.0,9.0,9,9,12,6,17;168;227;415;674;710
2025-26,FAIL,3,235,Palmer,-3.0,-3.0,0.0,0,14.0,11.0,11.0,11,11,8,4,77;381;691;706
2025-26,FAIL,3,292,Mykolenko,-3.0,-3.0,0.0,0,14.0,11.0,11.0,11,11,8,4,77;381;691;706
2025-26,FAIL,3,437,Martinez,-3.0,-3.0,0.0,0,14.0,11.0,11.0,11,11,8,4,77;381;691;706
2025-26,FAIL,3,525,Wood,-3.0,-3.0,0.0,0,14.0,11.0,11.0,11,11,8,4,77;381;691;706
2025-26,FAIL,4,225,James,6.0,6.0,0.0,0,20.0,26.0,26.0,11,11,8,4,30;453;674;725
2025-26,FAIL,4,235,Palmer,6.0,6.0,0.0,0,20.0,26.0,26.0,11,11,8,4,30;453;674;725
2025-26,FAIL,4,338,Muniz,6.0,6.0,0.0,0,20.0,26.0,26.0,11,11,8,4,30;453;674;725
2025-26,FAIL,4,782,Forster,6.0,6.0,0.0,0,20.0,26.0,26.0,11,11,8,4,30;453;674;725
2025-26,FAIL,5,86,Brooks,-5.0,-5.0,0.0,0,56.0,51.0,51.0,10,10,10,5,2;81;241;430;541
2025-26,FAIL,5,226,Chalobah,-5.0,-5.0,0.0,0,56.0,51.0,51.0,10,10,10,5,2;81;241;430;541
2025-26,FAIL,5,235,Palmer,-5.0,-5.0,0.0,0,56.0,51.0,51.0,10,10,10,5,2;81;241;430;541
2025-26,FAIL,5,499,Isak,-5.0,-5.0,0.0,0,56.0,51.0,51.0,10,10,10,5,2;81;241;430;541
2025-26,FAIL,5,567,Kinsky,-5.0,-5.0,0.0,0,56.0,51.0,51.0,10,10,10,5,2;81;241;430;541
2025-26,FAIL,6,217,Foster,-6.0,-6.0,0.0,0,49.0,43.0,43.0,11,11,8,4,82;136;348;732
2025-26,FAIL,6,257,Lacroix,-6.0,-6.0,0.0,0,49.0,43.0,43.0,11,11,8,4,82;136;348;732
2025-26,FAIL,6,338,Muniz,-6.0,-6.0,0.0,0,49.0,43.0,43.0,11,11,8,4,82;136;348;732
2025-26,FAIL,6,414,Foden,-6.0,-6.0,0.0,0,49.0,43.0,43.0,11,11,8,4,82;136;348;732
2025-26,FAIL,7,81,Kluivert,-4.0,-4.0,0.0,0,49.0,45.0,45.0,9,9,12,6,119;135;136;241;694;782
2025-26,FAIL,7,217,Foster,-4.0,-4.0,0.0,0,49.0,45.0,45.0,9,9,12,6,119;135;136;241;694;782
2025-26,FAIL,7,237,Enzo,-4.0,-4.0,0.0,0,49.0,45.0,45.0,9,9,12,6,119;135;136;241;694;782
2025-26,FAIL,7,295,Keane,-4.0,-4.0,0.0,0,49.0,45.0,45.0,9,9,12,6,119;135;136;241;694;782
2025-26,FAIL,7,525,Wood,-4.0,-4.0,0.0,0,49.0,45.0,45.0,9,9,12,6,119;135;136;241;694;782
2025-26,FAIL,7,670,Roefs,-4.0,-4.0,0.0,0,49.0,45.0,45.0,9,9,12,6,119;135;136;241;694;782
2025-26,FAIL,8,328,Sessegnon,5.0,5.0,0.0,0,71.0,76.0,76.0,11,11,8,4,257;449;470;493
2025-26,FAIL,8,384,Gakpo,5.0,5.0,0.0,0,71.0,76.0,76.0,11,11,8,4,257;449;470;493
2025-26,FAIL,8,411,O'Reilly,5.0,5.0,0.0,0,71.0,76.0,76.0,11,11,8,4,257;449;470;493
2025-26,FAIL,8,565,Vicario,5.0,5.0,0.0,0,71.0,76.0,76.0,11,11,8,4,257;449;470;493
2025-26,FAIL,9,81,Kluivert,3.0,3.0,0.0,0,31.0,34.0,34.0,11,11,8,4,291;547;691;732
2025-26,FAIL,9,136,Thiago,3.0,3.0,0.0,0,31.0,34.0,34.0,11,11,8,4,291;547;691;732
2025-26,FAIL,9,348,Rodon,3.0,3.0,0.0,0,31.0,34.0,34.0,11,11,8,4,291;547;691;732
2025-26,FAIL,9,749,Mané,3.0,3.0,0.0,0,31.0,34.0,34.0,11,11,8,4,291;547;691;732
2025-26,FAIL,10,178,Welbeck,-8.0,-8.0,0.0,0,74.0,66.0,66.0,11,11,8,4,5;119;560;585
2025-26,FAIL,10,267,Sarr,-8.0,-8.0,0.0,0,74.0,66.0,66.0,11,11,8,4,5;119;560;585
2025-26,FAIL,10,384,Gakpo,-8.0,-8.0,0.0,0,74.0,66.0,66.0,11,11,8,4,5;119;560;585
2025-26,FAIL,10,411,O'Reilly,-8.0,-8.0,0.0,0,74.0,66.0,66.0,11,11,8,4,5;119;560;585
2025-26,FAIL,11,267,Sarr,24.0,24.0,0.0,0,37.0,61.0,61.0,11,11,8,4,72;198;241;299
2025-26,FAIL,11,295,Keane,24.0,24.0,0.0,0,37.0,61.0,61.0,11,11,8,4,72;198;241;299
2025-26,FAIL,11,411,O'Reilly,24.0,24.0,0.0,0,37.0,61.0,61.0,11,11,8,4,72;198;241;299
2025-26,FAIL,11,585,Bentancur,24.0,24.0,0.0,0,37.0,61.0,61.0,11,11,8,4,72;198;241;299
2025-26,FAIL,12,283,Mateta,1.0,1.0,0.0,0,26.0,27.0,27.0,11,11,8,4,119;215;241;373
2025-26,FAIL,12,348,Rodon,1.0,1.0,0.0,0,26.0,27.0,27.0,11,11,8,4,119;215;241;373
2025-26,FAIL,12,384,Gakpo,1.0,1.0,0.0,0,26.0,27.0,27.0,11,11,8,4,119;215;241;373
2025-26,FAIL,12,452,Amad,1.0,1.0,0.0,0,26.0,27.0,27.0,11,11,8,4,119;215;241;373
2025-26,FAIL,13,100,Kroupi.Jr,-12.0,-12.0,0.0,0,43.0,31.0,31.0,12,12,6,3,136;241;348
2025-26,FAIL,13,267,Sarr,-12.0,-12.0,0.0,0,43.0,31.0,31.0,12,12,6,3,136;241;348
2025-26,FAIL,13,411,O'Reilly,-12.0,-12.0,0.0,0,43.0,31.0,31.0,12,12,6,3,136;241;348
2025-26,FAIL,14,178,Welbeck,0.0,0.0,0.0,0,52.0,52.0,52.0,10,10,10,5,67;119;136;191;215
2025-26,FAIL,14,283,Mateta,0.0,0.0,0.0,0,52.0,52.0,52.0,10,10,10,5,67;119;136;191;215
2025-26,FAIL,14,328,Sessegnon,0.0,0.0,0.0,0,52.0,52.0,52.0,10,10,10,5,67;119;136;191;215
2025-26,FAIL,14,670,Roefs,0.0,0.0,0.0,0,52.0,52.0,52.0,10,10,10,5,67;119;136;191;215
2025-26,FAIL,14,694,Mukiele,0.0,0.0,0.0,0,52.0,52.0,52.0,10,10,10,5,67;119;136;191;215
2025-26,FAIL,15,22,Merino,4.0,4.0,0.0,0,63.0,67.0,67.0,9,9,12,6,16;82;173;260;565;684
2025-26,FAIL,15,235,Palmer,4.0,4.0,0.0,0,63.0,67.0,67.0,9,9,12,6,16;82;173;260;565;684
2025-26,FAIL,15,348,Rodon,4.0,4.0,0.0,0,63.0,67.0,67.0,9,9,12,6,16;82;173;260;565;684
2025-26,FAIL,15,411,O'Reilly,4.0,4.0,0.0,0,63.0,67.0,67.0,9,9,12,6,16;82;173;260;565;684
2025-26,FAIL,15,414,Foden,4.0,4.0,0.0,0,63.0,67.0,67.0,9,9,12,6,16;82;173;260;565;684
2025-26,FAIL,15,470,Dúbravka,4.0,4.0,0.0,0,63.0,67.0,67.0,9,9,12,6,16;82;173;260;565;684
2025-26,FAIL,16,22,Merino,-2.0,-2.0,0.0,0,80.0,78.0,78.0,11,11,8,4,21;119;295;526
2025-26,FAIL,16,283,Mateta,-2.0,-2.0,0.0,0,80.0,78.0,78.0,11,11,8,4,21;119;295;526
2025-26,FAIL,16,384,Gakpo,-2.0,-2.0,0.0,0,80.0,78.0,78.0,11,11,8,4,21;119;295;526
2025-26,FAIL,16,606,Mavropanos,-2.0,-2.0,0.0,0,80.0,78.0,78.0,11,11,8,4,21;119;295;526
2025-26,FAIL,17,217,Foster,5.0,5.0,0.0,0,53.0,58.0,58.0,11,11,8,4,136;191;260;691
2025-26,FAIL,17,283,Mateta,5.0,5.0,0.0,0,53.0,58.0,58.0,11,11,8,4,136;191;260;691
2025-26,FAIL,17,348,Rodon,5.0,5.0,0.0,0,53.0,58.0,58.0,11,11,8,4,136;191;260;691
2025-26,FAIL,17,411,O'Reilly,5.0,5.0,0.0,0,53.0,58.0,58.0,11,11,8,4,136;191;260;691
2025-26,FAIL,18,283,Mateta,-7.0,-7.0,0.0,0,31.0,24.0,24.0,11,11,8,4,136;190;670;694
2025-26,FAIL,18,447,Heaven,-7.0,-7.0,0.0,0,31.0,24.0,24.0,11,11,8,4,136;190;670;694
2025-26,FAIL,18,470,Dúbravka,-7.0,-7.0,0.0,0,31.0,24.0,24.0,11,11,8,4,136;190;670;694
2025-26,FAIL,18,606,Mavropanos,-7.0,-7.0,0.0,0,31.0,24.0,24.0,11,11,8,4,136;190;670;694
2025-26,FAIL,19,120,Schade,-6.0,-6.0,0.0,0,47.0,41.0,41.0,11,11,8,4,125;283;295;470
2025-26,FAIL,19,190,Ekdal,-6.0,-6.0,0.0,0,47.0,41.0,41.0,11,11,8,4,125;283;295;470
2025-26,FAIL,19,600,Areola,-6.0,-6.0,0.0,0,47.0,41.0,41.0,11,11,8,4,125;283;295;470
2025-26,FAIL,19,691,Calvert-Lewin,-6.0,-6.0,0.0,0,47.0,41.0,41.0,11,11,8,4,125;283;295;470
2025-26,FAIL,20,20,Trossard,10.0,10.0,0.0,0,21.0,31.0,31.0,10,10,10,5,16;100;291;321;417
2025-26,FAIL,20,414,Foden,10.0,10.0,0.0,0,21.0,31.0,31.0,10,10,10,5,16;100;291;321;417
2025-26,FAIL,20,597,Richarlison,10.0,10.0,0.0,0,21.0,31.0,31.0,10,10,10,5,16;100;291;321;417
2025-26,FAIL,20,684,Thiaw,10.0,10.0,0.0,0,21.0,31.0,31.0,10,10,10,5,16;100;291;321;417
2025-26,FAIL,20,694,Mukiele,10.0,10.0,0.0,0,21.0,31.0,31.0,10,10,10,5,16;100;291;321;417
2025-26,FAIL,21,485,Gordon,-15.0,-15.0,0.0,0,51.0,36.0,36.0,14,14,2,1,82
2025-26,FAIL,22,139,Verbruggen,-1.0,-1.0,0.0,0,47.0,46.0,46.0,12,12,6,3,417;449;470
2025-26,FAIL,22,169,Gomez,-1.0,-1.0,0.0,0,47.0,46.0,46.0,12,12,6,3,417;449;470
2025-26,FAIL,22,235,Palmer,-1.0,-1.0,0.0,0,47.0,46.0,46.0,12,12,6,3,417;449;470
2025-26,FAIL,25,106,Collins,-3.0,-3.0,0.0,0,58.0,55.0,55.0,12,12,6,3,21;77;706
2025-26,FAIL,25,343,Struijk,-3.0,-3.0,0.0,0,58.0,55.0,55.0,12,12,6,3,21;77;706
2025-26,FAIL,25,487,Barnes,-3.0,-3.0,0.0,0,58.0,55.0,55.0,12,12,6,3,21;77;706
2025-26,FAIL,26,634,Mosquera,1.0,1.0,0.0,0,91.0,92.0,92.0,14,14,2,1,633
2025-26,FAIL,28,235,Palmer,-1.0,-1.0,0.0,0,56.0,55.0,55.0,12,12,6,3,16;343;628
2025-26,FAIL,28,341,Darlow,-1.0,-1.0,0.0,0,56.0,55.0,55.0,12,12,6,3,16;343;628
2025-26,FAIL,28,706,Justin,-1.0,-1.0,0.0,0,56.0,55.0,55.0,12,12,6,3,16;343;628
2025-26,FAIL,30,191,Estève,0.0,0.0,0.0,0,68.0,68.0,68.0,11,11,8,4,119;502;517;723
2025-26,FAIL,30,235,Palmer,0.0,0.0,0.0,0,68.0,68.0,68.0,11,11,8,4,119;502;517;723
2025-26,FAIL,30,341,Darlow,0.0,0.0,0.0,0,68.0,68.0,68.0,11,11,8,4,119;502;517;723
2025-26,FAIL,30,547,E.Le Fée,0.0,0.0,0.0,0,68.0,68.0,68.0,11,11,8,4,119;502;517;723
2025-26,FAIL,31,235,Palmer,1.0,1.0,0.0,0,68.0,69.0,69.0,14,14,2,1,457
2025-26,FAIL,32,191,Estève,-2.0,-2.0,0.0,0,45.0,43.0,43.0,11,11,8,4,113;119;457;606
2025-26,FAIL,32,235,Palmer,-2.0,-2.0,0.0,0,45.0,43.0,43.0,11,11,8,4,113;119;457;606
2025-26,FAIL,32,547,E.Le Fée,-2.0,-2.0,0.0,0,45.0,43.0,43.0,11,11,8,4,113;119;457;606
2025-26,FAIL,32,706,Justin,-2.0,-2.0,0.0,0,45.0,43.0,43.0,11,11,8,4,113;119;457;606
