season,e024_gate,gw,position,entrant_id,entrant_name,leaver_id,leaver_name,delta_mc,delta_u,dpts,both60,tie_pts,mc_pref_enter,u_pref_enter,actual_pref_enter,ctrl_mu_gap,gap_bucket,v_ctrl,v_swap
2022-23,FAIL,1,DEF,256,Ricardo,306,Cancelo,-1.7484,-1.9868,-7.0,0,0,0,0,0,1.8004,large,36.073,34.3246
2022-23,FAIL,1,DEF,196,Branthwaite,306,Cancelo,-1.8227,-2.0712,-7.0,0,0,0,0,0,1.804,large,36.073,34.2503
2022-23,FAIL,1,DEF,139,Chilwell,306,Cancelo,0.106,0.1204,2.0,1,0,1,1,1,0.7756,large,36.073,36.1789
2022-23,FAIL,1,MID,261,Maddison,428,Son,-0.8216,-0.9336,0.0,1,1,0,0,0,1.15,large,36.073,35.2514
2022-23,FAIL,1,MID,261,Maddison,13,Saka,0.7529,0.8556,-1.0,1,0,1,1,0,0.2296,near,36.073,36.8259
2022-23,FAIL,1,MID,303,Mahrez,428,Son,-0.7924,-0.9004,-4.0,0,0,0,0,0,1.42,large,36.073,35.2806
2022-23,FAIL,1,MID,303,Mahrez,13,Saka,0.7821,0.8888,-5.0,0,0,1,1,0,0.4996,mid,36.073,36.8551
2022-23,FAIL,1,MID,446,Kulusevski,428,Son,-0.6156,-0.6996,8.0,1,0,0,0,1,1.2732,large,36.073,35.4573
2022-23,FAIL,1,MID,446,Kulusevski,13,Saka,0.9588,1.0896,7.0,1,0,1,1,1,0.3528,mid,36.073,37.0318
2022-23,FAIL,1,FWD,242,Gelhardt,356,Wilson,-0.9849,-1.1192,-5.0,0,0,0,0,0,1.5172,large,36.073,35.0881
2022-23,FAIL,1,FWD,242,Gelhardt,345,Martial,-0.3587,-0.4076,1.0,0,0,0,0,1,1.404,large,36.073,35.7143
2022-23,FAIL,2,DEF,595,Zanka,329,Varane,-0.1555,-1.2956,-1.0,0,0,0,0,0,1.3672,large,39.7565,39.601
2022-23,FAIL,2,DEF,595,Zanka,482,Semedo,-0.2253,-1.8772,-1.0,0,0,0,0,0,1.9488,large,39.7565,39.5312
2022-23,FAIL,2,FWD,596,Ferguson,454,Richarlison,-0.5282,-2.8184,-1.0,0,0,0,0,0,2.8184,large,39.7565,39.2283
2022-23,FAIL,3,MID,261,Maddison,465,Bowen,-0.0553,-0.0628,5.0,1,0,0,0,1,0.2024,near,37.3749,37.3196
2022-23,FAIL,3,MID,261,Maddison,283,Salah,-0.283,-0.3216,-1.0,1,0,0,0,0,0.6188,mid,37.3749,37.0919
2022-23,FAIL,3,MID,303,Mahrez,465,Bowen,0.2644,0.3004,-2.0,0,0,1,1,0,0.3,mid,37.3749,37.6393
2022-23,FAIL,3,MID,303,Mahrez,283,Salah,0.0366,0.0416,-8.0,0,0,1,1,0,0.7164,mid,37.3749,37.4115
2022-23,FAIL,3,DEF,595,Zanka,439,Tanganga,0.017,0.142,0.0,0,1,1,1,0,0.068,near,37.3749,37.392
2022-23,FAIL,3,DEF,595,Zanka,180,Keane,-0.0229,-0.1908,0.0,0,1,0,0,0,0.4024,mid,37.3749,37.352
2022-23,FAIL,3,DEF,343,B.Williams,439,Tanganga,-0.0031,-0.026,0.0,0,1,0,0,0,0.0244,near,37.3749,37.3718
2022-23,FAIL,3,DEF,343,B.Williams,180,Keane,-0.0431,-0.3588,0.0,0,1,0,0,0,0.3588,mid,37.3749,37.3319
2022-23,FAIL,3,FWD,701,Weghorst,585,Dennis,-1.108,-1.2708,0.0,0,1,0,0,0,1.2708,large,37.3749,36.2669
2022-23,FAIL,3,FWD,701,Weghorst,110,Maupay,-0.876,-1.0072,0.0,0,1,0,0,0,1.0072,large,37.3749,36.4989
2022-23,FAIL,4,GKP,426,Forster,81,Raya,-0.0569,-0.3196,-6.0,0,0,0,0,0,0.3312,mid,38.9941,38.9372
2022-23,FAIL,4,MID,465,Bowen,301,De Bruyne,-0.6948,-0.7896,1.0,1,0,0,0,1,0.97,large,38.9941,38.2993
2022-23,FAIL,4,MID,314,Foden,301,De Bruyne,-0.7216,-0.82,2.0,1,0,0,0,1,0.8604,large,38.9941,38.2725
2022-23,FAIL,4,MID,446,Kulusevski,301,De Bruyne,-0.673,-0.7648,4.0,1,0,0,0,1,1.1264,large,38.9941,38.3211
2022-23,FAIL,5,MID,261,Maddison,301,De Bruyne,-0.1302,-0.148,0.0,0,1,0,0,0,0.8284,large,31.969,31.8388
2022-23,FAIL,5,MID,303,Mahrez,301,De Bruyne,0.9634,1.0948,3.0,0,0,1,1,1,0.7304,mid,31.969,32.9324
2022-23,FAIL,5,MID,465,Bowen,301,De Bruyne,-0.2717,-0.3088,1.0,0,0,0,0,1,0.69,mid,31.969,31.6973
2022-23,FAIL,5,DEF,249,Evans,257,Amartey,0.1825,0.3052,2.0,0,0,1,1,1,0.2276,near,31.969,32.1516
2022-23,FAIL,5,DEF,249,Evans,258,Castagne,0.169,0.192,2.0,0,0,1,1,1,0.1948,near,31.969,32.138
2022-23,FAIL,5,DEF,249,Evans,235,Struijk,0.0605,0.0688,-2.0,1,0,1,1,0,0.1672,near,31.969,32.0296
2022-23,FAIL,5,DEF,249,Evans,57,Smith,0.1602,0.182,-4.0,1,0,1,1,0,0.1312,near,31.969,32.1292
2022-23,FAIL,5,DEF,249,Evans,156,Ward,0.1778,0.266,0.0,1,1,1,1,0,0.188,near,31.969,32.1469
2022-23,FAIL,5,DEF,463,Coufal,257,Amartey,0.154,0.2728,2.0,0,0,1,1,1,0.1548,near,31.969,32.1231
2022-23,FAIL,5,DEF,463,Coufal,258,Castagne,0.1404,0.1596,2.0,0,0,1,1,1,0.122,near,31.969,32.1095
2022-23,FAIL,5,DEF,463,Coufal,235,Struijk,0.032,0.0364,-2.0,1,0,1,1,0,0.0944,near,31.969,32.0011
2022-23,FAIL,5,DEF,463,Coufal,57,Smith,0.1316,0.1496,-4.0,1,0,1,1,0,0.0584,near,31.969,32.1007
2022-23,FAIL,5,DEF,463,Coufal,156,Ward,0.1493,0.2336,0.0,1,1,1,1,0,0.1152,near,31.969,32.1184
2022-23,FAIL,5,FWD,279,Firmino,288,Diogo Jota,0.4175,0.4744,9.0,0,0,1,1,1,0.6328,mid,31.969,32.3865
2022-23,FAIL,5,FWD,279,Firmino,318,Haaland,-0.0489,-0.0556,-8.0,1,0,0,0,0,1.1628,large,31.969,31.9201
2022-23,FAIL,5,FWD,697,Sadi,288,Diogo Jota,-0.9614,-2.5472,0.0,0,1,0,0,0,2.5472,large,31.969,31.0076
2022-23,FAIL,5,FWD,697,Sadi,210,Mitrović,-0.5182,-2.0436,-9.0,0,0,0,0,0,2.0436,large,31.969,31.4508
2022-23,FAIL,5,FWD,697,Sadi,318,Haaland,-1.4278,-3.0772,-17.0,0,0,0,0,0,3.0772,large,31.969,30.5412
2022-23,FAIL,5,FWD,255,Vardy,318,Haaland,0.1697,0.1928,-15.0,1,0,1,1,0,1.0148,large,31.969,32.1387
2022-23,FAIL,6,FWD,356,Wilson,288,Diogo Jota,0.44,0.5,-1.0,0,0,1,1,0,0.2308,near,33.0226,33.4626
2022-23,FAIL,6,FWD,356,Wilson,427,Kane,-0.2168,-0.2464,-9.0,0,0,0,0,0,0.642,mid,33.0226,32.8058
2022-23,FAIL,6,FWD,145,Havertz,288,Diogo Jota,0.345,0.392,5.0,0,0,1,1,1,0.2044,near,33.0226,33.3676
2022-23,FAIL,6,FWD,145,Havertz,427,Kane,-0.3119,-0.3544,-3.0,0,0,0,0,0,0.6156,mid,33.0226,32.7108
2022-23,FAIL,6,FWD,380,Lyle Taylor,288,Diogo Jota,-0.535,-2.368,-1.0,0,0,0,0,0,2.368,large,33.0226,32.4877
2022-23,FAIL,6,FWD,380,Lyle Taylor,427,Kane,-1.1918,-3.1144,-9.0,0,0,0,0,0,2.7792,large,33.0226,31.8308
2022-23,FAIL,6,FWD,380,Lyle Taylor,210,Mitrović,-0.4033,-2.2184,-5.0,0,0,0,0,0,2.2184,large,33.0226,32.6193
2022-23,FAIL,6,DEF,435,Sánchez,106,Dunk,0.0285,0.0324,-1.0,0,0,1,1,0,0.3384,mid,33.0226,33.0511
2022-23,FAIL,6,DEF,435,Sánchez,235,Struijk,0.1023,0.2568,0.0,0,1,1,1,0,0.0716,near,33.0226,33.1249
2022-23,FAIL,6,DEF,435,Sánchez,461,Zouma,0.0946,0.1932,-1.0,0,0,1,1,0,0.0716,near,33.0226,33.1172
2022-23,FAIL,8,DEF,16,Gabriel,445,Emerson Royal,0.0242,0.1584,5.0,0,0,1,1,1,0.0316,near,31.9636,31.9878
2022-23,FAIL,8,DEF,16,Gabriel,526,Mee,0.0155,0.086,5.0,1,0,1,1,1,0.094,near,31.9636,31.9791
2022-23,FAIL,8,MID,468,Soucek,480,Neves,-0.0367,-0.1844,1.0,1,0,0,0,1,0.1268,near,31.9636,31.9269
2022-23,FAIL,8,GKP,182,Pickford,31,Martínez,0.0046,0.0384,-6.0,0,0,1,1,0,0.022,near,31.9636,31.9682
2022-23,FAIL,9,DEF,357,Trippier,209,Tosin,0.5616,0.7256,7.0,1,0,1,1,1,0.1356,near,31.3371,31.8987
2022-23,FAIL,9,DEF,357,Trippier,484,Kilman,0.5581,0.6964,6.0,1,0,1,1,1,0.114,near,31.3371,31.8952
2022-23,FAIL,9,DEF,39,Mings,209,Tosin,0.0109,0.0908,6.0,1,0,1,1,1,0.0728,near,31.3371,31.348
2022-23,FAIL,9,DEF,39,Mings,484,Kilman,0.0074,0.0616,5.0,1,0,1,1,1,0.0512,near,31.3371,31.3445
2022-23,FAIL,9,FWD,262,Iheanacho,356,Wilson,0.0051,0.0428,-6.0,0,0,1,1,0,0.7408,mid,31.3371,31.3422
2022-23,FAIL,11,FWD,40,Watkins,617,Aubameyang,0.1042,0.1184,1.0,0,0,1,1,1,0.1168,near,30.254,30.3582
2022-23,FAIL,11,DEF,538,Young,209,Tosin,0.0173,0.144,1.0,0,0,1,1,1,0.0216,near,30.254,30.2713
2022-23,FAIL,12,MID,261,Maddison,333,Fernandes,0.6418,0.7684,-11.0,0,0,1,1,0,0.0788,near,31.5897,32.2316
2022-23,FAIL,12,MID,264,Barnes,680,Gakpo,0.4308,0.4896,8.0,0,0,1,1,1,0.4424,mid,31.5897,32.0206
2022-23,FAIL,12,MID,264,Barnes,333,Fernandes,0.5964,0.7168,-3.0,1,0,1,1,0,0.2116,near,31.5897,32.1862
2022-23,FAIL,12,MID,465,Bowen,333,Fernandes,0.3247,0.408,-11.0,1,0,1,1,0,0.1256,near,31.5897,31.9144
2022-23,FAIL,12,DEF,366,Schär,377,Botman,0.051,0.1132,-2.0,1,0,1,1,0,0.04,near,31.5897,31.6407
2022-23,FAIL,12,DEF,84,Ajer,342,Dalot,0.006,0.0068,-6.0,0,0,1,1,0,0.4872,mid,31.5897,31.5957
2022-23,FAIL,12,DEF,84,Ajer,377,Botman,0.0137,0.0708,-7.0,0,0,1,1,0,0.2812,mid,31.5897,31.6034
2022-23,FAIL,13,FWD,288,Diogo Jota,617,Aubameyang,0.3946,0.4484,-2.0,0,0,1,1,0,0.3784,mid,30.853,31.2476
2022-23,FAIL,13,FWD,288,Diogo Jota,318,Haaland,-0.1478,-0.168,-13.0,0,0,0,0,0,0.9948,large,30.853,30.7052
2022-23,FAIL,13,FWD,166,Edouard,617,Aubameyang,-0.3189,-0.3624,0.0,1,1,0,0,0,0.8816,large,30.853,30.5341
2022-23,FAIL,13,FWD,166,Edouard,318,Haaland,-0.8613,-0.9788,-11.0,1,0,0,0,0,1.498,large,30.853,29.9917
2022-23,FAIL,13,DEF,141,Chalobah,475,Coady,0.3531,0.4012,-4.0,1,0,1,1,0,0.3168,mid,30.853,31.2061
2022-23,FAIL,14,FWD,166,Edouard,66,Solanke,0.0197,0.164,4.0,1,0,1,1,1,0.4652,mid,31.89,31.9097
2022-23,FAIL,14,FWD,166,Edouard,427,Kane,-0.2794,-0.3976,5.0,1,0,0,0,1,0.8676,large,31.89,31.6106
2022-23,FAIL,14,DEF,257,Amartey,576,Senesi,-0.0307,-0.066,1.0,1,0,0,0,1,0.0996,near,31.89,31.8593
2022-23,FAIL,14,DEF,257,Amartey,342,Dalot,-0.0043,-0.036,-7.0,1,0,0,0,0,0.0644,near,31.89,31.8857
2022-23,FAIL,14,DEF,39,Mings,576,Senesi,-0.078,-0.4596,-1.0,1,0,0,0,0,0.5924,mid,31.89,31.812
2022-23,FAIL,14,DEF,39,Mings,342,Dalot,-0.0516,-0.4296,-9.0,1,0,0,0,0,0.5572,mid,31.89,31.8384
2022-23,FAIL,14,MID,261,Maddison,680,Gakpo,0.3495,0.3972,2.0,0,0,1,1,1,0.4408,mid,31.89,32.2395
2022-23,FAIL,14,MID,261,Maddison,169,Eze,0.3823,0.4344,-1.0,1,0,1,1,0,0.2368,near,31.89,32.2723
2022-23,FAIL,14,MID,374,Bruno Guimarães,680,Gakpo,0.321,0.3648,3.0,0,0,1,1,1,0.534,mid,31.89,32.211
2022-23,FAIL,14,MID,374,Bruno Guimarães,169,Eze,0.3538,0.402,0.0,1,1,1,1,0,0.33,mid,31.89,32.2438
2022-23,FAIL,14,MID,374,Bruno Guimarães,369,Almirón,0.5068,0.7928,-9.0,1,0,1,1,0,0.2916,mid,31.89,32.3968
2022-23,FAIL,14,GKP,518,Hennessey,2,Leno,-0.0888,-0.7404,-10.0,0,0,0,0,0,0.7404,mid,31.89,31.8012
2022-23,FAIL,15,FWD,288,Diogo Jota,427,Kane,0.4041,0.4592,-8.0,0,0,1,1,0,0.3324,mid,30.6064,31.0105
2022-23,FAIL,15,FWD,166,Edouard,66,Solanke,-0.0034,-0.0284,-6.0,0,0,0,0,0,0.512,mid,30.6064,30.603
2022-23,FAIL,15,FWD,166,Edouard,427,Kane,-0.5318,-0.6288,-8.0,0,0,0,0,0,0.9524,large,30.6064,30.0747
2022-23,FAIL,15,DEF,39,Mings,516,Collins,-0.1035,-0.1176,1.0,1,0,0,0,1,0.2512,mid,30.6064,30.5029
2022-23,FAIL,15,DEF,39,Mings,461,Zouma,0.0021,0.0024,0.0,1,1,1,1,0,0.1772,near,30.6064,30.6085
2022-23,FAIL,15,DEF,39,Mings,475,Coady,0.0239,0.0272,0.0,1,1,1,1,0,0.1064,near,30.6064,30.6304
2022-23,FAIL,15,DEF,141,Chalobah,475,Coady,0.3393,0.3856,0.0,1,1,1,1,0,0.1452,near,30.6064,30.9458
2022-23,FAIL,15,DEF,538,Young,516,Collins,0.013,0.0148,1.0,0,0,1,1,1,0.2032,near,30.6064,30.6195
2022-23,FAIL,15,DEF,538,Young,461,Zouma,0.1186,0.1348,0.0,0,1,1,1,0,0.1292,near,30.6064,30.7251
2022-23,FAIL,15,DEF,538,Young,475,Coady,0.1404,0.1596,0.0,0,1,1,1,0,0.0584,near,30.6064,30.7469
2022-23,FAIL,16,MID,464,Benrahma,680,Gakpo,0.1538,0.1748,2.0,0,0,1,1,1,0.6432,mid,31.6019,31.7558
2022-23,FAIL,16,MID,464,Benrahma,614,Willian,0.1982,0.2252,0.0,1,1,1,1,0,0.5928,mid,31.6019,31.8001
2022-23,FAIL,16,MID,374,Bruno Guimarães,680,Gakpo,0.138,0.1568,3.0,0,0,1,1,1,0.5888,mid,31.6019,31.7399
2022-23,FAIL,16,MID,374,Bruno Guimarães,614,Willian,0.1823,0.2072,1.0,1,0,1,1,1,0.5384,mid,31.6019,31.7843
2022-23,FAIL,17,DEF,16,Gabriel,342,Dalot,0.1045,0.1188,2.0,0,0,1,1,1,0.1768,near,29.6151,29.7197
2022-23,FAIL,17,DEF,141,Chalobah,257,Amartey,0.1,0.1136,0.0,0,1,1,1,0,0.4612,mid,29.6151,29.7151
2022-23,FAIL,17,DEF,141,Chalobah,342,Dalot,0.0722,0.082,1.0,0,0,1,1,1,0.5572,mid,29.6151,29.6873
2022-23,FAIL,17,MID,42,Buendía,614,Willian,0.2961,0.3496,-4.0,1,0,1,1,0,0.1444,near,29.6151,29.9112
2022-23,FAIL,17,MID,42,Buendía,519,Eriksen,0.2943,0.3344,-3.0,1,0,1,1,0,0.1596,near,29.6151,29.9094
2022-23,FAIL,17,MID,171,Olise,614,Willian,0.514,0.5972,-4.0,1,0,1,1,0,0.214,near,29.6151,30.1291
2022-23,FAIL,17,MID,171,Olise,519,Eriksen,0.5122,0.582,-3.0,1,0,1,1,0,0.2292,near,29.6151,30.1273
2022-23,FAIL,18,FWD,288,Diogo Jota,427,Kane,-0.207,-0.2352,-2.0,0,0,0,0,0,0.1196,near,30.3998,30.1928
2022-23,FAIL,18,MID,300,Gündogan,680,Gakpo,0.3284,0.3732,1.0,0,0,1,1,1,0.1984,near,30.3998,30.7282
2022-23,FAIL,18,MID,464,Benrahma,680,Gakpo,0.2323,0.264,2.0,0,0,1,1,1,0.5448,mid,30.3998,30.6321
2022-23,FAIL,18,MID,464,Benrahma,369,Almirón,0.5021,0.602,-1.0,1,0,1,1,0,0.3156,mid,30.3998,30.9019
2022-23,FAIL,19,GKP,518,Hennessey,81,Raya,-0.077,-0.642,-3.0,0,0,0,0,0,0.638,mid,41.3772,41.3002
2022-23,FAIL,20,DEF,595,Zanka,302,Stones,-2.0152,-2.29,0.0,0,1,0,0,0,2.6752,large,55.7619,53.7467
2022-23,FAIL,20,DEF,595,Zanka,628,Aurier,0.0081,0.0676,-7.0,0,0,1,1,0,0.4168,mid,55.7619,55.77
2022-23,FAIL,20,DEF,595,Zanka,92,Pinnock,0.0162,0.1352,-5.0,0,0,1,1,0,0.3104,mid,55.7619,55.7781
2022-23,FAIL,20,FWD,619,Gnonto,11,Nketiah,-0.1309,-1.0908,0.0,1,1,0,0,0,0.3888,mid,55.7619,55.631
2022-23,FAIL,21,DEF,16,Gabriel,302,Stones,-0.2112,-0.24,-7.0,1,0,0,0,0,0.2728,mid,32.8252,32.614
2022-23,FAIL,21,DEF,222,Ayling,302,Stones,-0.1193,-0.1356,0.0,1,1,0,0,0,0.506,mid,32.8252,32.7058
2022-23,FAIL,21,MID,171,Olise,680,Gakpo,0.0155,0.0176,-3.0,0,0,1,1,0,0.4344,mid,32.8252,32.8406
2022-23,FAIL,21,MID,171,Olise,335,Rashford,0.0461,0.0524,-7.0,0,0,1,1,0,0.3332,mid,32.8252,32.8713
2022-23,FAIL,21,MID,171,Olise,283,Salah,-0.2147,-0.244,-3.0,0,0,0,0,0,0.5188,mid,32.8252,32.6104
2022-23,FAIL,21,MID,278,Chamberlain,680,Gakpo,0.1236,0.1404,-3.0,0,0,1,1,0,0.66,mid,32.8252,32.9487
2022-23,FAIL,21,MID,278,Chamberlain,283,Salah,-0.1067,-0.1212,-3.0,0,0,0,0,0,0.7444,mid,32.8252,32.7185
2022-23,FAIL,22,DEF,92,Pinnock,448,Perišić,0.0024,0.0196,1.0,1,0,1,1,1,0.008,near,44.1048,44.1071
2022-23,FAIL,22,MID,135,Ziyech,699,Mudryk,0.2165,0.4308,0.0,0,1,1,1,0,0.4452,mid,44.1048,44.3212
2022-23,FAIL,22,MID,135,Ziyech,7,Ødegaard,0.1908,0.2168,-1.0,0,0,1,1,0,0.6112,mid,44.1048,44.2955
2022-23,FAIL,23,DEF,257,Amartey,73,Kelly,-0.014,-0.1164,0.0,0,1,0,0,0,0.0844,near,50.169,50.155
2022-23,FAIL,23,DEF,257,Amartey,16,Gabriel,-2.2472,-2.7232,-3.0,0,0,0,0,0,2.6912,large,50.169,47.9219
2022-23,FAIL,23,DEF,257,Amartey,470,Diop,-0.0236,-0.1964,-6.0,0,0,0,0,0,0.1644,near,50.169,50.1454
2022-23,FAIL,23,DEF,463,Coufal,73,Kelly,-0.0229,-0.1912,1.0,0,0,0,0,1,0.2456,near,50.169,50.1461
2022-23,FAIL,23,DEF,463,Coufal,16,Gabriel,-2.2561,-2.798,-2.0,1,0,0,0,0,2.8524,large,50.169,47.9129
2022-23,FAIL,23,DEF,463,Coufal,470,Diop,-0.0325,-0.2712,-5.0,1,0,0,0,0,0.3256,mid,50.169,50.1365
2022-23,FAIL,23,DEF,222,Ayling,16,Gabriel,-1.9522,-2.2184,-2.0,1,0,0,0,0,2.5576,large,50.169,48.2168
2022-23,FAIL,23,MID,171,Olise,335,Rashford,-0.0542,-0.0616,-6.0,1,0,0,0,0,0.4016,mid,50.169,50.1148
2022-23,FAIL,24,MID,42,Buendía,7,Ødegaard,0.0598,0.068,-6.0,1,0,1,1,0,0.2148,near,31.5351,31.5949
2022-23,FAIL,24,MID,42,Buendía,333,Fernandes,0.0461,0.0524,-10.0,1,0,1,1,0,0.2304,near,31.5351,31.5812
2022-23,FAIL,24,MID,446,Kulusevski,333,Fernandes,0.5618,0.6384,-9.0,1,0,1,1,0,0.1004,near,31.5351,32.0969
2022-23,FAIL,25,DEF,222,Ayling,285,Alexander-Arnold,-2.1362,-2.7084,-7.0,1,0,0,0,0,2.6992,large,53.9796,51.8433
2022-23,FAIL,26,FWD,262,Iheanacho,318,Haaland,0.2904,0.33,-2.0,1,0,1,1,0,0.4672,mid,33.1182,33.4086
2022-23,FAIL,26,FWD,394,Johnson,318,Haaland,-0.4948,-1.0704,9.0,1,0,0,0,1,1.0704,large,33.1182,32.6235
2022-23,FAIL,27,FWD,11,Nketiah,427,Kane,0.0261,0.2176,-13.0,0,0,1,1,0,0.206,near,51.4265,51.4526
2022-23,FAIL,27,FWD,11,Nketiah,95,Mbeumo,-0.544,-0.7104,-4.0,0,0,0,0,0,1.134,large,51.4265,50.8825
2022-23,FAIL,27,FWD,262,Iheanacho,427,Kane,0.0954,0.7948,-11.0,1,0,1,1,0,0.064,near,51.4265,51.5219
2022-23,FAIL,27,FWD,262,Iheanacho,95,Mbeumo,-0.1172,-0.1332,-2.0,1,0,0,0,0,0.992,large,51.4265,51.3093
2022-23,FAIL,28,MID,45,Bailey,233,Harrison,0.0025,0.0212,-3.0,1,0,1,1,0,0.1816,near,31.7774,31.78
2022-23,FAIL,29,DEF,256,Ricardo,342,Dalot,0.3347,0.6532,1.0,0,0,1,1,1,0.8712,large,64.4512,64.7858
2022-23,FAIL,29,MID,464,Benrahma,233,Harrison,0.1651,0.2964,-5.0,1,0,1,1,0,0.2208,near,64.4512,64.6163
2022-23,FAIL,30,DEF,256,Ricardo,280,Van Dijk,0.138,0.1568,1.0,0,0,1,1,1,0.6688,mid,34.4087,34.5467
2022-23,FAIL,30,DEF,256,Ricardo,92,Pinnock,0.17,0.4232,0.0,0,1,1,1,0,0.4024,mid,34.4087,34.5787
2022-23,FAIL,30,DEF,180,Keane,280,Van Dijk,-0.1158,-0.3012,1.0,1,0,0,0,1,0.6,mid,34.4087,34.2929
2022-23,FAIL,30,DEF,180,Keane,92,Pinnock,-0.0042,-0.0348,0.0,1,1,0,0,0,0.3336,mid,34.4087,34.4045
2022-23,FAIL,32,MID,88,Jensen,233,Harrison,-0.0197,-0.164,0.0,1,1,0,0,0,0.164,near,35.2787,35.259
2022-23,FAIL,33,FWD,288,Diogo Jota,427,Kane,-0.0475,-0.054,-10.0,0,0,0,0,0,0.644,mid,34.7425,34.695
2022-23,FAIL,33,DEF,199,Tarkowski,461,Zouma,-0.0056,-0.0464,-1.0,1,0,0,0,0,0.0464,near,34.7425,34.7369
2022-23,FAIL,33,DEF,199,Tarkowski,222,Ayling,-0.0113,-0.094,-1.0,1,0,0,0,0,0.07,near,34.7425,34.7312
2022-23,FAIL,36,DEF,16,Gabriel,366,Schär,-2.26,-2.726,-1.0,1,0,0,0,0,2.726,large,54.0361,51.7761
2022-23,FAIL,36,DEF,39,Mings,366,Schär,-2.2799,-2.8924,0.0,1,1,0,0,0,2.8924,large,54.0361,51.7562
2023-24,PASS,1,MID,294,Diogo J.,396,Rashford,0.4822,0.548,-2.0,1,0,1,1,0,0.5552,mid,32.9193,33.4016
2023-24,PASS,1,MID,294,Diogo J.,14,Ødegaard,0.7836,0.8904,-1.0,1,0,1,1,0,0.4596,mid,32.9193,33.7029
2023-24,PASS,1,MID,26,Trossard,396,Rashford,0.1588,0.1804,-2.0,0,0,1,1,0,0.5024,mid,32.9193,33.0781
2023-24,PASS,1,MID,26,Trossard,14,Ødegaard,0.4601,0.5228,-1.0,0,0,1,1,0,0.4068,mid,32.9193,33.3794
2023-24,PASS,1,DEF,245,Branthwaite,834,Arthur,0.0199,0.1656,0.0,0,1,1,1,0,0.0752,near,32.9193,32.9392
2023-24,PASS,1,DEF,245,Branthwaite,845,Offiah,0.0201,0.1672,0.0,0,1,1,1,0,0.0736,near,32.9193,32.9394
2023-24,PASS,2,DEF,366,Sergio Gómez,368,Stones,-0.2373,-1.552,0.0,0,1,0,0,0,1.7752,large,34.6754,34.4381
2023-24,PASS,2,FWD,232,Mateta,355,Haaland,-1.3083,-2.6972,-2.0,0,0,0,0,0,3.3376,large,34.6754,33.3671
2023-24,PASS,2,FWD,433,Wilson,355,Haaland,-0.5319,-0.6044,-1.0,0,0,0,0,0,1.4488,large,34.6754,34.1435
2023-24,PASS,3,DEF,766,Kambwala,198,Cucurella,-0.9294,-1.4876,0.0,0,1,0,0,0,1.4984,large,31.984,31.0546
2023-24,PASS,3,DEF,766,Kambwala,204,Hall,-0.06,-0.4996,0.0,0,1,0,0,0,0.4996,mid,31.984,31.924
2023-24,PASS,3,FWD,232,Mateta,355,Haaland,-0.9635,-2.248,-3.0,0,0,0,0,0,2.752,large,31.984,31.0205
2023-24,PASS,3,FWD,232,Mateta,8,G.Jesus,-0.8347,-2.1016,0.0,0,1,0,0,0,2.2372,large,31.984,31.1493
2023-24,PASS,3,FWD,433,Wilson,355,Haaland,0.3179,0.3612,-3.0,0,0,1,1,0,0.6296,mid,31.984,32.3018
2023-24,PASS,3,FWD,433,Wilson,8,G.Jesus,0.4467,0.5076,0.0,0,1,1,1,0,0.1148,near,31.984,32.4306
2023-24,PASS,4,DEF,307,Robertson,290,Alexander-Arnold,0.0064,0.0532,-6.0,1,0,1,1,0,0.1036,near,32.105,32.1113
2023-24,PASS,4,DEF,430,Trippier,290,Alexander-Arnold,-0.0243,-0.2024,-11.0,1,0,0,0,0,0.1972,near,32.105,32.0807
2023-24,PASS,5,DEF,42,Digne,439,Boly,0.1323,0.2364,5.0,0,0,1,1,1,0.0748,near,34.0468,34.1791
2023-24,PASS,5,MID,294,Diogo J.,396,Rashford,0.4168,0.4736,-1.0,0,0,1,1,0,0.53,mid,34.0468,34.4636
2023-24,PASS,5,MID,526,Bowen,396,Rashford,0.2179,0.2476,0.0,1,1,1,1,0,0.196,near,34.0468,34.2647
2023-24,PASS,5,MID,526,Bowen,504,Maddison,0.2644,0.3004,1.0,1,0,1,1,1,0.3176,mid,34.0468,34.3111
2023-24,PASS,5,FWD,523,Antonio,355,Haaland,-0.734,-0.87,-4.0,1,0,0,0,0,1.7064,large,34.0468,33.3128
2023-24,PASS,5,FWD,523,Antonio,85,Solanke,-0.005,-0.0416,0.0,1,1,0,0,0,0.5192,mid,34.0468,34.0418
2023-24,PASS,5,FWD,13,Nketiah,355,Haaland,-0.4748,-0.5396,-4.0,1,0,0,0,0,1.8824,large,34.0468,33.5719
2023-24,PASS,5,FWD,13,Nketiah,85,Solanke,0.0347,0.2888,0.0,1,1,1,1,0,0.6952,mid,34.0468,34.0814
2023-24,PASS,6,MID,513,Sarr,664,Ward-Prowse,-0.269,-0.7696,-1.0,1,0,0,0,0,0.7696,large,35.9842,35.7153
2023-24,PASS,6,MID,513,Sarr,349,De Bruyne,-0.8892,-1.4744,1.0,0,0,0,0,1,1.4744,large,35.9842,35.095
2023-24,PASS,6,MID,226,Eze,349,De Bruyne,-0.5012,-0.5696,3.0,0,0,0,0,1,0.7432,mid,35.9842,35.483
2023-24,PASS,7,FWD,433,Wilson,355,Haaland,-0.2436,-0.2768,-2.0,0,0,0,0,0,1.0096,large,41.133,40.8894
2023-24,PASS,7,DEF,245,Branthwaite,544,Zouma,0.1483,0.3644,-6.0,1,0,1,1,0,0.2744,mid,41.133,41.2813
2023-24,PASS,7,DEF,245,Branthwaite,563,Kilman,0.1578,0.4432,-1.0,1,0,1,1,0,0.2444,near,41.133,41.2908
2023-24,PASS,7,DEF,245,Branthwaite,220,Andersen,0.1211,0.1376,-14.0,1,0,1,1,0,0.466,mid,41.133,41.2541
2023-24,PASS,7,DEF,506,Pedro Porro,220,Andersen,0.2827,0.3212,-8.0,1,0,1,1,0,0.2972,mid,41.133,41.4156
2023-24,PASS,8,GKP,361,Ortega Moreno,482,Foderingham,-0.0657,-0.5476,0.0,0,1,0,0,0,0.5476,mid,36.9737,36.908
2023-24,PASS,8,FWD,13,Nketiah,326,Morris,0.2672,0.3036,1.0,1,0,1,1,1,0.814,large,36.9737,37.2409
2023-24,PASS,8,DEF,245,Branthwaite,281,Ream,0.0058,0.0484,4.0,1,0,1,1,1,0.7372,mid,36.9737,36.9795
2023-24,PASS,9,FWD,13,Nketiah,355,Haaland,-1.4763,-1.6776,-8.0,0,0,0,0,0,2.5888,large,37.8301,36.3538
2023-24,PASS,9,FWD,433,Wilson,355,Haaland,-0.717,-0.8148,-2.0,1,0,0,0,0,1.5904,large,37.8301,37.1131
2023-24,PASS,9,DEF,245,Branthwaite,584,Pau,-0.537,-0.68,-1.0,1,0,0,0,0,1.1388,large,37.8301,37.2931
2023-24,PASS,9,DEF,245,Branthwaite,471,Ahmedhodžić,-0.0097,-0.0808,1.0,0,0,0,0,1,0.5396,mid,37.8301,37.8204
2023-24,PASS,9,DEF,245,Branthwaite,220,Andersen,-0.569,-0.7164,1.0,1,0,0,0,1,1.2192,large,37.8301,37.2611
2023-24,PASS,10,FWD,225,Edouard,355,Haaland,-0.8536,-0.97,-14.0,1,0,0,0,0,1.3436,large,37.5464,36.6928
2023-24,PASS,10,FWD,60,Watkins,355,Haaland,-0.597,-0.6784,-14.0,1,0,0,0,0,0.8184,large,37.5464,36.9495
2023-24,PASS,11,GKP,361,Ortega Moreno,482,Foderingham,-0.1193,-0.994,-2.0,0,0,0,0,0,0.9964,large,38.7425,38.6232
2023-24,PASS,11,MID,362,Palmer,504,Maddison,-0.616,-0.7,11.0,0,0,0,0,1,0.7,mid,38.7425,38.1265
2023-24,PASS,11,DEF,245,Branthwaite,265,Tarkowski,-0.0429,-0.0488,0.0,1,1,0,0,0,0.5724,mid,38.7425,38.6995
2023-24,PASS,11,DEF,245,Branthwaite,112,Pinnock,-0.1102,-0.1252,0.0,1,1,0,0,0,0.6172,mid,38.7425,38.6323
2023-24,PASS,11,DEF,245,Branthwaite,511,Romero,-0.1207,-0.1372,5.0,0,0,0,0,1,0.6556,mid,38.7425,38.6217
2023-24,PASS,12,DEF,245,Branthwaite,29,White,-0.5259,-0.5976,1.0,0,0,0,0,1,1.0872,large,37.3721,36.8462
2023-24,PASS,12,DEF,245,Branthwaite,703,Evans,0.0148,0.1232,1.0,0,0,1,1,1,0.3088,mid,37.3721,37.3869
2023-24,PASS,12,FWD,60,Watkins,355,Haaland,-0.5424,-0.6164,-10.0,1,0,0,0,0,0.8496,large,37.3721,36.8297
2023-24,PASS,13,FWD,246,Calvert-Lewin,343,J.Alvarez,-0.2214,-0.2516,0.0,1,1,0,0,0,0.5816,mid,38.5453,38.3239
2023-24,PASS,14,DEF,393,Mengi,465,Toffolo,-0.0702,-0.5848,-1.0,1,0,0,0,0,0.594,mid,38.634,38.5638
2023-24,PASS,14,DEF,393,Mengi,173,O'Shea,-0.0467,-0.3892,-7.0,1,0,0,0,0,0.3892,mid,38.634,38.5873
2023-24,PASS,14,DEF,178,Taylor,465,Toffolo,-0.0731,-0.6088,8.0,1,0,0,0,1,0.6236,mid,38.634,38.5609
2023-24,PASS,14,DEF,178,Taylor,173,O'Shea,-0.0496,-0.4132,2.0,1,0,0,0,1,0.4188,mid,38.634,38.5844
2023-24,PASS,15,DEF,245,Branthwaite,377,Dalot,0.0479,0.0544,5.0,1,0,1,1,1,0.3388,mid,37.7684,37.8162
2023-24,PASS,15,MID,382,Garnacho,43,Douglas Luiz,0.1102,0.1252,1.0,1,0,1,1,1,1.0452,large,37.7684,37.8785
2023-24,PASS,16,DEF,27,Trusty,220,Andersen,-0.1188,-0.7312,5.0,1,0,0,0,1,0.7416,mid,37.9908,37.872
2023-24,PASS,17,DEF,238,C.Richards,178,Taylor,0.0024,0.0196,1.0,0,0,1,1,1,0.2632,mid,38.7111,38.7134
2023-24,PASS,18,FWD,590,Cunha,211,N.Jackson,-0.0338,-0.2816,0.0,1,1,0,0,0,0.2876,mid,38.3276,38.2938
2023-24,PASS,19,DEF,245,Branthwaite,265,Tarkowski,0.0005,0.0044,-1.0,1,0,1,1,0,0.3012,mid,36.4823,36.4828
2023-24,PASS,19,DEF,245,Branthwaite,377,Dalot,-0.0076,-0.0632,-1.0,1,0,0,0,0,0.4068,mid,36.4823,36.4747
2023-24,PASS,19,MID,134,Gross,14,Ødegaard,-0.125,-0.142,0.0,1,1,0,0,0,0.28,mid,36.4823,36.3573
2023-24,PASS,19,FWD,246,Calvert-Lewin,211,N.Jackson,0.0102,0.0116,-1.0,0,0,1,1,0,0.3568,mid,36.4823,36.4925
2023-24,PASS,20,DEF,191,B.Badiashile,313,Virgil,-0.2988,-0.3396,-1.0,0,0,0,0,0,0.6396,mid,38.6222,38.3233
2023-24,PASS,20,DEF,342,Aké,313,Virgil,-0.013,-0.0148,5.0,1,0,0,0,1,0.174,near,38.6222,38.6092
2023-24,PASS,20,DEF,286,Tosin,313,Virgil,-0.5055,-0.5744,1.0,1,0,0,0,1,0.5624,mid,38.6222,38.1167
2023-24,PASS,21,MID,236,Olise,134,Gross,0.032,0.0364,-3.0,0,0,1,1,0,0.1168,near,37.5891,37.6211
2023-24,PASS,23,MID,382,Garnacho,107,Lewis-Potter,0.0804,0.6696,15.0,0,0,1,1,1,0.0192,near,36.977,37.0574
2023-24,PASS,23,DEF,31,Zinchenko,506,Pedro Porro,0.0,0.0,0.0,0,1,1,0,0,0.098,near,36.977,36.977
2023-24,PASS,24,DEF,321,Doughty,220,Andersen,-0.0218,-0.0248,0.0,1,1,0,0,0,0.0248,near,39.1083,39.0865
2023-24,PASS,24,DEF,238,C.Richards,220,Andersen,-0.4528,-0.6576,0.0,1,1,0,0,0,0.88,large,39.1083,38.6555
2023-24,PASS,24,DEF,238,C.Richards,286,Tosin,-0.0199,-0.1656,1.0,0,0,0,0,1,0.4048,mid,39.1083,39.0884
2023-24,PASS,24,MID,43,Douglas Luiz,526,Bowen,-0.2022,-0.2968,8.0,1,0,0,0,1,0.2968,mid,39.1083,38.9061
2023-24,PASS,24,MID,43,Douglas Luiz,664,Ward-Prowse,-0.0093,-0.0776,8.0,1,0,0,0,1,0.0776,near,39.1083,39.099
2023-24,PASS,29,FWD,117,Toney,200,D.D.Fofana,0.0017,0.014,-7.0,1,0,1,1,0,0.1392,near,35.8148,35.8165
2023-24,PASS,31,DEF,90,Ajer,114,Roerslev,0.0013,0.0112,0.0,1,1,1,1,0,0.0408,near,42.5033,42.5047
2024-25,PASS,1,FWD,129,João Pedro,58,Watkins,-0.3805,-0.4324,0.0,1,1,0,0,0,1.2828,large,34.9335,34.553
2024-25,PASS,1,DEF,303,Souttar,3,Gabriel,-1.0958,-1.2452,-6.0,0,0,0,0,0,1.2352,large,34.9335,33.8377
2024-25,PASS,1,DEF,303,Souttar,658,Heaven,0.0107,0.0888,0.0,0,1,1,1,0,0.0512,near,34.9335,34.9441
2024-25,PASS,1,DEF,495,Pedro Porro,3,Gabriel,0.0074,0.0084,3.0,1,0,1,1,1,0.334,mid,34.9335,34.9409
2024-25,PASS,1,MID,23,Trossard,503,Son,-0.094,-0.1068,-1.0,0,0,0,0,0,0.8496,large,34.9335,34.8395
2024-25,PASS,1,MID,317,Diogo J.,503,Son,-0.0697,-0.0792,6.0,1,0,0,0,1,1.0112,large,34.9335,34.8638
2024-25,PASS,2,MID,743,McKenna,360,Rodrigo,-1.2071,-3.0168,0.0,0,1,0,0,0,3.0168,large,38.044,36.8368
2024-25,PASS,2,MID,743,McKenna,751,Pereira,-0.0009,-0.0072,0.0,0,1,0,0,0,0.0072,near,38.044,38.0431
2024-25,PASS,2,DEF,715,Godfrey,322,Gomez,-0.1843,-1.536,0.0,0,1,0,0,0,1.5308,large,38.044,37.8596
2024-25,PASS,2,GKP,445,Turner,91,Flekken,-0.0411,-0.3424,-3.0,0,0,0,0,0,0.3836,mid,38.044,38.0029
2024-25,PASS,3,FWD,401,Isak,58,Watkins,0.4861,0.5524,4.0,1,0,1,1,1,0.2436,near,34.9243,35.4104
2024-25,PASS,3,FWD,401,Isak,351,Haaland,-0.5157,-0.586,-8.0,1,0,0,0,0,1.4668,large,34.9243,34.4086
2024-25,PASS,3,FWD,306,Vardy,58,Watkins,-0.3091,-0.3512,-4.0,1,0,0,0,0,1.1464,large,34.9243,34.6152
2024-25,PASS,3,FWD,306,Vardy,351,Haaland,-1.3108,-1.4896,-16.0,1,0,0,0,0,2.3696,large,34.9243,33.6134
2024-25,PASS,4,MID,491,Johnson,636,Chiesa,-0.106,-0.1204,2.0,0,0,0,0,1,0.948,large,28.4364,28.3304
2024-25,PASS,4,DEF,495,Pedro Porro,311,Alexander-Arnold,-0.0205,-0.1712,1.0,1,0,0,0,1,0.082,near,28.4364,28.4159
2024-25,PASS,5,DEF,291,Faes,326,Konaté,-0.0224,-0.1864,-6.0,1,0,0,0,0,0.2228,near,35.8139,35.7915
2024-25,PASS,5,DEF,291,Faes,472,Stephens,0.0194,0.1616,2.0,0,0,1,1,1,0.0136,near,35.8139,35.8333
2024-25,PASS,5,MID,491,Johnson,366,B.Fernandes,0.1112,0.1264,4.0,1,0,1,1,1,0.8528,large,35.8139,35.9251
2024-25,PASS,5,MID,491,Johnson,345,De Bruyne,-0.1764,-0.2004,7.0,0,0,0,0,1,1.0476,large,35.8139,35.6375
2024-25,PASS,5,FWD,447,Wood,207,Mateta,0.0102,0.0116,7.0,0,0,1,1,1,0.3596,mid,35.8139,35.8241
2024-25,PASS,6,DEF,228,Keane,282,Tuanzebe,0.036,0.2996,0.0,0,1,1,1,0,0.024,near,36.8525,36.8885
2024-25,PASS,6,DEF,228,Keane,88,Collins,-0.0972,-0.1104,-2.0,0,0,0,0,0,0.2984,mid,36.8525,36.7554
2024-25,PASS,6,DEF,533,Aït-Nouri,88,Collins,0.0912,0.1036,7.0,1,0,1,1,1,0.0772,near,36.8525,36.9437
2024-25,PASS,6,MID,71,Kluivert,199,Eze,0.0176,0.02,-1.0,0,0,1,1,0,0.2844,mid,36.8525,36.8701
2024-25,PASS,6,MID,239,Adama,199,Eze,-0.106,-0.1204,1.0,1,0,0,0,1,0.818,large,36.8525,36.7466
2024-25,PASS,6,GKP,396,Dúbravka,91,Flekken,-0.0371,-0.3088,-2.0,0,0,0,0,0,0.3232,mid,36.8525,36.8155
2024-25,PASS,6,FWD,447,Wood,58,Watkins,0.5262,0.598,-9.0,1,0,1,1,0,0.1596,near,36.8525,37.3788
2024-25,PASS,7,DEF,228,Keane,291,Faes,0.0288,0.2404,0.0,1,1,1,1,0,0.072,near,37.5203,37.5492
2024-25,PASS,7,DEF,228,Keane,369,Dalot,-0.1042,-0.1184,0.0,1,1,0,0,0,0.4388,mid,37.5203,37.4161
2024-25,PASS,7,DEF,301,Okoli,291,Faes,-0.0075,-0.0624,1.0,1,0,0,0,1,0.002,near,37.5203,37.5128
2024-25,PASS,7,DEF,301,Okoli,369,Dalot,-0.3153,-0.4212,1.0,1,0,0,0,1,0.3688,mid,37.5203,37.205
2024-25,PASS,7,FWD,306,Vardy,58,Watkins,-0.2066,-0.2348,0.0,1,1,0,0,0,1.0584,large,37.5203,37.3137
2024-25,PASS,7,GKP,445,Turner,522,Foderingham,-0.077,-0.6416,0.0,0,1,0,0,0,0.6416,mid,37.5203,37.4433
2024-25,PASS,8,MID,491,Johnson,17,Saka,0.2006,0.228,2.0,0,0,1,1,1,0.794,large,37.8942,38.0948
2024-25,PASS,8,MID,239,Adama,17,Saka,-0.0866,-0.0984,2.0,0,0,0,0,1,1.024,large,37.8942,37.8076
2024-25,PASS,8,FWD,316,Darwin,58,Watkins,0.1271,0.1444,-7.0,1,0,1,1,0,0.9724,large,37.8942,38.0212
2024-25,PASS,8,FWD,447,Wood,58,Watkins,0.289,0.3284,-1.0,1,0,1,1,0,0.2984,mid,37.8942,38.1832
2024-25,PASS,8,FWD,447,Wood,541,Cunha,0.3675,0.4176,5.0,1,0,1,1,1,0.0888,near,37.8942,38.2616
2024-25,PASS,9,DEF,338,Van den Berg,88,Collins,-0.2935,-0.4928,0.0,1,1,0,0,0,0.466,mid,38.6895,38.396
2024-25,PASS,9,DEF,338,Van den Berg,291,Faes,-0.0221,-0.1844,0.0,1,1,0,0,0,0.1352,near,38.6895,38.6674
2024-25,PASS,10,MID,491,Johnson,99,Mbeumo,0.3062,0.348,5.0,1,0,1,1,1,0.4104,mid,37.8393,38.1455
2024-25,PASS,10,MID,239,Adama,99,Mbeumo,0.0507,0.0576,1.0,0,0,1,1,1,0.7904,large,37.8393,37.89
2024-25,PASS,10,MID,239,Adama,372,Garnacho,-0.025,-0.0284,2.0,0,0,0,0,1,0.368,mid,37.8393,37.8143
2024-25,PASS,10,GKP,396,Dúbravka,14,Ramsdale,-0.0042,-0.0348,-9.0,0,0,0,0,0,0.0348,near,37.8393,37.8351
2024-25,PASS,11,MID,491,Johnson,366,B.Fernandes,0.2622,0.298,-15.0,1,0,1,1,0,0.3044,mid,38.3766,38.6388
2024-25,PASS,11,DEF,630,O'Shea,520,Emerson,-0.0574,-0.478,-4.0,1,0,0,0,0,0.3644,mid,38.3766,38.3192
2024-25,PASS,11,DEF,630,O'Shea,369,Dalot,-0.328,-0.7856,1.0,0,0,0,0,1,0.764,large,38.3766,38.0486
2024-25,PASS,12,MID,247,Iwobi,19,Smith Rowe,0.0292,0.0332,6.0,0,0,1,1,1,0.296,mid,37.4011,37.4303
2024-25,PASS,13,DEF,159,Chalobah,369,Dalot,-0.0523,-0.0656,-4.0,1,0,0,0,0,0.266,mid,38.8552,38.803
2024-25,PASS,13,DEF,159,Chalobah,422,Aina,-0.0142,-0.0224,-6.0,1,0,0,0,0,0.1992,near,38.8552,38.841
2024-25,PASS,13,FWD,447,Wood,351,Haaland,-0.4474,-0.5084,7.0,1,0,0,0,1,1.0864,large,38.8552,38.4078
2024-25,PASS,14,FWD,401,Isak,58,Watkins,0.3006,0.3416,-1.0,1,0,1,1,0,0.1656,near,37.5671,37.8677
2024-25,PASS,14,FWD,252,Raúl,617,Evanilson,0.2415,0.2744,-1.0,0,0,1,1,0,0.1084,near,37.5671,37.8085
2024-25,PASS,14,FWD,252,Raúl,58,Watkins,-0.2024,-0.23,-11.0,0,0,0,0,0,0.5684,mid,37.5671,37.3647
2024-25,PASS,14,MID,754,Van Nistelrooy,743,McKenna,-0.0004,-0.0036,0.0,0,1,0,0,0,0.0036,near,37.5671,37.5666
2024-25,PASS,14,MID,754,Van Nistelrooy,17,Saka,-1.8131,-3.7444,-3.0,0,0,0,0,0,3.6184,large,37.5671,35.754
2024-25,PASS,15,MID,747,Nuno,17,Saka,-1.1459,-3.3096,-2.0,0,0,0,0,0,3.2396,large,37.3822,36.2363
2024-25,PASS,15,MID,366,B.Fernandes,17,Saka,-0.0711,-0.0808,7.0,1,0,0,0,1,0.0924,near,37.3822,37.3111
2024-25,PASS,16,FWD,129,João Pedro,617,Evanilson,0.6811,0.774,0.0,1,1,1,1,0,0.2368,near,37.9346,38.6157
2024-25,PASS,16,MID,737,Emery,99,Mbeumo,-0.8946,-2.9916,-9.0,0,0,0,0,0,2.9424,large,37.9346,37.0399
2024-25,PASS,16,MID,71,Kluivert,99,Mbeumo,0.094,0.1068,-6.0,1,0,1,1,0,0.1932,near,37.9346,38.0285
2024-25,PASS,17,DEF,630,O'Shea,88,Collins,-0.0668,-0.5568,-1.0,1,0,0,0,0,0.5156,mid,37.9452,37.8784
2024-25,PASS,17,DEF,630,O'Shea,267,Davis,-0.1228,-0.6204,0.0,1,1,0,0,0,0.6204,mid,37.9452,37.8224
2024-25,PASS,17,DEF,630,O'Shea,524,Kilman,-0.0567,-0.4728,-2.0,1,0,0,0,0,0.4728,mid,37.9452,37.8884
2024-25,PASS,17,DEF,263,Burgess,88,Collins,-0.0398,-0.3316,-1.0,1,0,0,0,0,0.2904,mid,37.9452,37.9054
2024-25,PASS,17,DEF,263,Burgess,267,Davis,-0.0958,-0.3952,0.0,1,1,0,0,0,0.3952,mid,37.9452,37.8494
2024-25,PASS,17,DEF,263,Burgess,524,Kilman,-0.0297,-0.2476,-2.0,1,0,0,0,0,0.2476,near,37.9452,37.9155
2024-25,PASS,18,FWD,129,João Pedro,617,Evanilson,0.5618,0.6384,1.0,0,0,1,1,1,0.2528,mid,39.6907,40.2525
2024-25,PASS,19,MID,530,Souček,514,Bowen,-0.5876,-0.98,-1.0,0,0,0,0,0,0.9412,large,38.1251,37.5375
2024-25,PASS,20,FWD,129,João Pedro,110,Wissa,0.2475,0.2812,-2.0,1,0,1,1,0,0.2504,mid,39.0577,39.3052
2024-25,PASS,21,MID,491,Johnson,366,B.Fernandes,-0.0542,-0.0616,-3.0,0,0,0,0,0,0.2964,mid,38.9992,38.945
2024-25,PASS,22,DEF,528,Mavropanos,350,Gvardiol,-0.1,-0.2308,-8.0,1,0,0,0,0,0.262,mid,38.9864,38.8864
2024-25,PASS,22,GKP,521,Fabianski,14,Ramsdale,-0.0209,-0.1744,1.0,1,0,0,0,1,0.1328,near,38.9864,38.9655
2024-25,PASS,22,FWD,306,Vardy,58,Watkins,-0.302,-0.3432,-6.0,1,0,0,0,0,0.5492,mid,38.9864,38.6844
2024-25,PASS,23,FWD,129,João Pedro,252,Raúl,0.0338,0.0384,-1.0,1,0,1,1,0,0.3228,mid,39.8937,39.9275
2024-25,PASS,24,MID,402,J.Murphy,398,Gordon,-0.9768,-1.11,7.0,1,0,0,0,1,1.342,large,57.0036,56.0268
2024-25,PASS,24,DEF,543,Doherty,573,Milenković,-0.0214,-0.1784,0.0,1,1,0,0,0,0.316,mid,57.0036,56.9822
2024-25,PASS,24,DEF,543,Doherty,311,Alexander-Arnold,-2.6772,-3.318,-1.0,1,0,0,0,0,3.4344,large,57.0036,54.3263
2024-25,PASS,24,DEF,270,Greaves,573,Milenković,-0.0653,-0.544,-5.0,1,0,0,0,0,0.544,mid,57.0036,56.9383
2024-25,PASS,24,DEF,270,Greaves,311,Alexander-Arnold,-2.7211,-3.6836,-6.0,1,0,0,0,0,3.6624,large,57.0036,54.2824
2024-25,PASS,25,DEF,457,Bree,291,Faes,0.0096,0.08,0.0,1,1,1,1,0,0.0156,near,61.131,61.1406
2024-25,PASS,26,FWD,218,Beto,252,Raúl,0.2249,0.2556,4.0,1,0,1,1,1,0.7672,large,41.2397,41.4647
2024-25,PASS,28,MID,747,Nuno,366,B.Fernandes,-1.6961,-4.0112,0.0,0,1,0,0,0,4.0112,large,44.0409,42.3448
2024-25,PASS,28,MID,181,Nkunku,366,B.Fernandes,-0.0088,-0.01,-6.0,1,0,0,0,0,1.1488,large,44.0409,44.0321
2024-25,PASS,29,FWD,218,Beto,252,Raúl,0.2846,0.3504,0.0,1,1,1,1,0,0.4056,mid,40.1062,40.3909
2024-25,PASS,29,MID,181,Nkunku,571,Savinho,0.056,0.0636,2.0,0,0,1,1,1,0.692,mid,40.1062,40.1622
2024-25,PASS,30,DEF,456,Bella-Kotchap,163,Cucurella,-0.4438,-1.028,-5.0,0,0,0,0,0,0.9912,large,44.473,44.0292
2024-25,PASS,30,DEF,456,Bella-Kotchap,437,N.Williams,-0.0649,-0.5408,-5.0,0,0,0,0,0,0.504,mid,44.473,44.4081
2024-25,PASS,30,DEF,573,Milenković,163,Cucurella,-0.0887,-0.1008,1.0,1,0,0,0,1,0.1008,near,44.473,44.3843
2024-25,PASS,30,GKP,304,Stolarczyk,185,Sánchez,-0.09,-0.7496,-6.0,0,0,0,0,0,0.7496,mid,44.473,44.383
2024-25,PASS,30,FWD,218,Beto,58,Watkins,-0.6033,-0.6856,1.0,0,0,0,0,1,1.2592,large,44.473,43.8696
2024-25,PASS,34,MID,392,Barnes,99,Mbeumo,0.0007,0.0008,1.0,1,0,1,1,1,0.3748,mid,44.3092,44.3099
2025-26,FAIL,1,MID,384,Gakpo,449,B.Fernandes,-0.2295,-0.2608,5.0,1,0,0,0,1,1.094,large,33.2618,33.0323
2025-26,FAIL,1,MID,384,Gakpo,485,Gordon,0.2538,0.2884,4.0,1,0,1,1,1,0.2956,mid,33.2618,33.5156
2025-26,FAIL,1,MID,383,Luis Díaz,449,B.Fernandes,-0.1922,-0.2184,-2.0,0,0,0,0,0,0.7904,large,33.2618,33.0696
2025-26,FAIL,1,DEF,705,Campbell,224,Cucurella,-1.2249,-1.4672,-8.0,0,0,0,0,0,1.3956,large,33.2618,32.0369
2025-26,FAIL,1,DEF,705,Campbell,46,Yasin,-0.0105,-0.0872,0.0,0,1,0,0,0,0.0872,near,33.2618,33.2513
2025-26,FAIL,1,DEF,705,Campbell,445,Amass,-0.0084,-0.0704,0.0,0,1,0,0,0,0.0868,near,33.2618,33.2533
2025-26,FAIL,1,DEF,710,Patterson,224,Cucurella,-1.2238,-1.458,-8.0,0,0,0,0,0,1.3864,large,33.2618,32.038
2025-26,FAIL,1,DEF,710,Patterson,46,Yasin,-0.0094,-0.078,0.0,0,1,0,0,0,0.078,near,33.2618,33.2524
2025-26,FAIL,1,DEF,710,Patterson,445,Amass,-0.0073,-0.0612,0.0,0,1,0,0,0,0.0776,near,33.2618,33.2544
2025-26,FAIL,1,DEF,505,Milenković,224,Cucurella,-0.0739,-0.084,-6.0,1,0,0,0,0,0.1808,near,33.2618,33.1879
2025-26,FAIL,2,GKP,288,Travers,674,Ramsdale,-0.1155,-0.1312,0.0,0,1,0,0,0,0.1312,near,39.4291,39.3136
2025-26,FAIL,2,MID,708,M.Fernandes,17,Ødegaard,-0.9184,-1.0436,-1.0,0,0,0,0,0,0.8896,large,39.4291,38.5107
2025-26,FAIL,2,MID,708,M.Fernandes,415,Savinho,-0.7272,-0.8264,0.0,0,1,0,0,0,0.7644,large,39.4291,38.7018
2025-26,FAIL,2,MID,120,Schade,17,Ødegaard,0.0475,0.054,2.0,0,0,1,1,1,0.3328,mid,39.4291,39.4766
2025-26,FAIL,2,DEF,77,Hill,227,Colwill,-0.1528,-1.2736,1.0,0,0,0,0,1,1.3008,large,39.4291,39.2762
2025-26,FAIL,3,MID,235,Palmer,381,M.Salah,-0.3784,-0.43,-3.0,0,0,0,0,0,0.9452,large,39.5784,39.2
2025-26,FAIL,4,DEF,225,James,725,Hincapie,0.0175,0.146,1.0,0,0,1,1,1,0.252,mid,37.5592,37.5768
2025-26,FAIL,4,FWD,338,Muniz,30,Havertz,-0.2502,-1.3096,2.0,0,0,0,0,1,1.2908,large,37.5592,37.3091
2025-26,FAIL,4,GKP,782,Forster,674,Ramsdale,-0.0221,-0.184,0.0,0,1,0,0,0,0.184,near,37.5592,37.5372
2025-26,FAIL,5,MID,86,Brooks,81,Kluivert,-0.1726,-0.1962,2.0,0,0,0,0,1,0.9904,large,37.1743,37.0016
2025-26,FAIL,5,FWD,499,Isak,430,Haaland,-0.535,-0.608,-8.0,0,0,0,0,0,0.4868,mid,37.1743,36.6392
2025-26,FAIL,5,GKP,567,Kinsky,2,Arrizabalaga,-0.027,-0.2252,0.0,0,1,0,0,0,0.2252,near,37.1743,37.1472
2025-26,FAIL,6,FWD,338,Muniz,136,Thiago,0.0553,0.4612,-13.0,0,0,1,1,0,0.3176,mid,39.7478,39.8031
2025-26,FAIL,6,FWD,338,Muniz,732,Uche,0.0768,0.6404,0.0,0,1,1,1,0,0.1384,near,39.7478,39.8246
2025-26,FAIL,6,FWD,217,Foster,136,Thiago,-0.0245,-0.2044,-11.0,1,0,0,0,0,0.4076,mid,39.7478,39.7232
2025-26,FAIL,6,FWD,217,Foster,732,Uche,-0.003,-0.0252,2.0,0,0,0,0,1,0.2284,near,39.7478,39.7447
2025-26,FAIL,6,MID,414,Foden,82,Semenyo,0.17,0.1932,-6.0,1,0,1,1,0,0.2548,mid,39.7478,39.9178
2025-26,FAIL,7,FWD,525,Wood,135,Wissa,0.0273,0.1868,2.0,0,0,1,1,1,0.1888,near,39.0983,39.1256
2025-26,FAIL,7,FWD,217,Foster,135,Wissa,-0.1012,-0.8432,1.0,0,0,0,0,1,1.0856,large,39.0983,38.9971
2025-26,FAIL,7,FWD,217,Foster,136,Thiago,-0.0471,-0.3928,-1.0,1,0,0,0,0,0.6352,mid,39.0983,39.0512
2025-26,FAIL,7,MID,237,Enzo,119,Mbeumo,-0.0468,-0.0532,-4.0,1,0,0,0,0,0.3272,mid,39.0983,39.0515
2025-26,FAIL,7,MID,81,Kluivert,119,Mbeumo,0.139,0.158,1.0,0,0,1,1,1,0.3924,mid,39.0983,39.2374
2025-26,FAIL,8,MID,384,Gakpo,449,B.Fernandes,-0.1697,-0.1928,-1.0,1,0,0,0,0,0.5584,mid,38.928,38.7583
2025-26,FAIL,8,MID,328,Sessegnon,449,B.Fernandes,-0.2457,-0.2792,-6.0,1,0,0,0,0,0.8408,large,38.928,38.6823
2025-26,FAIL,8,DEF,411,O'Reilly,257,Lacroix,0.0521,0.0592,10.0,1,0,1,1,1,0.6004,mid,38.928,38.98
2025-26,FAIL,9,FWD,749,Mané,732,Uche,-0.1599,-1.3324,-1.0,0,0,0,0,0,1.3324,large,39.766,39.6061
2025-26,FAIL,9,FWD,749,Mané,691,Calvert-Lewin,-0.2564,-2.1364,-2.0,0,0,0,0,0,2.1364,large,39.766,39.5097
2025-26,FAIL,9,DEF,348,Rodon,291,Tarkowski,-0.3935,-0.4472,12.0,1,0,0,0,1,0.3904,mid,39.766,39.3725
2025-26,FAIL,10,MID,384,Gakpo,119,Mbeumo,0.283,0.3216,1.0,1,0,1,1,1,0.1804,near,39.9004,40.1834
2025-26,FAIL,10,MID,267,Sarr,119,Mbeumo,0.6857,0.7792,1.0,1,0,1,1,1,0.0776,near,39.9004,40.5861
2025-26,FAIL,10,DEF,411,O'Reilly,5,Gabriel,0.1056,0.12,-4.0,1,0,1,1,0,0.6956,mid,39.9004,40.006
2025-26,FAIL,11,MID,585,Bentancur,241,Caicedo,-0.0431,-0.3592,-1.0,0,0,0,0,0,0.6552,mid,39.5912,39.5481
2025-26,FAIL,11,MID,585,Bentancur,299,Ndiaye,-0.1927,-0.5292,-2.0,0,0,0,0,0,0.4736,mid,39.5912,39.3985
2025-26,FAIL,11,DEF,411,O'Reilly,72,Senesi,0.0708,0.0804,9.0,1,0,1,1,1,0.5808,mid,39.5912,39.6619
2025-26,FAIL,11,DEF,295,Keane,72,Senesi,0.0025,0.0028,13.0,1,0,1,1,1,0.0464,near,39.5912,39.5936
2025-26,FAIL,12,MID,384,Gakpo,119,Mbeumo,0.1904,0.2164,1.0,1,0,1,1,1,0.4276,mid,39.0124,39.2029
2025-26,FAIL,12,MID,452,Amad,119,Mbeumo,-0.0806,-0.0916,1.0,1,0,0,0,1,0.3352,mid,39.0124,38.9318
2025-26,FAIL,12,DEF,348,Rodon,373,Virgil,-0.1827,-0.2508,0.0,1,1,0,0,0,0.1808,near,39.0124,38.8297
2025-26,FAIL,13,FWD,100,Kroupi.Jr,136,Thiago,-0.2557,-0.6972,-12.0,0,0,0,0,0,0.6972,mid,39.6907,39.4349
2025-26,FAIL,14,MID,328,Sessegnon,119,Mbeumo,-0.1412,-0.1604,0.0,1,1,0,0,0,0.6332,mid,38.1768,38.0356
2025-26,FAIL,14,FWD,178,Welbeck,136,Thiago,0.1211,0.1376,0.0,0,1,1,1,0,0.134,near,38.1768,38.2978
2025-26,FAIL,15,MID,235,Palmer,16,Saka,0.0572,0.065,-3.0,0,0,1,1,0,0.0388,near,38.8408,38.8979
2025-26,FAIL,15,MID,22,Merino,16,Saka,-0.1485,-0.1688,-3.0,0,0,0,0,0,0.4856,mid,38.8408,38.6922
2025-26,FAIL,15,MID,22,Merino,82,Semenyo,-0.1376,-0.1564,-2.0,0,0,0,0,0,0.5888,mid,38.8408,38.7031
2025-26,FAIL,15,GKP,470,Dúbravka,565,Vicario,-0.0473,-0.394,-3.0,1,0,0,0,0,0.4008,mid,38.8408,38.7935
2025-26,FAIL,15,DEF,411,O'Reilly,260,Guéhi,0.1158,0.1316,-2.0,1,0,1,1,0,0.338,mid,38.8408,38.9566
2025-26,FAIL,15,DEF,348,Rodon,260,Guéhi,-0.0706,-0.2536,-7.0,1,0,0,0,0,0.2536,mid,38.8408,38.7702
2025-26,FAIL,15,DEF,348,Rodon,684,Thiaw,-0.0241,-0.2008,-1.0,1,0,0,0,0,0.2008,near,38.8408,38.8167
2025-26,FAIL,16,MID,384,Gakpo,119,Mbeumo,0.0327,0.0372,-2.0,0,0,1,1,0,0.3384,mid,39.6264,39.6591
2025-26,FAIL,16,MID,22,Merino,119,Mbeumo,-0.0391,-0.0444,-1.0,0,0,0,0,0,0.5888,mid,39.6264,39.5873
2025-26,FAIL,16,MID,22,Merino,21,Rice,0.0602,0.0684,-1.0,0,0,1,1,0,0.4884,mid,39.6264,39.6866
2025-26,FAIL,16,DEF,606,Mavropanos,295,Keane,0.007,0.0584,0.0,1,1,1,1,0,0.0356,near,39.6264,39.6334
2025-26,FAIL,17,FWD,217,Foster,136,Thiago,-0.1983,-1.2192,-2.0,0,0,0,0,0,1.2956,large,38.2239,38.0256
2025-26,FAIL,17,FWD,217,Foster,691,Calvert-Lewin,-0.1381,-1.1508,-13.0,0,0,0,0,0,1.2272,large,38.2239,38.0858
2025-26,FAIL,17,DEF,411,O'Reilly,260,Guéhi,0.0943,0.1072,5.0,1,0,1,1,1,0.3424,mid,38.2239,38.3183
2025-26,FAIL,17,DEF,348,Rodon,260,Guéhi,-0.2235,-0.33,1.0,1,0,0,0,1,0.33,mid,38.2239,38.0004
2025-26,FAIL,18,DEF,447,Heaven,190,Ekdal,0.0017,0.014,-1.0,1,0,1,1,0,0.0164,near,39.2715,39.2732
2025-26,FAIL,18,DEF,447,Heaven,694,Mukiele,-0.1132,-0.2036,4.0,1,0,0,0,1,0.2036,near,39.2715,39.1583
2025-26,FAIL,18,GKP,470,Dúbravka,670,Roefs,-0.1034,-0.342,8.0,1,0,0,0,1,0.342,mid,39.2715,39.1682
2025-26,FAIL,19,FWD,691,Calvert-Lewin,283,Mateta,-0.2211,-0.2512,-8.0,0,0,0,0,0,0.2028,near,39.2973,39.0762
2025-26,FAIL,19,DEF,190,Ekdal,295,Keane,-0.0219,-0.1828,3.0,0,0,0,0,1,0.0796,near,39.2973,39.2753
2025-26,FAIL,20,DEF,684,Thiaw,291,Tarkowski,0.0317,0.036,15.0,1,0,1,1,1,0.0496,near,38.7756,38.8073
2025-26,FAIL,20,DEF,694,Mukiele,321,J.Cuenca,0.001,0.008,1.0,1,0,1,1,1,0.07,near,38.7756,38.7766
2025-26,FAIL,20,DEF,694,Mukiele,291,Tarkowski,-0.1654,-0.188,2.0,1,0,0,0,1,0.2736,mid,38.7756,38.6102
2025-26,FAIL,20,MID,20,Trossard,417,Cherki,0.0127,0.0144,-3.0,0,0,1,1,0,0.3148,mid,38.7756,38.7883
2025-26,FAIL,20,MID,20,Trossard,16,Saka,-0.0718,-0.0816,-3.0,0,0,0,0,0,0.3924,mid,38.7756,38.7038
2025-26,FAIL,21,MID,485,Gordon,82,Semenyo,0.0576,0.138,-5.0,1,0,1,1,0,0.1928,near,39.9191,39.9767
2025-26,FAIL,22,MID,169,Gomez,449,B.Fernandes,-0.1985,-0.4988,-8.0,1,0,0,0,0,0.7092,mid,38.0095,37.811
2025-26,FAIL,22,MID,169,Gomez,417,Cherki,-0.038,-0.3164,1.0,0,0,0,0,1,0.5948,mid,38.0095,37.9715
2025-26,FAIL,25,MID,487,Barnes,21,Rice,0.3073,0.3492,-3.0,1,0,1,1,0,0.0672,near,40.6659,40.9732
2025-26,FAIL,26,DEF,634,Mosquera,633,H.Bueno,0.0482,0.0548,1.0,1,0,1,1,1,0.076,near,55.3888,55.4371
2025-26,FAIL,28,DEF,706,Justin,343,Struijk,-0.0116,-0.0968,0.0,1,1,0,0,0,0.0968,near,42.5066,42.495
2025-26,FAIL,28,GKP,341,Darlow,628,José Sá,-0.0401,-0.3344,-5.0,1,0,0,0,0,0.3148,mid,42.5066,42.4664
2025-26,FAIL,30,DEF,191,Estève,723,Canvot,-0.089,-0.7416,-5.0,1,0,0,0,0,0.7416,mid,43.8455,43.7565
2025-26,FAIL,30,MID,547,E.Le Fée,517,Anderson,-0.0516,-0.4296,-2.0,0,0,0,0,0,0.4296,mid,43.8455,43.7939
2025-26,FAIL,30,MID,547,E.Le Fée,119,Mbeumo,-0.5866,-1.0376,-2.0,0,0,0,0,0,1.0376,large,43.8455,43.2589
2025-26,FAIL,30,GKP,341,Darlow,502,Sels,-0.079,-0.658,0.0,1,1,0,0,0,0.658,mid,43.8455,43.7665
2025-26,FAIL,31,MID,235,Palmer,457,Casemiro,0.0253,0.0288,1.0,1,0,1,1,1,0.0696,near,41.2687,41.294
2025-26,FAIL,32,DEF,191,Estève,606,Mavropanos,-0.054,-0.4496,-19.0,1,0,0,0,0,0.4496,mid,44.1282,44.0742
2025-26,FAIL,32,DEF,191,Estève,113,Van den Berg,-0.0941,-0.7844,-1.0,1,0,0,0,0,0.7844,large,44.1282,44.034
2025-26,FAIL,32,DEF,706,Justin,606,Mavropanos,-0.088,-0.7336,-20.0,1,0,0,0,0,0.7336,mid,44.1282,44.0401
2025-26,FAIL,32,DEF,706,Justin,113,Van den Berg,-0.1282,-1.0684,-2.0,1,0,0,0,0,1.0684,large,44.1282,44.0
2025-26,FAIL,32,MID,547,E.Le Fée,457,Casemiro,-0.1061,-0.5952,-6.0,1,0,0,0,0,0.5952,mid,44.1282,44.0221
2025-26,FAIL,32,MID,547,E.Le Fée,119,Mbeumo,-0.3303,-0.85,2.0,0,0,0,0,1,0.85,large,44.1282,43.7979
