season,e024_gate,gw,position,entrant_id,entrant_name,leaver_id,leaver_name,delta_v,delta_u,dpts,both60,tie_pts,v_pref_enter,u_pref_enter,actual_pref_enter,sign_disagree,n_feasible,best_y_feasible,regret_entrant,v_ctrl,v_swap,fixture_pairs_ctrl,fixture_pairs_swap
2022-23,FAIL,1,DEF,256,Ricardo,306,Cancelo,-1.2884,-1.8004,-7.0,0,0,0,0,0,0,26,9.0,9.0,30.3616,29.0732,4.0,3.0
2022-23,FAIL,1,DEF,196,Branthwaite,306,Cancelo,-1.2884,-1.804,-7.0,0,0,0,0,0,0,26,9.0,9.0,30.3616,29.0732,4.0,3.0
2022-23,FAIL,1,DEF,139,Chilwell,306,Cancelo,-0.2756,-0.7756,2.0,1,0,0,0,1,0,25,9.0,0.0,30.3616,30.086,4.0,3.0
2022-23,FAIL,1,MID,261,Maddison,428,Son,-1.15,-1.15,0.0,1,1,0,0,0,0,24,13.0,8.0,30.3616,29.2116,4.0,4.0
2022-23,FAIL,1,MID,261,Maddison,13,Saka,0.2704,-0.2296,-1.0,1,0,1,0,0,1,21,13.0,8.0,30.3616,30.632,4.0,3.0
2022-23,FAIL,1,MID,303,Mahrez,428,Son,-2.42,-1.42,-4.0,0,0,0,0,0,0,24,13.0,12.0,30.3616,27.9416,4.0,6.0
2022-23,FAIL,1,MID,303,Mahrez,13,Saka,-0.9996,-0.4996,-5.0,0,0,0,0,0,0,21,13.0,12.0,30.3616,29.362,4.0,5.0
2022-23,FAIL,1,MID,446,Kulusevski,428,Son,-1.2732,-1.2732,8.0,1,0,0,0,1,0,24,13.0,0.0,30.3616,29.0884,4.0,4.0
2022-23,FAIL,1,MID,446,Kulusevski,13,Saka,-0.3528,-0.3528,7.0,1,0,0,0,1,0,21,13.0,0.0,30.3616,30.0088,4.0,4.0
2022-23,FAIL,1,FWD,242,Gelhardt,356,Wilson,-2.5172,-1.5172,-5.0,0,0,0,0,0,0,13,13.0,12.0,30.3616,27.8444,4.0,6.0
2022-23,FAIL,1,FWD,242,Gelhardt,345,Martial,-2.404,-1.404,1.0,0,0,0,0,1,0,10,13.0,12.0,30.3616,27.9576,4.0,6.0
2022-23,FAIL,2,DEF,595,Zanka,329,Varane,0.0,-1.3672,-1.0,0,0,0,0,0,0,14,6.0,6.0,39.292,39.292,3.0,3.0
2022-23,FAIL,2,DEF,595,Zanka,482,Semedo,0.0,-1.9488,-1.0,0,0,0,0,0,0,14,6.0,6.0,39.292,39.292,3.0,3.0
2022-23,FAIL,2,FWD,596,Ferguson,454,Richarlison,0.25,-2.8184,-1.0,0,0,1,0,0,1,22,19.0,19.0,39.292,39.542,3.0,2.0
2022-23,FAIL,3,MID,261,Maddison,465,Bowen,-0.7024,-0.2024,5.0,1,0,0,0,1,0,19,11.0,4.0,33.5316,32.8292,7.0,8.0
2022-23,FAIL,3,MID,261,Maddison,283,Salah,-0.1188,-0.6188,-1.0,1,0,0,0,0,0,23,11.0,4.0,33.5316,33.4128,7.0,6.0
2022-23,FAIL,3,MID,303,Mahrez,465,Bowen,-0.3,-0.3,-2.0,0,0,0,0,0,0,19,11.0,11.0,33.5316,33.2316,7.0,7.0
2022-23,FAIL,3,MID,303,Mahrez,283,Salah,0.2836,-0.7164,-8.0,0,0,1,0,0,1,23,11.0,11.0,33.5316,33.8152,7.0,5.0
2022-23,FAIL,3,DEF,595,Zanka,439,Tanganga,0.0,-0.068,0.0,0,1,0,0,0,0,1,0.0,0.0,33.5316,33.5316,7.0,7.0
2022-23,FAIL,3,DEF,595,Zanka,180,Keane,0.0,-0.4024,0.0,0,1,0,0,0,0,8,1.0,1.0,33.5316,33.5316,7.0,7.0
2022-23,FAIL,3,DEF,343,B.Williams,439,Tanganga,0.0,-0.0244,0.0,0,1,0,0,0,0,1,0.0,0.0,33.5316,33.5316,7.0,7.0
2022-23,FAIL,3,DEF,343,B.Williams,180,Keane,0.0,-0.3588,0.0,0,1,0,0,0,0,8,1.0,1.0,33.5316,33.5316,7.0,7.0
2022-23,FAIL,3,FWD,701,Weghorst,585,Dennis,-2.2572,-1.2708,0.0,0,1,0,0,0,0,4,9.0,9.0,33.5316,31.2744,7.0,9.0
2022-23,FAIL,3,FWD,701,Weghorst,110,Maupay,-1.9936,-1.0072,0.0,0,1,0,0,0,0,5,9.0,9.0,33.5316,31.538,7.0,9.0
2022-23,FAIL,4,GKP,426,Forster,81,Raya,-0.036,-0.3312,-6.0,0,0,0,0,0,0,16,8.0,8.0,33.0544,33.0184,7.0,7.0
2022-23,FAIL,4,MID,465,Bowen,301,De Bruyne,0.03,-0.97,1.0,1,0,1,0,1,1,22,15.0,12.0,33.0544,33.0844,7.0,5.0
2022-23,FAIL,4,MID,314,Foden,301,De Bruyne,-0.8604,-0.8604,2.0,1,0,0,0,1,0,22,15.0,11.0,33.0544,32.194,7.0,7.0
2022-23,FAIL,4,MID,446,Kulusevski,301,De Bruyne,-0.6264,-1.1264,4.0,1,0,0,0,1,0,22,15.0,9.0,33.0544,32.428,7.0,6.0
2022-23,FAIL,5,MID,261,Maddison,301,De Bruyne,-1.3284,-0.8284,0.0,0,1,0,0,0,0,25,10.0,9.0,28.9172,27.5888,6.0,7.0
2022-23,FAIL,5,MID,303,Mahrez,301,De Bruyne,-0.7304,-0.7304,3.0,0,0,0,0,1,0,25,10.0,6.0,28.9172,28.1868,6.0,6.0
2022-23,FAIL,5,MID,465,Bowen,301,De Bruyne,-0.19,-0.69,1.0,0,0,0,0,1,0,25,10.0,8.0,28.9172,28.7272,6.0,5.0
2022-23,FAIL,5,DEF,249,Evans,257,Amartey,0.4396,-0.2276,2.0,0,0,1,0,1,1,14,8.0,6.0,28.9172,29.3568,6.0,5.0
2022-23,FAIL,5,DEF,249,Evans,258,Castagne,0.4724,-0.1948,2.0,0,0,1,0,1,1,14,8.0,6.0,28.9172,29.3896,6.0,5.0
2022-23,FAIL,5,DEF,249,Evans,235,Struijk,0.0,-0.1672,-2.0,1,0,0,0,0,0,14,8.0,6.0,28.9172,28.9172,6.0,6.0
2022-23,FAIL,5,DEF,249,Evans,57,Smith,0.0,-0.1312,-4.0,1,0,0,0,0,0,5,8.0,6.0,28.9172,28.9172,6.0,6.0
2022-23,FAIL,5,DEF,249,Evans,156,Ward,-0.0208,-0.188,0.0,1,1,0,0,0,0,14,8.0,6.0,28.9172,28.8964,6.0,6.0
2022-23,FAIL,5,DEF,463,Coufal,257,Amartey,0.4396,-0.1548,2.0,0,0,1,0,1,1,14,8.0,6.0,28.9172,29.3568,6.0,5.0
2022-23,FAIL,5,DEF,463,Coufal,258,Castagne,0.4724,-0.122,2.0,0,0,1,0,1,1,14,8.0,6.0,28.9172,29.3896,6.0,5.0
2022-23,FAIL,5,DEF,463,Coufal,235,Struijk,0.0,-0.0944,-2.0,1,0,0,0,0,0,14,8.0,6.0,28.9172,28.9172,6.0,6.0
2022-23,FAIL,5,DEF,463,Coufal,57,Smith,0.0,-0.0584,-4.0,1,0,0,0,0,0,5,8.0,6.0,28.9172,28.9172,6.0,6.0
2022-23,FAIL,5,DEF,463,Coufal,156,Ward,-0.0208,-0.1152,0.0,1,1,0,0,0,0,14,8.0,6.0,28.9172,28.8964,6.0,6.0
2022-23,FAIL,5,FWD,279,Firmino,288,Diogo Jota,-0.6328,-0.6328,9.0,0,0,0,0,1,0,23,9.0,0.0,28.9172,28.2844,6.0,6.0
2022-23,FAIL,5,FWD,279,Firmino,318,Haaland,-1.6628,-1.1628,-8.0,1,0,0,0,0,0,25,9.0,0.0,28.9172,27.2544,6.0,7.0
2022-23,FAIL,5,FWD,697,Sadi,288,Diogo Jota,-0.2428,-2.5472,0.0,0,1,0,0,0,0,24,9.0,9.0,28.9172,28.6744,6.0,5.0
2022-23,FAIL,5,FWD,697,Sadi,210,Mitrović,0.7608,-2.0436,-9.0,0,0,1,0,0,1,10,2.0,2.0,28.9172,29.678,6.0,4.0
2022-23,FAIL,5,FWD,697,Sadi,318,Haaland,-0.7728,-3.0772,-17.0,0,0,0,0,0,0,26,9.0,9.0,28.9172,28.1444,6.0,5.0
2022-23,FAIL,5,FWD,255,Vardy,318,Haaland,-1.5148,-1.0148,-15.0,1,0,0,0,0,0,25,9.0,7.0,28.9172,27.4024,6.0,7.0
2022-23,FAIL,6,FWD,356,Wilson,288,Diogo Jota,0.2692,-0.2308,-1.0,0,0,1,0,0,1,20,12.0,12.0,29.212,29.4812,8.0,7.0
2022-23,FAIL,6,FWD,356,Wilson,427,Kane,0.358,-0.642,-9.0,0,0,1,0,0,1,22,12.0,12.0,29.212,29.57,8.0,6.0
2022-23,FAIL,6,FWD,145,Havertz,288,Diogo Jota,0.2956,-0.2044,5.0,0,0,1,0,1,1,20,12.0,6.0,29.212,29.5076,8.0,7.0
2022-23,FAIL,6,FWD,145,Havertz,427,Kane,0.3844,-0.6156,-3.0,0,0,1,0,0,1,22,12.0,6.0,29.212,29.5964,8.0,6.0
2022-23,FAIL,6,FWD,380,Lyle Taylor,288,Diogo Jota,-0.464,-2.368,-1.0,0,0,0,0,0,0,21,12.0,12.0,29.212,28.748,8.0,8.0
2022-23,FAIL,6,FWD,380,Lyle Taylor,427,Kane,-0.3752,-2.7792,-9.0,0,0,0,0,0,0,23,12.0,12.0,29.212,28.8368,8.0,7.0
2022-23,FAIL,6,FWD,380,Lyle Taylor,210,Mitrović,0.1856,-2.2184,-5.0,0,0,1,0,0,1,10,12.0,12.0,29.212,29.3976,8.0,7.0
2022-23,FAIL,6,DEF,435,Sánchez,106,Dunk,0.2332,-0.3384,-1.0,0,0,1,0,0,1,13,6.0,6.0,29.212,29.4452,8.0,7.0
2022-23,FAIL,6,DEF,435,Sánchez,235,Struijk,0.0,-0.0716,0.0,0,1,0,0,0,0,10,6.0,6.0,29.212,29.212,8.0,8.0
2022-23,FAIL,6,DEF,435,Sánchez,461,Zouma,0.0,-0.0716,-1.0,0,0,0,0,0,0,10,6.0,6.0,29.212,29.212,8.0,8.0
2022-23,FAIL,8,DEF,16,Gabriel,445,Emerson Royal,0.0,-0.0316,5.0,0,0,0,0,1,0,23,8.0,2.0,25.3072,25.3072,9.0,9.0
2022-23,FAIL,8,DEF,16,Gabriel,526,Mee,-0.0624,-0.094,5.0,1,0,0,0,1,0,23,8.0,2.0,25.3072,25.2448,9.0,9.0
2022-23,FAIL,8,MID,468,Soucek,480,Neves,0.9948,-0.1268,1.0,1,0,1,0,1,1,25,19.0,17.0,25.3072,26.302,9.0,7.0
2022-23,FAIL,8,GKP,182,Pickford,31,Martínez,0.0,-0.022,-6.0,0,0,0,0,0,0,23,9.0,9.0,25.3072,25.3072,9.0,9.0
2022-23,FAIL,9,DEF,357,Trippier,209,Tosin,0.0,-0.1356,7.0,1,0,0,0,1,0,25,10.0,3.0,27.8944,27.8944,3.0,3.0
2022-23,FAIL,9,DEF,357,Trippier,484,Kilman,0.0,-0.114,6.0,1,0,0,0,1,0,25,10.0,3.0,27.8944,27.8944,3.0,3.0
2022-23,FAIL,9,DEF,39,Mings,209,Tosin,0.0,-0.0728,6.0,1,0,0,0,1,0,25,10.0,4.0,27.8944,27.8944,3.0,3.0
2022-23,FAIL,9,DEF,39,Mings,484,Kilman,0.0,-0.0512,5.0,1,0,0,0,1,0,25,10.0,4.0,27.8944,27.8944,3.0,3.0
2022-23,FAIL,9,FWD,262,Iheanacho,356,Wilson,-0.0224,-0.7408,-6.0,0,0,0,0,0,0,25,23.0,23.0,27.8944,27.872,3.0,3.0
2022-23,FAIL,11,FWD,40,Watkins,617,Aubameyang,-0.1168,-0.1168,1.0,0,0,0,0,1,0,25,12.0,10.0,26.4132,26.2964,6.0,6.0
2022-23,FAIL,11,DEF,538,Young,209,Tosin,0.0,-0.0216,1.0,0,0,0,0,1,0,25,8.0,7.0,26.4132,26.4132,6.0,6.0
2022-23,FAIL,12,MID,261,Maddison,333,Fernandes,1.4652,-0.0788,-11.0,0,0,1,0,0,1,23,8.0,8.0,26.6576,28.1228,8.0,5.0
2022-23,FAIL,12,MID,264,Barnes,680,Gakpo,-0.2656,-0.4424,8.0,0,0,0,0,1,0,21,8.0,0.0,26.6576,26.392,8.0,8.0
2022-23,FAIL,12,MID,264,Barnes,333,Fernandes,1.4652,-0.2116,-3.0,1,0,1,0,0,1,23,8.0,0.0,26.6576,28.1228,8.0,5.0
2022-23,FAIL,12,MID,465,Bowen,333,Fernandes,1.4652,-0.1256,-11.0,1,0,1,0,0,1,23,8.0,8.0,26.6576,28.1228,8.0,5.0
2022-23,FAIL,12,DEF,366,Schär,377,Botman,0.4804,-0.04,-2.0,1,0,1,0,0,1,24,8.0,3.0,26.6576,27.138,8.0,7.0
2022-23,FAIL,12,DEF,84,Ajer,342,Dalot,1.2744,-0.4872,-6.0,0,0,1,0,0,1,22,8.0,8.0,26.6576,27.932,8.0,5.0
2022-23,FAIL,12,DEF,84,Ajer,377,Botman,0.4804,-0.2812,-7.0,0,0,1,0,0,1,24,8.0,8.0,26.6576,27.138,8.0,7.0
2022-23,FAIL,13,FWD,288,Diogo Jota,617,Aubameyang,-1.3784,-0.3784,-2.0,0,0,0,0,0,0,22,6.0,6.0,29.778,28.3996,3.0,5.0
2022-23,FAIL,13,FWD,288,Diogo Jota,318,Haaland,-1.9948,-0.9948,-13.0,0,0,0,0,0,0,23,8.0,8.0,29.778,27.7832,3.0,5.0
2022-23,FAIL,13,FWD,166,Edouard,617,Aubameyang,-1.5588,-0.8816,0.0,1,1,0,0,0,0,22,6.0,4.0,29.778,28.2192,3.0,5.0
2022-23,FAIL,13,FWD,166,Edouard,318,Haaland,-2.1752,-1.498,-11.0,1,0,0,0,0,0,23,8.0,6.0,29.778,27.6028,3.0,5.0
2022-23,FAIL,13,DEF,141,Chalobah,475,Coady,-0.8168,-0.3168,-4.0,1,0,0,0,0,0,22,12.0,10.0,29.778,28.9612,3.0,4.0
2022-23,FAIL,14,FWD,166,Edouard,66,Solanke,0.0,-0.4652,4.0,1,0,0,0,1,0,22,19.0,13.0,29.7608,29.7608,4.0,4.0
2022-23,FAIL,14,FWD,166,Edouard,427,Kane,-0.1544,-0.8676,5.0,1,0,0,0,1,0,24,19.0,13.0,29.7608,29.6064,4.0,4.0
2022-23,FAIL,14,DEF,257,Amartey,576,Senesi,-0.0388,-0.0996,1.0,1,0,0,0,1,0,23,7.0,5.0,29.7608,29.722,4.0,4.0
2022-23,FAIL,14,DEF,257,Amartey,342,Dalot,-0.0036,-0.0644,-7.0,1,0,0,0,0,0,23,7.0,5.0,29.7608,29.7572,4.0,4.0
2022-23,FAIL,14,DEF,39,Mings,576,Senesi,-0.0388,-0.5924,-1.0,1,0,0,0,0,0,24,7.0,7.0,29.7608,29.722,4.0,4.0
2022-23,FAIL,14,DEF,39,Mings,342,Dalot,-0.0036,-0.5572,-9.0,1,0,0,0,0,0,24,7.0,7.0,29.7608,29.7572,4.0,4.0
2022-23,FAIL,14,MID,261,Maddison,680,Gakpo,0.2844,-0.4408,2.0,0,0,1,0,1,1,23,9.0,7.0,29.7608,30.0452,4.0,3.0
2022-23,FAIL,14,MID,261,Maddison,169,Eze,-0.5116,-0.2368,-1.0,1,0,0,0,0,0,22,9.0,7.0,29.7608,29.2492,4.0,5.0
2022-23,FAIL,14,MID,374,Bruno Guimarães,680,Gakpo,0.2844,-0.534,3.0,0,0,1,0,1,1,23,9.0,6.0,29.7608,30.0452,4.0,3.0
2022-23,FAIL,14,MID,374,Bruno Guimarães,169,Eze,-0.5116,-0.33,0.0,1,1,0,0,0,0,22,9.0,6.0,29.7608,29.2492,4.0,5.0
2022-23,FAIL,14,MID,374,Bruno Guimarães,369,Almirón,0.0,-0.2916,-9.0,1,0,0,0,0,0,21,9.0,6.0,29.7608,29.7608,4.0,4.0
2022-23,FAIL,14,GKP,518,Hennessey,2,Leno,0.0,-0.7404,-10.0,0,0,0,0,0,0,23,11.0,11.0,29.7608,29.7608,4.0,4.0
2022-23,FAIL,15,FWD,288,Diogo Jota,427,Kane,-0.3324,-0.3324,-8.0,0,0,0,0,0,0,24,9.0,9.0,28.4908,28.1584,5.0,5.0
2022-23,FAIL,15,FWD,166,Edouard,66,Solanke,0.0,-0.512,-6.0,0,0,0,0,0,0,8,6.0,6.0,28.4908,28.4908,5.0,5.0
2022-23,FAIL,15,FWD,166,Edouard,427,Kane,0.5596,-0.9524,-8.0,0,0,1,0,0,1,24,9.0,9.0,28.4908,29.0504,5.0,3.0
2022-23,FAIL,15,DEF,39,Mings,516,Collins,-0.2512,-0.2512,1.0,1,0,0,0,1,0,18,7.0,6.0,28.4908,28.2396,5.0,5.0
2022-23,FAIL,15,DEF,39,Mings,461,Zouma,-0.1772,-0.1772,0.0,1,1,0,0,0,0,18,7.0,6.0,28.4908,28.3136,5.0,5.0
2022-23,FAIL,15,DEF,39,Mings,475,Coady,0.3936,-0.1064,0.0,1,1,1,0,0,1,24,15.0,14.0,28.4908,28.8844,5.0,4.0
2022-23,FAIL,15,DEF,141,Chalobah,475,Coady,-0.1452,-0.1452,0.0,1,1,0,0,0,0,24,15.0,14.0,28.4908,28.3456,5.0,5.0
2022-23,FAIL,15,DEF,538,Young,516,Collins,-0.2032,-0.2032,1.0,0,0,0,0,1,0,18,7.0,6.0,28.4908,28.2876,5.0,5.0
2022-23,FAIL,15,DEF,538,Young,461,Zouma,-0.1292,-0.1292,0.0,0,1,0,0,0,0,18,7.0,6.0,28.4908,28.3616,5.0,5.0
2022-23,FAIL,15,DEF,538,Young,475,Coady,0.4416,-0.0584,0.0,0,1,1,0,0,1,24,15.0,14.0,28.4908,28.9324,5.0,4.0
2022-23,FAIL,16,MID,464,Benrahma,680,Gakpo,0.4544,-0.6432,2.0,0,0,1,0,1,1,21,11.0,9.0,29.436,29.8904,5.0,3.0
2022-23,FAIL,16,MID,464,Benrahma,614,Willian,0.0048,-0.5928,0.0,1,1,1,0,0,1,14,11.0,9.0,29.436,29.4408,5.0,4.0
2022-23,FAIL,16,MID,374,Bruno Guimarães,680,Gakpo,0.4544,-0.5888,3.0,0,0,1,0,1,1,21,11.0,8.0,29.436,29.8904,5.0,3.0
2022-23,FAIL,16,MID,374,Bruno Guimarães,614,Willian,0.0048,-0.5384,1.0,1,0,1,0,1,1,14,11.0,8.0,29.436,29.4408,5.0,4.0
2022-23,FAIL,17,DEF,16,Gabriel,342,Dalot,-0.1768,-0.1768,2.0,0,0,0,0,1,0,23,7.0,5.0,28.1332,27.9564,5.0,5.0
2022-23,FAIL,17,DEF,141,Chalobah,257,Amartey,0.9092,-0.4612,0.0,0,1,1,0,0,1,21,7.0,6.0,28.1332,29.0424,5.0,3.0
2022-23,FAIL,17,DEF,141,Chalobah,342,Dalot,0.3132,-0.5572,1.0,0,0,1,0,1,1,23,7.0,6.0,28.1332,28.4464,5.0,4.0
2022-23,FAIL,17,MID,42,Buendía,614,Willian,0.0,-0.1444,-4.0,1,0,0,0,0,0,16,8.0,6.0,28.1332,28.1332,5.0,5.0
2022-23,FAIL,17,MID,42,Buendía,519,Eriksen,0.4848,-0.1596,-3.0,1,0,1,0,0,1,18,14.0,12.0,28.1332,28.618,5.0,4.0
2022-23,FAIL,17,MID,171,Olise,614,Willian,0.0,-0.214,-4.0,1,0,0,0,0,0,16,8.0,6.0,28.1332,28.1332,5.0,5.0
2022-23,FAIL,17,MID,171,Olise,519,Eriksen,0.4848,-0.2292,-3.0,1,0,1,0,0,1,18,14.0,12.0,28.1332,28.618,5.0,4.0
2022-23,FAIL,18,FWD,288,Diogo Jota,427,Kane,-0.6196,-0.1196,-2.0,0,0,0,0,0,0,24,8.0,8.0,29.9444,29.3248,4.0,5.0
2022-23,FAIL,18,MID,300,Gündogan,680,Gakpo,-0.1984,-0.1984,1.0,0,0,0,0,1,0,22,12.0,11.0,29.9444,29.746,4.0,4.0
2022-23,FAIL,18,MID,464,Benrahma,680,Gakpo,-0.3016,-0.5448,2.0,0,0,0,0,1,0,22,12.0,10.0,29.9444,29.6428,4.0,4.0
2022-23,FAIL,18,MID,464,Benrahma,369,Almirón,-0.0724,-0.3156,-1.0,1,0,0,0,0,0,16,12.0,10.0,29.9444,29.872,4.0,4.0
2022-23,FAIL,19,GKP,518,Hennessey,81,Raya,0.0,-0.638,-3.0,0,0,0,0,0,0,12,3.0,3.0,29.1392,29.1392,31.0,31.0
2022-23,FAIL,20,DEF,595,Zanka,302,Stones,2.2416,-2.6752,0.0,0,1,1,0,0,1,14,8.0,7.0,36.6128,38.8544,44.0,35.0
2022-23,FAIL,20,DEF,595,Zanka,628,Aurier,0.0,-0.4168,-7.0,0,0,0,0,0,0,7,7.0,6.0,36.6128,36.6128,44.0,44.0
2022-23,FAIL,20,DEF,595,Zanka,92,Pinnock,0.0,-0.3104,-5.0,0,0,0,0,0,0,5,6.0,5.0,36.6128,36.6128,44.0,44.0
2022-23,FAIL,20,FWD,619,Gnonto,11,Nketiah,0.0,-0.3888,0.0,1,1,0,0,0,0,9,12.0,10.0,36.6128,36.6128,44.0,44.0
2022-23,FAIL,21,DEF,16,Gabriel,302,Stones,-0.7728,-0.2728,-7.0,1,0,0,0,0,0,22,8.0,7.0,28.5572,27.7844,9.0,10.0
2022-23,FAIL,21,DEF,222,Ayling,302,Stones,0.1528,-0.506,0.0,1,1,1,0,0,1,22,8.0,0.0,28.5572,28.71,9.0,8.0
2022-23,FAIL,21,MID,171,Olise,680,Gakpo,0.5656,-0.4344,-3.0,0,0,1,0,0,1,21,10.0,10.0,28.5572,29.1228,9.0,7.0
2022-23,FAIL,21,MID,171,Olise,335,Rashford,0.6668,-0.3332,-7.0,0,0,1,0,0,1,20,10.0,10.0,28.5572,29.224,9.0,7.0
2022-23,FAIL,21,MID,171,Olise,283,Salah,0.4812,-0.5188,-3.0,0,0,1,0,0,1,23,10.0,10.0,28.5572,29.0384,9.0,7.0
2022-23,FAIL,21,MID,278,Chamberlain,680,Gakpo,0.0408,-0.66,-3.0,0,0,1,0,0,1,21,10.0,10.0,28.5572,28.598,9.0,8.0
2022-23,FAIL,21,MID,278,Chamberlain,283,Salah,-0.0436,-0.7444,-3.0,0,0,0,0,0,0,23,10.0,10.0,28.5572,28.5136,9.0,8.0
2022-23,FAIL,22,DEF,92,Pinnock,448,Perišić,0.0,-0.008,1.0,1,0,0,0,1,0,18,13.0,7.0,34.574,34.574,23.0,23.0
2022-23,FAIL,22,MID,135,Ziyech,699,Mudryk,0.0,-0.4452,0.0,0,1,0,0,0,0,14,11.0,10.0,34.574,34.574,23.0,23.0
2022-23,FAIL,22,MID,135,Ziyech,7,Ødegaard,-1.0236,-0.6112,-1.0,0,0,0,0,0,0,14,11.0,10.0,34.574,33.5504,23.0,25.0
2022-23,FAIL,23,DEF,257,Amartey,73,Kelly,0.0,-0.0844,0.0,0,1,0,0,0,0,4,1.0,1.0,40.672,40.672,21.0,21.0
2022-23,FAIL,23,DEF,257,Amartey,16,Gabriel,0.4732,-2.6912,-3.0,0,0,1,0,0,1,20,5.0,5.0,40.672,41.1452,21.0,15.0
2022-23,FAIL,23,DEF,257,Amartey,470,Diop,0.0,-0.1644,-6.0,0,0,0,0,0,0,4,1.0,1.0,40.672,40.672,21.0,21.0
2022-23,FAIL,23,DEF,463,Coufal,73,Kelly,0.0,-0.2456,1.0,0,0,0,0,1,0,4,1.0,0.0,40.672,40.672,21.0,21.0
2022-23,FAIL,23,DEF,463,Coufal,16,Gabriel,0.4732,-2.8524,-2.0,1,0,1,0,0,1,20,5.0,4.0,40.672,41.1452,21.0,15.0
2022-23,FAIL,23,DEF,463,Coufal,470,Diop,0.0,-0.3256,-5.0,1,0,0,0,0,0,4,1.0,0.0,40.672,40.672,21.0,21.0
2022-23,FAIL,23,DEF,222,Ayling,16,Gabriel,0.4732,-2.5576,-2.0,1,0,1,0,0,1,20,5.0,4.0,40.672,41.1452,21.0,15.0
2022-23,FAIL,23,MID,171,Olise,335,Rashford,-0.8896,-0.4016,-6.0,1,0,0,0,0,0,10,9.0,7.0,40.672,39.7824,21.0,22.0
2022-23,FAIL,24,MID,42,Buendía,7,Ødegaard,-1.1896,-0.2148,-6.0,1,0,0,0,0,0,17,10.0,8.0,30.9752,29.7856,5.0,7.0
2022-23,FAIL,24,MID,42,Buendía,333,Fernandes,-0.2052,-0.2304,-10.0,1,0,0,0,0,0,22,10.0,8.0,30.9752,30.77,5.0,5.0
2022-23,FAIL,24,MID,446,Kulusevski,333,Fernandes,-0.1004,-0.1004,-9.0,1,0,0,0,0,0,22,10.0,7.0,30.9752,30.8748,5.0,5.0
2022-23,FAIL,25,DEF,222,Ayling,285,Alexander-Arnold,0.838,-2.6992,-7.0,1,0,1,0,0,1,21,24.0,18.0,40.7424,41.5804,35.0,29.0
2022-23,FAIL,26,FWD,262,Iheanacho,318,Haaland,0.0328,-0.4672,-2.0,1,0,1,0,0,1,21,13.0,11.0,30.6148,30.6476,10.0,9.0
2022-23,FAIL,26,FWD,394,Johnson,318,Haaland,-0.2288,-1.0704,9.0,1,0,0,0,1,0,21,13.0,0.0,30.6148,30.386,10.0,9.0
2022-23,FAIL,27,FWD,11,Nketiah,427,Kane,0.0,-0.206,-13.0,0,0,0,0,0,0,18,9.0,9.0,38.0972,38.0972,35.0,35.0
2022-23,FAIL,27,FWD,11,Nketiah,95,Mbeumo,0.8964,-1.134,-4.0,0,0,1,0,0,1,18,9.0,9.0,38.0972,38.9936,35.0,32.0
2022-23,FAIL,27,FWD,262,Iheanacho,427,Kane,0.0,-0.064,-11.0,1,0,0,0,0,0,18,9.0,7.0,38.0972,38.0972,35.0,35.0
2022-23,FAIL,27,FWD,262,Iheanacho,95,Mbeumo,0.8964,-0.992,-2.0,1,0,1,0,0,1,18,9.0,7.0,38.0972,38.9936,35.0,32.0
2022-23,FAIL,28,MID,45,Bailey,233,Harrison,0.0,-0.1816,-3.0,1,0,0,0,0,0,21,11.0,5.0,28.9896,28.9896,10.0,10.0
2022-23,FAIL,29,DEF,256,Ricardo,342,Dalot,0.0,-0.8712,1.0,0,0,0,0,1,0,20,15.0,7.0,58.4404,58.4404,23.0,23.0
2022-23,FAIL,29,MID,464,Benrahma,233,Harrison,0.0,-0.2208,-5.0,1,0,0,0,0,0,17,14.0,9.0,58.4404,58.4404,23.0,23.0
2022-23,FAIL,30,DEF,256,Ricardo,280,Van Dijk,0.3952,-0.6688,1.0,0,0,1,0,1,1,25,8.0,7.0,34.0016,34.3968,7.0,6.0
2022-23,FAIL,30,DEF,256,Ricardo,92,Pinnock,0.0,-0.4024,0.0,0,1,0,0,0,0,11,7.0,6.0,34.0016,34.0016,7.0,7.0
2022-23,FAIL,30,DEF,180,Keane,280,Van Dijk,0.3952,-0.6,1.0,1,0,1,0,1,1,25,8.0,7.0,34.0016,34.3968,7.0,6.0
2022-23,FAIL,30,DEF,180,Keane,92,Pinnock,0.0,-0.3336,0.0,1,1,0,0,0,0,11,7.0,6.0,34.0016,34.0016,7.0,7.0
2022-23,FAIL,32,MID,88,Jensen,233,Harrison,0.0,-0.164,0.0,1,1,0,0,0,0,13,12.0,10.0,33.346,33.346,10.0,10.0
2022-23,FAIL,33,FWD,288,Diogo Jota,427,Kane,-0.144,-0.644,-10.0,0,0,0,0,0,0,23,7.0,6.0,32.7092,32.5652,10.0,9.0
2022-23,FAIL,33,DEF,199,Tarkowski,461,Zouma,0.0,-0.0464,-1.0,1,0,0,0,0,0,5,6.0,6.0,32.7092,32.7092,10.0,10.0
2022-23,FAIL,33,DEF,199,Tarkowski,222,Ayling,0.0,-0.07,-1.0,1,0,0,0,0,0,6,6.0,6.0,32.7092,32.7092,10.0,10.0
2022-23,FAIL,36,DEF,16,Gabriel,366,Schär,0.4568,-2.726,-1.0,1,0,1,0,0,1,21,11.0,10.0,47.5596,48.0164,24.0,18.0
2022-23,FAIL,36,DEF,39,Mings,366,Schär,0.4568,-2.8924,0.0,1,1,1,0,0,1,21,11.0,9.0,47.5596,48.0164,24.0,18.0
2023-24,PASS,1,MID,294,Diogo J.,396,Rashford,-1.5552,-0.5552,-2.0,1,0,0,0,0,0,23,9.0,8.0,29.386,27.8308,6.0,8.0
2023-24,PASS,1,MID,294,Diogo J.,14,Ødegaard,-1.4596,-0.4596,-1.0,1,0,0,0,0,0,23,9.0,8.0,29.386,27.9264,6.0,8.0
2023-24,PASS,1,MID,26,Trossard,396,Rashford,-1.0024,-0.5024,-2.0,0,0,0,0,0,0,23,9.0,8.0,29.386,28.3836,6.0,7.0
2023-24,PASS,1,MID,26,Trossard,14,Ødegaard,-0.4068,-0.4068,-1.0,0,0,0,0,0,0,23,9.0,8.0,29.386,28.9792,6.0,6.0
2023-24,PASS,1,DEF,245,Branthwaite,834,Arthur,0.0,-0.0752,0.0,0,1,0,0,0,0,1,0.0,0.0,29.386,29.386,6.0,6.0
2023-24,PASS,1,DEF,245,Branthwaite,845,Offiah,0.0,-0.0736,0.0,0,1,0,0,0,0,1,0.0,0.0,29.386,29.386,6.0,6.0
2023-24,PASS,2,DEF,366,Sergio Gómez,368,Stones,-0.3504,-1.7752,0.0,0,1,0,0,0,0,21,7.0,7.0,34.8004,34.45,5.0,5.0
2023-24,PASS,2,FWD,232,Mateta,355,Haaland,-1.998,-3.3376,-2.0,0,0,0,0,0,0,26,11.0,11.0,34.8004,32.8024,5.0,5.0
2023-24,PASS,2,FWD,433,Wilson,355,Haaland,-1.4488,-1.4488,-1.0,0,0,0,0,0,0,25,11.0,10.0,34.8004,33.3516,5.0,5.0
2023-24,PASS,3,DEF,766,Kambwala,198,Cucurella,-0.9988,-1.4984,0.0,0,1,0,0,0,0,20,6.0,6.0,32.8648,31.866,3.0,3.0
2023-24,PASS,3,DEF,766,Kambwala,204,Hall,0.0,-0.4996,0.0,0,1,0,0,0,0,12,0.0,0.0,32.8648,32.8648,3.0,3.0
2023-24,PASS,3,FWD,232,Mateta,355,Haaland,-1.288,-2.752,-3.0,0,0,0,0,0,0,25,11.0,10.0,32.8648,31.5768,3.0,3.0
2023-24,PASS,3,FWD,232,Mateta,8,G.Jesus,-1.2732,-2.2372,0.0,0,1,0,0,0,0,25,11.0,10.0,32.8648,31.5916,3.0,4.0
2023-24,PASS,3,FWD,433,Wilson,355,Haaland,-0.6296,-0.6296,-3.0,0,0,0,0,0,0,25,11.0,10.0,32.8648,32.2352,3.0,3.0
2023-24,PASS,3,FWD,433,Wilson,8,G.Jesus,-0.6148,-0.1148,0.0,0,1,0,0,0,0,25,11.0,10.0,32.8648,32.25,3.0,4.0
2023-24,PASS,4,DEF,307,Robertson,290,Alexander-Arnold,0.0,-0.1036,-6.0,1,0,0,0,0,0,22,7.0,1.0,30.2552,30.2552,4.0,4.0
2023-24,PASS,4,DEF,430,Trippier,290,Alexander-Arnold,0.0,-0.1972,-11.0,1,0,0,0,0,0,22,7.0,6.0,30.2552,30.2552,4.0,4.0
2023-24,PASS,5,DEF,42,Digne,439,Boly,-0.0652,-0.0748,5.0,0,0,0,0,1,0,15,6.0,1.0,33.3904,33.3252,4.0,4.0
2023-24,PASS,5,MID,294,Diogo J.,396,Rashford,0.0296,-0.53,-1.0,0,0,1,0,0,1,22,10.0,9.0,33.3904,33.42,4.0,3.0
2023-24,PASS,5,MID,526,Bowen,396,Rashford,-0.196,-0.196,0.0,1,1,0,0,0,0,22,10.0,8.0,33.3904,33.1944,4.0,4.0
2023-24,PASS,5,MID,526,Bowen,504,Maddison,0.1824,-0.3176,1.0,1,0,1,0,1,1,20,10.0,8.0,33.3904,33.5728,4.0,3.0
2023-24,PASS,5,FWD,523,Antonio,355,Haaland,-1.1872,-1.7064,-4.0,1,0,0,0,0,0,25,9.0,7.0,33.3904,32.2032,4.0,4.0
2023-24,PASS,5,FWD,523,Antonio,85,Solanke,0.0,-0.5192,0.0,1,1,0,0,0,0,14,8.0,6.0,33.3904,33.3904,4.0,4.0
2023-24,PASS,5,FWD,13,Nketiah,355,Haaland,-1.1872,-1.8824,-4.0,1,0,0,0,0,0,25,9.0,7.0,33.3904,32.2032,4.0,4.0
2023-24,PASS,5,FWD,13,Nketiah,85,Solanke,0.0,-0.6952,0.0,1,1,0,0,0,0,14,8.0,6.0,33.3904,33.3904,4.0,4.0
2023-24,PASS,6,MID,513,Sarr,664,Ward-Prowse,0.7304,-0.7696,-1.0,1,0,1,0,0,1,12,9.0,8.0,34.4148,35.1452,8.0,5.0
2023-24,PASS,6,MID,513,Sarr,349,De Bruyne,-0.9744,-1.4744,1.0,0,0,0,0,1,0,26,14.0,13.0,34.4148,33.4404,8.0,7.0
2023-24,PASS,6,MID,226,Eze,349,De Bruyne,-1.2432,-0.7432,3.0,0,0,0,0,1,0,25,14.0,11.0,34.4148,33.1716,8.0,9.0
2023-24,PASS,7,FWD,433,Wilson,355,Haaland,-2.5096,-1.0096,-2.0,0,0,0,0,0,0,22,23.0,23.0,36.5976,34.088,14.0,17.0
2023-24,PASS,7,DEF,245,Branthwaite,544,Zouma,0.0,-0.2744,-6.0,1,0,0,0,0,0,18,12.0,11.0,36.5976,36.5976,14.0,14.0
2023-24,PASS,7,DEF,245,Branthwaite,563,Kilman,0.0,-0.2444,-1.0,1,0,0,0,0,0,18,12.0,11.0,36.5976,36.5976,14.0,14.0
2023-24,PASS,7,DEF,245,Branthwaite,220,Andersen,0.3084,-0.466,-14.0,1,0,1,0,0,1,21,12.0,11.0,36.5976,36.906,14.0,13.0
2023-24,PASS,7,DEF,506,Pedro Porro,220,Andersen,0.3084,-0.2972,-8.0,1,0,1,0,0,1,21,12.0,5.0,36.5976,36.906,14.0,13.0
2023-24,PASS,8,GKP,361,Ortega Moreno,482,Foderingham,0.0,-0.5476,0.0,0,1,0,0,0,0,16,9.0,9.0,37.3232,37.3232,4.0,4.0
2023-24,PASS,8,FWD,13,Nketiah,326,Morris,-0.9024,-0.814,1.0,1,0,0,0,1,0,8,2.0,0.0,37.3232,36.4208,4.0,5.0
2023-24,PASS,8,DEF,245,Branthwaite,281,Ream,-0.0572,-0.7372,4.0,1,0,0,0,1,0,13,10.0,4.0,37.3232,37.266,4.0,4.0
2023-24,PASS,9,FWD,13,Nketiah,355,Haaland,-1.5888,-2.5888,-8.0,0,0,0,0,0,0,24,11.0,11.0,38.092,36.5032,4.0,2.0
2023-24,PASS,9,FWD,433,Wilson,355,Haaland,-1.0904,-1.5904,-2.0,1,0,0,0,0,0,24,11.0,5.0,38.092,37.0016,4.0,3.0
2023-24,PASS,9,DEF,245,Branthwaite,584,Pau,-0.5992,-1.1388,-1.0,1,0,0,0,0,0,8,7.0,6.0,38.092,37.4928,4.0,4.0
2023-24,PASS,9,DEF,245,Branthwaite,471,Ahmedhodžić,0.0,-0.5396,1.0,0,0,0,0,1,0,1,1.0,0.0,38.092,38.092,4.0,4.0
2023-24,PASS,9,DEF,245,Branthwaite,220,Andersen,-1.1796,-1.2192,1.0,1,0,0,0,1,0,13,8.0,7.0,38.092,36.9124,4.0,5.0
2023-24,PASS,10,FWD,225,Edouard,355,Haaland,-2.3436,-1.3436,-14.0,1,0,0,0,0,0,25,17.0,15.0,36.6884,34.3448,7.0,9.0
2023-24,PASS,10,FWD,60,Watkins,355,Haaland,-0.3184,-0.8184,-14.0,1,0,0,0,0,0,25,17.0,15.0,36.6884,36.37,7.0,6.0
2023-24,PASS,11,GKP,361,Ortega Moreno,482,Foderingham,0.0,-0.9964,-2.0,0,0,0,0,0,0,14,3.0,3.0,37.9192,37.9192,7.0,7.0
2023-24,PASS,11,MID,362,Palmer,504,Maddison,-0.7,-0.7,11.0,0,0,0,0,1,0,20,14.0,2.0,37.9192,37.2192,7.0,7.0
2023-24,PASS,11,DEF,245,Branthwaite,265,Tarkowski,-0.4436,-0.5724,0.0,1,1,0,0,0,0,3,2.0,1.0,37.9192,37.4756,7.0,7.0
2023-24,PASS,11,DEF,245,Branthwaite,112,Pinnock,0.5116,-0.6172,0.0,1,1,1,0,0,1,10,6.0,5.0,37.9192,38.4308,7.0,5.0
2023-24,PASS,11,DEF,245,Branthwaite,511,Romero,0.4732,-0.6556,5.0,0,0,1,0,1,1,15,6.0,5.0,37.9192,38.3924,7.0,5.0
2023-24,PASS,12,DEF,245,Branthwaite,29,White,-1.2784,-1.0872,1.0,0,0,0,0,1,0,23,9.0,8.0,36.3996,35.1212,8.0,9.0
2023-24,PASS,12,DEF,245,Branthwaite,703,Evans,0.0,-0.3088,1.0,0,0,0,0,1,0,1,1.0,0.0,36.3996,36.3996,8.0,8.0
2023-24,PASS,12,FWD,60,Watkins,355,Haaland,-0.3496,-0.8496,-10.0,1,0,0,0,0,0,24,13.0,7.0,36.3996,36.05,8.0,7.0
2023-24,PASS,13,FWD,246,Calvert-Lewin,343,J.Alvarez,0.9184,-0.5816,0.0,1,1,1,0,0,1,17,7.0,5.0,37.4048,38.3232,8.0,5.0
2023-24,PASS,14,DEF,393,Mengi,465,Toffolo,0.0,-0.594,-1.0,1,0,0,0,0,0,4,8.0,7.0,40.5652,40.5652,3.0,3.0
2023-24,PASS,14,DEF,393,Mengi,173,O'Shea,0.0,-0.3892,-7.0,1,0,0,0,0,0,4,8.0,7.0,40.5652,40.5652,3.0,3.0
2023-24,PASS,14,DEF,178,Taylor,465,Toffolo,0.0,-0.6236,8.0,1,0,0,0,1,0,4,10.0,0.0,40.5652,40.5652,3.0,3.0
2023-24,PASS,14,DEF,178,Taylor,173,O'Shea,0.0,-0.4188,2.0,1,0,0,0,1,0,4,10.0,0.0,40.5652,40.5652,3.0,3.0
2023-24,PASS,15,DEF,245,Branthwaite,377,Dalot,-0.8388,-0.3388,5.0,1,0,0,0,1,0,19,9.0,3.0,38.554,37.7152,4.0,5.0
2023-24,PASS,15,MID,382,Garnacho,43,Douglas Luiz,-0.3172,-1.0452,1.0,1,0,0,0,1,0,11,14.0,10.0,38.554,38.2368,4.0,3.0
2023-24,PASS,16,DEF,27,Trusty,220,Andersen,-0.4364,-0.7416,5.0,1,0,0,0,1,0,20,8.0,3.0,38.7772,38.3408,4.0,4.0
2023-24,PASS,17,DEF,238,C.Richards,178,Taylor,0.0,-0.2632,1.0,0,0,0,0,1,0,1,1.0,0.0,39.2028,39.2028,5.0,5.0
2023-24,PASS,18,FWD,590,Cunha,211,N.Jackson,-0.6544,-0.2876,0.0,1,1,0,0,0,0,19,17.0,16.0,37.9892,37.3348,6.0,7.0
2023-24,PASS,19,DEF,245,Branthwaite,265,Tarkowski,0.0,-0.3012,-1.0,1,0,0,0,0,0,13,8.0,8.0,38.6328,38.6328,2.0,2.0
2023-24,PASS,19,DEF,245,Branthwaite,377,Dalot,0.0,-0.4068,-1.0,1,0,0,0,0,0,18,8.0,8.0,38.6328,38.6328,2.0,2.0
2023-24,PASS,19,MID,134,Gross,14,Ødegaard,-0.28,-0.28,0.0,1,1,0,0,0,0,24,14.0,12.0,38.6328,38.3528,2.0,2.0
2023-24,PASS,19,FWD,246,Calvert-Lewin,211,N.Jackson,-0.3404,-0.3568,-1.0,0,0,0,0,0,0,16,8.0,7.0,38.6328,38.2924,2.0,2.0
2023-24,PASS,20,DEF,191,B.Badiashile,313,Virgil,0.3604,-0.6396,-1.0,0,0,1,0,0,1,24,13.0,13.0,39.9208,40.2812,4.0,2.0
2023-24,PASS,20,DEF,342,Aké,313,Virgil,0.326,-0.174,5.0,1,0,1,0,1,1,24,13.0,7.0,39.9208,40.2468,4.0,3.0
2023-24,PASS,20,DEF,286,Tosin,313,Virgil,-0.0624,-0.5624,1.0,1,0,0,0,1,0,24,13.0,11.0,39.9208,39.8584,4.0,3.0
2023-24,PASS,21,MID,236,Olise,134,Gross,-0.1168,-0.1168,-3.0,0,0,0,0,0,0,17,9.0,9.0,38.3176,38.2008,5.0,5.0
2023-24,PASS,23,MID,382,Garnacho,107,Lewis-Potter,0.0,-0.0192,15.0,0,0,0,0,1,0,1,16.0,0.0,37.636,37.636,5.0,5.0
2023-24,PASS,23,DEF,31,Zinchenko,506,Pedro Porro,-1.098,-0.098,0.0,0,1,0,0,0,0,22,8.0,7.0,37.636,36.538,5.0,7.0
2023-24,PASS,24,DEF,321,Doughty,220,Andersen,0.4752,-0.0248,0.0,1,1,1,0,0,1,11,2.0,1.0,40.1084,40.5836,6.0,5.0
2023-24,PASS,24,DEF,238,C.Richards,220,Andersen,0.0248,-0.88,0.0,1,1,1,0,0,1,12,2.0,1.0,40.1084,40.1332,6.0,5.0
2023-24,PASS,24,DEF,238,C.Richards,286,Tosin,0.0,-0.4048,1.0,0,0,0,0,1,0,1,1.0,0.0,40.1084,40.1084,6.0,6.0
2023-24,PASS,24,MID,43,Douglas Luiz,526,Bowen,0.7212,-0.2968,8.0,1,0,1,0,1,1,17,10.0,0.0,40.1084,40.8296,6.0,4.0
2023-24,PASS,24,MID,43,Douglas Luiz,664,Ward-Prowse,0.9404,-0.0776,8.0,1,0,1,0,1,1,9,10.0,0.0,40.1084,41.0488,6.0,4.0
2023-24,PASS,29,FWD,117,Toney,200,D.D.Fofana,0.0,-0.1392,-7.0,1,0,0,0,0,0,17,9.0,8.0,30.634,30.634,17.0,17.0
2023-24,PASS,31,DEF,90,Ajer,114,Roerslev,0.0,-0.0408,0.0,1,1,0,0,0,0,3,6.0,0.0,44.2436,44.2436,5.0,5.0
2024-25,PASS,1,FWD,129,João Pedro,58,Watkins,-0.7828,-1.2828,0.0,1,1,0,0,0,0,24,12.0,10.0,30.882,30.0992,5.0,4.0
2024-25,PASS,1,DEF,303,Souttar,3,Gabriel,-1.184,-1.2352,-6.0,0,0,0,0,0,0,24,9.0,9.0,30.882,29.698,5.0,5.0
2024-25,PASS,1,DEF,303,Souttar,658,Heaven,0.0,-0.0512,0.0,0,1,0,0,0,0,1,0.0,0.0,30.882,30.882,5.0,5.0
2024-25,PASS,1,DEF,495,Pedro Porro,3,Gabriel,-0.334,-0.334,3.0,1,0,0,0,1,0,23,9.0,0.0,30.882,30.548,5.0,5.0
2024-25,PASS,1,MID,23,Trossard,503,Son,-1.8496,-0.8496,-1.0,0,0,0,0,0,0,22,9.0,8.0,30.882,29.0324,5.0,7.0
2024-25,PASS,1,MID,317,Diogo J.,503,Son,-1.5112,-1.0112,6.0,1,0,0,0,1,0,22,9.0,1.0,30.882,29.3708,5.0,6.0
2024-25,PASS,2,MID,743,McKenna,360,Rodrigo,-1.1172,-3.0168,0.0,0,1,0,0,0,0,8,20.0,20.0,37.66,36.5428,5.0,5.0
2024-25,PASS,2,MID,743,McKenna,751,Pereira,0.0,-0.0072,0.0,0,1,0,0,0,0,1,0.0,0.0,37.66,37.66,5.0,5.0
2024-25,PASS,2,DEF,715,Godfrey,322,Gomez,0.0,-1.5308,0.0,0,1,0,0,0,0,15,1.0,1.0,37.66,37.66,5.0,5.0
2024-25,PASS,2,GKP,445,Turner,91,Flekken,0.0,-0.3836,-3.0,0,0,0,0,0,0,14,6.0,6.0,37.66,37.66,5.0,5.0
2024-25,PASS,3,FWD,401,Isak,58,Watkins,-0.2436,-0.2436,4.0,1,0,0,0,1,0,24,12.0,3.0,33.1368,32.8932,7.0,7.0
2024-25,PASS,3,FWD,401,Isak,351,Haaland,-0.9668,-1.4668,-8.0,1,0,0,0,0,0,24,12.0,3.0,33.1368,32.17,7.0,6.0
2024-25,PASS,3,FWD,306,Vardy,58,Watkins,-1.1464,-1.1464,-4.0,1,0,0,0,0,0,24,12.0,11.0,33.1368,31.9904,7.0,7.0
2024-25,PASS,3,FWD,306,Vardy,351,Haaland,-2.3696,-2.3696,-16.0,1,0,0,0,0,0,24,12.0,11.0,33.1368,30.7672,7.0,7.0
2024-25,PASS,4,MID,491,Johnson,636,Chiesa,-0.7376,-0.948,2.0,0,0,0,0,1,0,18,6.0,4.0,28.1436,27.406,5.0,6.0
2024-25,PASS,4,DEF,495,Pedro Porro,311,Alexander-Arnold,0.0,-0.082,1.0,1,0,0,0,1,0,20,11.0,9.0,28.1436,28.1436,5.0,5.0
2024-25,PASS,5,DEF,291,Faes,326,Konaté,0.9172,-0.2228,-6.0,1,0,1,0,0,1,19,6.0,4.0,31.4612,32.3784,8.0,6.0
2024-25,PASS,5,DEF,291,Faes,472,Stephens,0.0,-0.0136,2.0,0,0,0,0,1,0,1,2.0,0.0,31.4612,31.4612,8.0,8.0
2024-25,PASS,5,MID,491,Johnson,366,B.Fernandes,-0.3528,-0.8528,4.0,1,0,0,0,1,0,17,8.0,1.0,31.4612,31.1084,8.0,7.0
2024-25,PASS,5,MID,491,Johnson,345,De Bruyne,-0.0476,-1.0476,7.0,0,0,0,0,1,0,19,8.0,1.0,31.4612,31.4136,8.0,6.0
2024-25,PASS,5,FWD,447,Wood,207,Mateta,0.1404,-0.3596,7.0,0,0,1,0,1,1,19,8.0,0.0,31.4612,31.6016,8.0,7.0
2024-25,PASS,6,DEF,228,Keane,282,Tuanzebe,0.0,-0.024,0.0,0,1,0,0,0,0,1,0.0,0.0,36.6928,36.6928,3.0,3.0
2024-25,PASS,6,DEF,228,Keane,88,Collins,-1.2496,-0.2984,-2.0,0,0,0,0,0,0,17,9.0,9.0,36.6928,35.4432,3.0,5.0
2024-25,PASS,6,DEF,533,Aït-Nouri,88,Collins,-0.0772,-0.0772,7.0,1,0,0,0,1,0,17,9.0,0.0,36.6928,36.6156,3.0,3.0
2024-25,PASS,6,MID,71,Kluivert,199,Eze,-0.7844,-0.2844,-1.0,0,0,0,0,0,0,20,15.0,14.0,36.6928,35.9084,3.0,4.0
2024-25,PASS,6,MID,239,Adama,199,Eze,-1.798,-0.818,1.0,1,0,0,0,1,0,20,15.0,12.0,36.6928,34.8948,3.0,5.0
2024-25,PASS,6,GKP,396,Dúbravka,91,Flekken,0.0,-0.3232,-2.0,0,0,0,0,0,0,14,2.0,2.0,36.6928,36.6928,3.0,3.0
2024-25,PASS,6,FWD,447,Wood,58,Watkins,0.3404,-0.1596,-9.0,1,0,1,0,0,1,24,9.0,7.0,36.6928,37.0332,3.0,2.0
2024-25,PASS,7,DEF,228,Keane,291,Faes,0.0,-0.072,0.0,1,1,0,0,0,0,3,9.0,3.0,37.034,37.034,4.0,4.0
2024-25,PASS,7,DEF,228,Keane,369,Dalot,-0.296,-0.4388,0.0,1,1,0,0,0,0,20,10.0,4.0,37.034,36.738,4.0,4.0
2024-25,PASS,7,DEF,301,Okoli,291,Faes,0.0,-0.002,1.0,1,0,0,0,1,0,2,9.0,2.0,37.034,37.034,4.0,4.0
2024-25,PASS,7,DEF,301,Okoli,369,Dalot,-0.296,-0.3688,1.0,1,0,0,0,1,0,19,10.0,3.0,37.034,36.738,4.0,4.0
2024-25,PASS,7,FWD,306,Vardy,58,Watkins,-0.5584,-1.0584,0.0,1,1,0,0,0,0,23,9.0,7.0,37.034,36.4756,4.0,3.0
2024-25,PASS,7,GKP,445,Turner,522,Foderingham,0.0,-0.6416,0.0,0,1,0,0,0,0,16,3.0,3.0,37.034,37.034,4.0,4.0
2024-25,PASS,8,MID,491,Johnson,17,Saka,-0.294,-0.794,2.0,0,0,0,0,1,0,25,10.0,8.0,35.6552,35.3612,7.0,6.0
2024-25,PASS,8,MID,239,Adama,17,Saka,-0.4624,-1.024,2.0,0,0,0,0,1,0,25,10.0,8.0,35.6552,35.1928,7.0,6.0
2024-25,PASS,8,FWD,316,Darwin,58,Watkins,-0.5368,-0.9724,-7.0,1,0,0,0,0,0,24,9.0,8.0,35.6552,35.1184,7.0,7.0
2024-25,PASS,8,FWD,447,Wood,58,Watkins,-0.2984,-0.2984,-1.0,1,0,0,0,0,0,24,9.0,2.0,35.6552,35.3568,7.0,7.0
2024-25,PASS,8,FWD,447,Wood,541,Cunha,-0.0888,-0.0888,5.0,1,0,0,0,1,0,13,9.0,2.0,35.6552,35.5664,7.0,7.0
2024-25,PASS,9,DEF,338,Van den Berg,88,Collins,0.1692,-0.466,0.0,1,1,1,0,0,1,14,6.0,5.0,36.5136,36.6828,7.0,6.0
2024-25,PASS,9,DEF,338,Van den Berg,291,Faes,0.0,-0.1352,0.0,1,1,0,0,0,0,2,2.0,1.0,36.5136,36.5136,7.0,7.0
2024-25,PASS,10,MID,491,Johnson,99,Mbeumo,0.0896,-0.4104,5.0,1,0,1,0,1,1,22,10.0,2.0,33.926,34.0156,10.0,9.0
2024-25,PASS,10,MID,239,Adama,99,Mbeumo,-0.7904,-0.7904,1.0,0,0,0,0,1,0,22,10.0,6.0,33.926,33.1356,10.0,10.0
2024-25,PASS,10,MID,239,Adama,372,Garnacho,-0.368,-0.368,2.0,0,0,0,0,1,0,16,10.0,6.0,33.926,33.558,10.0,10.0
2024-25,PASS,10,GKP,396,Dúbravka,14,Ramsdale,0.0,-0.0348,-9.0,0,0,0,0,0,0,13,6.0,6.0,33.926,33.926,10.0,10.0
2024-25,PASS,11,MID,491,Johnson,366,B.Fernandes,0.1956,-0.3044,-15.0,1,0,1,0,0,1,20,6.0,4.0,37.2428,37.4384,6.0,5.0
2024-25,PASS,11,DEF,630,O'Shea,520,Emerson,0.0,-0.3644,-4.0,1,0,0,0,0,0,7,7.0,5.0,37.2428,37.2428,6.0,6.0
2024-25,PASS,11,DEF,630,O'Shea,369,Dalot,0.1004,-0.764,1.0,0,0,1,0,1,1,16,7.0,5.0,37.2428,37.3432,6.0,5.0
2024-25,PASS,12,MID,247,Iwobi,19,Smith Rowe,-0.296,-0.296,6.0,0,0,0,0,1,0,11,7.0,0.0,37.436,37.14,3.0,3.0
2024-25,PASS,13,DEF,159,Chalobah,369,Dalot,-0.0772,-0.266,-4.0,1,0,0,0,0,0,20,11.0,9.0,37.9896,37.9124,5.0,5.0
2024-25,PASS,13,DEF,159,Chalobah,422,Aina,-0.5104,-0.1992,-6.0,1,0,0,0,0,0,19,11.0,9.0,37.9896,37.4792,5.0,6.0
2024-25,PASS,13,FWD,447,Wood,351,Haaland,-1.0864,-1.0864,7.0,1,0,0,0,1,0,24,13.0,4.0,37.9896,36.9032,5.0,5.0
2024-25,PASS,14,FWD,401,Isak,58,Watkins,-0.6656,-0.1656,-1.0,1,0,0,0,0,0,24,11.0,0.0,38.0428,37.3772,4.0,5.0
2024-25,PASS,14,FWD,252,Raúl,617,Evanilson,0.3916,-0.1084,-1.0,0,0,1,0,0,1,10,5.0,4.0,38.0428,38.4344,4.0,3.0
2024-25,PASS,14,FWD,252,Raúl,58,Watkins,-0.0684,-0.5684,-11.0,0,0,0,0,0,0,24,11.0,10.0,38.0428,37.9744,4.0,3.0
2024-25,PASS,14,MID,754,Van Nistelrooy,743,McKenna,0.0,-0.0036,0.0,0,1,0,0,0,0,1,0.0,0.0,38.0428,38.0428,4.0,4.0
2024-25,PASS,14,MID,754,Van Nistelrooy,17,Saka,-2.1684,-3.6184,-3.0,0,0,0,0,0,0,24,15.0,15.0,38.0428,35.8744,4.0,5.0
2024-25,PASS,15,MID,747,Nuno,17,Saka,-1.9664,-3.2396,-2.0,0,0,0,0,0,0,25,12.0,12.0,36.3664,34.4,6.0,8.0
2024-25,PASS,15,MID,366,B.Fernandes,17,Saka,-0.0924,-0.0924,7.0,1,0,0,0,1,0,24,12.0,3.0,36.3664,36.274,6.0,6.0
2024-25,PASS,16,FWD,129,João Pedro,617,Evanilson,-0.2368,-0.2368,0.0,1,1,0,0,0,0,11,2.0,0.0,38.9592,38.7224,3.0,3.0
2024-25,PASS,16,MID,737,Emery,99,Mbeumo,-0.77,-2.9424,-9.0,0,0,0,0,0,0,23,17.0,17.0,38.9592,38.1892,3.0,3.0
2024-25,PASS,16,MID,71,Kluivert,99,Mbeumo,-0.6932,-0.1932,-6.0,1,0,0,0,0,0,22,17.0,14.0,38.9592,38.266,3.0,4.0
2024-25,PASS,17,DEF,630,O'Shea,88,Collins,0.0,-0.5156,-1.0,1,0,0,0,0,0,14,14.0,14.0,38.38,38.38,3.0,3.0
2024-25,PASS,17,DEF,630,O'Shea,267,Davis,-0.6048,-0.6204,0.0,1,1,0,0,0,0,12,14.0,14.0,38.38,37.7752,3.0,4.0
2024-25,PASS,17,DEF,630,O'Shea,524,Kilman,0.0,-0.4728,-2.0,1,0,0,0,0,0,14,14.0,14.0,38.38,38.38,3.0,3.0
2024-25,PASS,17,DEF,263,Burgess,88,Collins,0.0,-0.2904,-1.0,1,0,0,0,0,0,14,14.0,14.0,38.38,38.38,3.0,3.0
2024-25,PASS,17,DEF,263,Burgess,267,Davis,-0.6048,-0.3952,0.0,1,1,0,0,0,0,12,14.0,14.0,38.38,37.7752,3.0,4.0
2024-25,PASS,17,DEF,263,Burgess,524,Kilman,0.0,-0.2476,-2.0,1,0,0,0,0,0,14,14.0,14.0,38.38,38.38,3.0,3.0
2024-25,PASS,18,FWD,129,João Pedro,617,Evanilson,0.7472,-0.2528,1.0,0,0,1,0,1,1,10,9.0,7.0,40.0324,40.7796,5.0,3.0
2024-25,PASS,19,MID,530,Souček,514,Bowen,-0.3024,-0.9412,-1.0,0,0,0,0,0,0,22,11.0,11.0,37.9644,37.662,6.0,5.0
2024-25,PASS,20,FWD,129,João Pedro,110,Wissa,0.2496,-0.2504,-2.0,1,0,1,0,0,1,12,13.0,4.0,40.0588,40.3084,5.0,4.0
2024-25,PASS,21,MID,491,Johnson,366,B.Fernandes,-0.2964,-0.2964,-3.0,0,0,0,0,0,0,23,20.0,19.0,40.1844,39.888,4.0,4.0
2024-25,PASS,22,DEF,528,Mavropanos,350,Gvardiol,-1.1056,-0.262,-8.0,1,0,0,0,0,0,22,9.0,11.0,38.8024,37.6968,8.0,10.0
2024-25,PASS,22,GKP,521,Fabianski,14,Ramsdale,0.0,-0.1328,1.0,1,0,0,0,1,0,16,6.0,4.0,38.8024,38.8024,8.0,8.0
2024-25,PASS,22,FWD,306,Vardy,58,Watkins,-0.5492,-0.5492,-6.0,1,0,0,0,0,0,22,13.0,11.0,38.8024,38.2532,8.0,8.0
2024-25,PASS,23,FWD,129,João Pedro,252,Raúl,-0.3228,-0.3228,-1.0,1,0,0,0,0,0,10,9.0,8.0,41.128,40.8052,5.0,5.0
2024-25,PASS,24,MID,402,J.Murphy,398,Gordon,-2.1732,-1.342,7.0,1,0,0,0,1,0,14,16.0,8.0,51.3668,49.1936,23.0,25.0
2024-25,PASS,24,DEF,543,Doherty,573,Milenković,0.0,-0.316,0.0,1,1,0,0,0,0,13,12.0,6.0,51.3668,51.3668,23.0,23.0
2024-25,PASS,24,DEF,543,Doherty,311,Alexander-Arnold,-0.4776,-3.4344,-1.0,1,0,0,0,0,0,23,12.0,6.0,51.3668,50.8892,23.0,18.0
2024-25,PASS,24,DEF,270,Greaves,573,Milenković,0.0,-0.544,-5.0,1,0,0,0,0,0,14,12.0,11.0,51.3668,51.3668,23.0,23.0
2024-25,PASS,24,DEF,270,Greaves,311,Alexander-Arnold,-0.4776,-3.6624,-6.0,1,0,0,0,0,0,24,12.0,11.0,51.3668,50.8892,23.0,18.0
2024-25,PASS,25,DEF,457,Bree,291,Faes,0.0,-0.0156,0.0,1,1,0,0,0,0,1,1.0,0.0,56.7552,56.7552,22.0,22.0
2024-25,PASS,26,FWD,218,Beto,252,Raúl,-0.7672,-0.7672,4.0,1,0,0,0,1,0,12,12.0,6.0,43.1828,42.4156,5.0,5.0
2024-25,PASS,28,MID,747,Nuno,366,B.Fernandes,-2.0984,-4.0112,0.0,0,1,0,0,0,0,22,11.0,2.0,46.3612,44.2628,5.0,6.0
2024-25,PASS,28,MID,181,Nkunku,366,B.Fernandes,-1.6488,-1.1488,-6.0,1,0,0,0,0,0,21,11.0,8.0,46.3612,44.7124,5.0,6.0
2024-25,PASS,29,FWD,218,Beto,252,Raúl,0.0,-0.4056,0.0,1,1,0,0,0,0,12,13.0,11.0,40.422,40.422,7.0,7.0
2024-25,PASS,29,MID,181,Nkunku,571,Savinho,-0.0324,-0.692,2.0,0,0,0,0,1,0,18,16.0,14.0,40.422,40.3896,7.0,7.0
2024-25,PASS,30,DEF,456,Bella-Kotchap,163,Cucurella,-0.4216,-0.9912,-5.0,0,0,0,0,0,0,21,9.0,9.0,46.7484,46.3268,5.0,5.0
2024-25,PASS,30,DEF,456,Bella-Kotchap,437,N.Williams,0.0,-0.504,-5.0,0,0,0,0,0,0,4,7.0,7.0,46.7484,46.7484,5.0,5.0
2024-25,PASS,30,DEF,573,Milenković,163,Cucurella,0.3992,-0.1008,1.0,1,0,1,0,1,1,20,9.0,3.0,46.7484,47.1476,5.0,4.0
2024-25,PASS,30,GKP,304,Stolarczyk,185,Sánchez,0.0,-0.7496,-6.0,0,0,0,0,0,0,13,6.0,6.0,46.7484,46.7484,5.0,5.0
2024-25,PASS,30,FWD,218,Beto,58,Watkins,-2.2592,-1.2592,1.0,0,0,0,0,1,0,24,9.0,8.0,46.7484,44.4892,5.0,7.0
2024-25,PASS,34,MID,392,Barnes,99,Mbeumo,0.6252,-0.3748,1.0,1,0,1,0,1,1,24,10.0,7.0,45.0832,45.7084,7.0,5.0
2025-26,FAIL,1,MID,384,Gakpo,449,B.Fernandes,-2.594,-1.094,5.0,1,0,0,0,1,0,23,15.0,8.0,29.312,26.718,6.0,9.0
2025-26,FAIL,1,MID,384,Gakpo,485,Gordon,-1.7956,-0.2956,4.0,1,0,0,0,1,0,15,15.0,8.0,29.312,27.5164,6.0,9.0
2025-26,FAIL,1,MID,383,Luis Díaz,449,B.Fernandes,-2.2904,-0.7904,-2.0,0,0,0,0,0,0,23,15.0,15.0,29.312,27.0216,6.0,9.0
2025-26,FAIL,1,DEF,705,Campbell,224,Cucurella,-0.8084,-1.3956,-8.0,0,0,0,0,0,0,26,13.0,13.0,29.312,28.5036,6.0,5.0
2025-26,FAIL,1,DEF,705,Campbell,46,Yasin,0.0,-0.0872,0.0,0,1,0,0,0,0,1,0.0,0.0,29.312,29.312,6.0,6.0
2025-26,FAIL,1,DEF,705,Campbell,445,Amass,0.0,-0.0868,0.0,0,1,0,0,0,0,1,0.0,0.0,29.312,29.312,6.0,6.0
2025-26,FAIL,1,DEF,710,Patterson,224,Cucurella,-0.8084,-1.3864,-8.0,0,0,0,0,0,0,26,13.0,13.0,29.312,28.5036,6.0,5.0
2025-26,FAIL,1,DEF,710,Patterson,46,Yasin,0.0,-0.078,0.0,0,1,0,0,0,0,1,0.0,0.0,29.312,29.312,6.0,6.0
2025-26,FAIL,1,DEF,710,Patterson,445,Amass,0.0,-0.0776,0.0,0,1,0,0,0,0,1,0.0,0.0,29.312,29.312,6.0,6.0
2025-26,FAIL,1,DEF,505,Milenković,224,Cucurella,0.3192,-0.1808,-6.0,1,0,1,0,0,1,25,13.0,11.0,29.312,29.6312,6.0,5.0
2025-26,FAIL,2,GKP,288,Travers,674,Ramsdale,1.3688,-0.1312,0.0,0,1,1,0,0,1,19,9.0,9.0,38.1688,39.5376,10.0,7.0
2025-26,FAIL,2,MID,708,M.Fernandes,17,Ødegaard,-0.3896,-0.8896,-1.0,0,0,0,0,0,0,14,13.0,13.0,38.1688,37.7792,10.0,9.0
2025-26,FAIL,2,MID,708,M.Fernandes,415,Savinho,0.2356,-0.7644,0.0,0,1,1,0,0,1,6,13.0,13.0,38.1688,38.4044,10.0,8.0
2025-26,FAIL,2,MID,120,Schade,17,Ødegaard,0.1672,-0.3328,2.0,0,0,1,0,1,1,14,13.0,10.0,38.1688,38.336,10.0,9.0
2025-26,FAIL,2,DEF,77,Hill,227,Colwill,0.0,-1.3008,1.0,0,0,0,0,1,0,1,1.0,0.0,38.1688,38.1688,10.0,10.0
2025-26,FAIL,3,MID,235,Palmer,381,M.Salah,-1.4452,-0.9452,-3.0,0,0,0,0,0,0,25,10.0,10.0,40.2256,38.7804,5.0,6.0
2025-26,FAIL,4,DEF,225,James,725,Hincapie,0.0,-0.252,1.0,0,0,0,0,1,0,20,9.0,8.0,35.62,35.62,8.0,8.0
2025-26,FAIL,4,FWD,338,Muniz,30,Havertz,0.0,-1.2908,2.0,0,0,0,0,1,0,21,2.0,0.0,35.62,35.62,8.0,8.0
2025-26,FAIL,4,GKP,782,Forster,674,Ramsdale,0.0,-0.184,0.0,0,1,0,0,0,0,21,10.0,10.0,35.62,35.62,8.0,8.0
2025-26,FAIL,5,MID,86,Brooks,81,Kluivert,0.38,-0.9904,2.0,0,0,1,0,1,1,16,9.0,6.0,35.8924,36.2724,7.0,5.0
2025-26,FAIL,5,FWD,499,Isak,430,Haaland,-0.9868,-0.4868,-8.0,0,0,0,0,0,0,23,11.0,10.0,35.8924,34.9056,7.0,8.0
2025-26,FAIL,5,GKP,567,Kinsky,2,Arrizabalaga,0.0,-0.2252,0.0,0,1,0,0,0,0,3,1.0,1.0,35.8924,35.8924,7.0,7.0
2025-26,FAIL,6,FWD,338,Muniz,136,Thiago,0.0,-0.3176,-13.0,0,0,0,0,0,0,10,6.0,6.0,39.742,39.742,5.0,5.0
2025-26,FAIL,6,FWD,338,Muniz,732,Uche,0.0,-0.1384,0.0,0,1,0,0,0,0,8,2.0,2.0,39.742,39.742,5.0,5.0
2025-26,FAIL,6,FWD,217,Foster,136,Thiago,0.0,-0.4076,-11.0,1,0,0,0,0,0,10,6.0,4.0,39.742,39.742,5.0,5.0
2025-26,FAIL,6,FWD,217,Foster,732,Uche,0.0,-0.2284,2.0,0,0,0,0,1,0,8,2.0,0.0,39.742,39.742,5.0,5.0
2025-26,FAIL,6,MID,414,Foden,82,Semenyo,-0.2548,-0.2548,-6.0,1,0,0,0,0,0,22,9.0,8.0,39.742,39.4872,5.0,5.0
2025-26,FAIL,7,FWD,525,Wood,135,Wissa,0.0,-0.1888,2.0,0,0,0,0,1,0,19,2.0,0.0,39.6952,39.6952,4.0,4.0
2025-26,FAIL,7,FWD,217,Foster,135,Wissa,0.0,-1.0856,1.0,0,0,0,0,1,0,19,2.0,1.0,39.6952,39.6952,4.0,4.0
2025-26,FAIL,7,FWD,217,Foster,136,Thiago,0.0,-0.6352,-1.0,1,0,0,0,0,0,10,1.0,0.0,39.6952,39.6952,4.0,4.0
2025-26,FAIL,7,MID,237,Enzo,119,Mbeumo,-1.3272,-0.3272,-4.0,1,0,0,0,0,0,22,18.0,16.0,39.6952,38.368,4.0,6.0
2025-26,FAIL,7,MID,81,Kluivert,119,Mbeumo,-0.3924,-0.3924,1.0,0,0,0,0,1,0,22,18.0,11.0,39.6952,39.3028,4.0,4.0
2025-26,FAIL,8,MID,384,Gakpo,449,B.Fernandes,-0.5584,-0.5584,-1.0,1,0,0,0,0,0,22,9.0,2.0,38.9672,38.4088,6.0,6.0
2025-26,FAIL,8,MID,328,Sessegnon,449,B.Fernandes,-0.2964,-0.8408,-6.0,1,0,0,0,0,0,22,9.0,7.0,38.9672,38.6708,6.0,5.0
2025-26,FAIL,8,DEF,411,O'Reilly,257,Lacroix,-0.2892,-0.6004,10.0,1,0,0,0,1,0,17,11.0,0.0,38.9672,38.678,6.0,6.0
2025-26,FAIL,9,FWD,749,Mané,732,Uche,0.0,-1.3324,-1.0,0,0,0,0,0,0,5,4.0,4.0,40.0752,40.0752,5.0,5.0
2025-26,FAIL,9,FWD,749,Mané,691,Calvert-Lewin,0.0,-2.1364,-2.0,0,0,0,0,0,0,5,4.0,4.0,40.0752,40.0752,5.0,5.0
2025-26,FAIL,9,DEF,348,Rodon,291,Tarkowski,0.1096,-0.3904,12.0,1,0,1,0,1,1,20,13.0,0.0,40.0752,40.1848,5.0,4.0
2025-26,FAIL,10,MID,384,Gakpo,119,Mbeumo,-0.6804,-0.1804,1.0,1,0,0,0,1,0,21,14.0,11.0,39.9876,39.3072,5.0,6.0
2025-26,FAIL,10,MID,267,Sarr,119,Mbeumo,-0.5776,-0.0776,1.0,1,0,0,0,1,0,21,14.0,11.0,39.9876,39.41,5.0,6.0
2025-26,FAIL,10,DEF,411,O'Reilly,5,Gabriel,-0.3504,-0.6956,-4.0,1,0,0,0,0,0,24,10.0,2.0,39.9876,39.6372,5.0,5.0
2025-26,FAIL,11,MID,585,Bentancur,241,Caicedo,-0.2572,-0.6552,-1.0,0,0,0,0,0,0,8,9.0,8.0,40.9004,40.6432,4.0,4.0
2025-26,FAIL,11,MID,585,Bentancur,299,Ndiaye,-0.5756,-0.4736,-2.0,0,0,0,0,0,0,9,9.0,8.0,40.9004,40.3248,4.0,5.0
2025-26,FAIL,11,DEF,411,O'Reilly,72,Senesi,-0.5376,-0.5808,9.0,1,0,0,0,1,0,12,15.0,4.0,40.9004,40.3628,4.0,5.0
2025-26,FAIL,11,DEF,295,Keane,72,Senesi,-0.5376,-0.0464,13.0,1,0,0,0,1,0,12,15.0,0.0,40.9004,40.3628,4.0,5.0
2025-26,FAIL,12,MID,384,Gakpo,119,Mbeumo,-0.4276,-0.4276,1.0,1,0,0,0,1,0,18,11.0,9.0,39.9328,39.5052,5.0,5.0
2025-26,FAIL,12,MID,452,Amad,119,Mbeumo,-0.3352,-0.3352,1.0,1,0,0,0,1,0,18,11.0,9.0,39.9328,39.5976,5.0,5.0
2025-26,FAIL,12,DEF,348,Rodon,373,Virgil,-1.1308,-0.1808,0.0,1,1,0,0,0,0,20,11.0,8.0,39.9328,38.802,5.0,7.0
2025-26,FAIL,13,FWD,100,Kroupi.Jr,136,Thiago,-1.094,-0.6972,-12.0,0,0,0,0,0,0,12,9.0,8.0,39.6816,38.5876,6.0,8.0
2025-26,FAIL,14,MID,328,Sessegnon,119,Mbeumo,0.0944,-0.6332,0.0,1,1,1,0,0,1,22,17.0,15.0,38.5184,38.6128,5.0,4.0
2025-26,FAIL,14,FWD,178,Welbeck,136,Thiago,0.8764,-0.134,0.0,0,1,1,0,0,1,13,9.0,8.0,38.5184,39.3948,5.0,3.0
2025-26,FAIL,15,MID,235,Palmer,16,Saka,-0.5388,-0.0388,-3.0,0,0,0,0,0,0,22,10.0,9.0,37.666,37.1272,7.0,8.0
2025-26,FAIL,15,MID,22,Merino,16,Saka,-0.6804,-0.4856,-3.0,0,0,0,0,0,0,22,10.0,9.0,37.666,36.9856,7.0,8.0
2025-26,FAIL,15,MID,22,Merino,82,Semenyo,0.7164,-0.5888,-2.0,0,0,1,0,0,1,21,10.0,9.0,37.666,38.3824,7.0,5.0
2025-26,FAIL,15,GKP,470,Dúbravka,565,Vicario,0.0,-0.4008,-3.0,1,0,0,0,0,0,21,10.0,7.0,37.666,37.666,7.0,7.0
2025-26,FAIL,15,DEF,411,O'Reilly,260,Guéhi,0.9472,-0.338,-2.0,1,0,1,0,0,1,20,11.0,5.0,37.666,38.6132,7.0,5.0
2025-26,FAIL,15,DEF,348,Rodon,260,Guéhi,0.9472,-0.2536,-7.0,1,0,1,0,0,1,20,11.0,10.0,37.666,38.6132,7.0,5.0
2025-26,FAIL,15,DEF,348,Rodon,684,Thiaw,0.0,-0.2008,-1.0,1,0,0,0,0,0,16,11.0,10.0,37.666,37.666,7.0,7.0
2025-26,FAIL,16,MID,384,Gakpo,119,Mbeumo,0.1616,-0.3384,-2.0,0,0,1,0,0,1,23,12.0,12.0,40.7812,40.9428,4.0,3.0
2025-26,FAIL,16,MID,22,Merino,119,Mbeumo,-0.5228,-0.5888,-1.0,0,0,0,0,0,0,23,12.0,11.0,40.7812,40.2584,4.0,4.0
2025-26,FAIL,16,MID,22,Merino,21,Rice,-0.4224,-0.4884,-1.0,0,0,0,0,0,0,20,12.0,11.0,40.7812,40.3588,4.0,4.0
2025-26,FAIL,16,DEF,606,Mavropanos,295,Keane,0.0,-0.0356,0.0,1,1,0,0,0,0,11,7.0,6.0,40.7812,40.7812,4.0,4.0
2025-26,FAIL,17,FWD,217,Foster,136,Thiago,-0.0684,-1.2956,-2.0,0,0,0,0,0,0,21,13.0,13.0,37.8896,37.8212,6.0,6.0
2025-26,FAIL,17,FWD,217,Foster,691,Calvert-Lewin,0.0,-1.2272,-13.0,0,0,0,0,0,0,8,2.0,2.0,37.8896,37.8896,6.0,6.0
2025-26,FAIL,17,DEF,411,O'Reilly,260,Guéhi,0.758,-0.3424,5.0,1,0,1,0,1,1,20,9.0,3.0,37.8896,38.6476,6.0,4.0
2025-26,FAIL,17,DEF,348,Rodon,260,Guéhi,0.758,-0.33,1.0,1,0,1,0,1,1,20,9.0,7.0,37.8896,38.6476,6.0,4.0
2025-26,FAIL,18,DEF,447,Heaven,190,Ekdal,0.0,-0.0164,-1.0,1,0,0,0,0,0,2,8.0,0.0,39.7388,39.7388,6.0,6.0
2025-26,FAIL,18,DEF,447,Heaven,694,Mukiele,0.8688,-0.2036,4.0,1,0,1,0,1,1,2,8.0,0.0,39.7388,40.6076,6.0,4.0
2025-26,FAIL,18,GKP,470,Dúbravka,670,Roefs,0.894,-0.342,8.0,1,0,1,0,1,1,14,11.0,0.0,39.7388,40.6328,6.0,4.0
2025-26,FAIL,19,FWD,691,Calvert-Lewin,283,Mateta,-0.2028,-0.2028,-8.0,0,0,0,0,0,0,21,7.0,6.0,39.462,39.2592,6.0,6.0
2025-26,FAIL,19,DEF,190,Ekdal,295,Keane,0.0,-0.0796,3.0,0,0,0,0,1,0,9,8.0,5.0,39.462,39.462,6.0,6.0
2025-26,FAIL,20,DEF,684,Thiaw,291,Tarkowski,0.4504,-0.0496,15.0,1,0,1,0,1,1,19,17.0,0.0,38.1524,38.6028,8.0,7.0
2025-26,FAIL,20,DEF,694,Mukiele,321,J.Cuenca,0.0,-0.07,1.0,1,0,0,0,1,0,10,8.0,4.0,38.1524,38.1524,8.0,8.0
2025-26,FAIL,20,DEF,694,Mukiele,291,Tarkowski,0.7964,-0.2736,2.0,1,0,1,0,1,1,19,17.0,13.0,38.1524,38.9488,8.0,6.0
2025-26,FAIL,20,MID,20,Trossard,417,Cherki,-0.3148,-0.3148,-3.0,0,0,0,0,0,0,13,12.0,11.0,38.1524,37.8376,8.0,8.0
2025-26,FAIL,20,MID,20,Trossard,16,Saka,-0.3924,-0.3924,-3.0,0,0,0,0,0,0,21,17.0,16.0,38.1524,37.76,8.0,8.0
2025-26,FAIL,21,MID,485,Gordon,82,Semenyo,0.4568,-0.1928,-5.0,1,0,1,0,0,1,18,11.0,10.0,40.9032,41.36,4.0,3.0
2025-26,FAIL,22,MID,169,Gomez,449,B.Fernandes,-0.1144,-0.7092,-8.0,1,0,0,0,0,0,24,10.0,8.0,38.1784,38.064,6.0,6.0
2025-26,FAIL,22,MID,169,Gomez,417,Cherki,0.0,-0.5948,1.0,0,0,0,0,1,0,13,8.0,6.0,38.1784,38.1784,6.0,6.0
2025-26,FAIL,25,MID,487,Barnes,21,Rice,-0.0672,-0.0672,-3.0,1,0,0,0,0,0,20,11.0,9.0,41.8696,41.8024,5.0,5.0
2025-26,FAIL,26,DEF,634,Mosquera,633,H.Bueno,-0.076,-0.076,1.0,1,0,0,0,1,0,2,9.0,0.0,49.0528,48.9768,24.0,24.0
2025-26,FAIL,28,DEF,706,Justin,343,Struijk,0.0,-0.0968,0.0,1,1,0,0,0,0,6,6.0,4.0,43.962,43.962,5.0,5.0
2025-26,FAIL,28,GKP,341,Darlow,628,José Sá,0.0,-0.3148,-5.0,1,0,0,0,0,0,6,3.0,0.0,43.962,43.962,5.0,5.0
2025-26,FAIL,30,DEF,191,Estève,723,Canvot,0.0,-0.7416,-5.0,1,0,0,0,0,0,7,12.0,6.0,45.8904,45.8904,4.0,4.0
2025-26,FAIL,30,MID,547,E.Le Fée,517,Anderson,0.0,-0.4296,-2.0,0,0,0,0,0,0,4,5.0,5.0,45.8904,45.8904,4.0,4.0
2025-26,FAIL,30,MID,547,E.Le Fée,119,Mbeumo,0.392,-1.0376,-2.0,0,0,1,0,0,1,22,11.0,11.0,45.8904,46.2824,4.0,2.0
2025-26,FAIL,30,GKP,341,Darlow,502,Sels,0.0,-0.658,0.0,1,1,0,0,0,0,11,7.0,1.0,45.8904,45.8904,4.0,4.0
2025-26,FAIL,31,MID,235,Palmer,457,Casemiro,-0.03,-0.0696,1.0,1,0,0,0,1,0,22,9.0,7.0,39.8144,39.7844,10.0,10.0
2025-26,FAIL,32,DEF,191,Estève,606,Mavropanos,0.0,-0.4496,-19.0,1,0,0,0,0,0,2,3.0,1.0,45.2744,45.2744,6.0,6.0
2025-26,FAIL,32,DEF,191,Estève,113,Van den Berg,0.0,-0.7844,-1.0,1,0,0,0,0,0,4,4.0,2.0,45.2744,45.2744,6.0,6.0
2025-26,FAIL,32,DEF,706,Justin,606,Mavropanos,0.0,-0.7336,-20.0,1,0,0,0,0,0,3,3.0,2.0,45.2744,45.2744,6.0,6.0
2025-26,FAIL,32,DEF,706,Justin,113,Van den Berg,0.0,-1.0684,-2.0,1,0,0,0,0,0,5,4.0,3.0,45.2744,45.2744,6.0,6.0
2025-26,FAIL,32,MID,547,E.Le Fée,457,Casemiro,0.9544,-0.5952,-6.0,1,0,1,0,0,1,7,12.0,9.0,45.2744,46.2288,6.0,4.0
2025-26,FAIL,32,MID,547,E.Le Fée,119,Mbeumo,0.6996,-0.85,2.0,0,0,1,0,1,1,22,12.0,9.0,45.2744,45.974,6.0,4.0
