season,e024_gate,gw,captain_id,captain_name,u_capt,capt_pts,cap_normal,cap_tc,is_t_star,is_g_star
2022-23,FAIL,1,428,Son,4.1008,5.0,43.0,48.0,0,0
2022-23,FAIL,2,288,Diogo Jota,4.6712,0.0,26.0,26.0,0,0
2022-23,FAIL,3,264,Barnes,4.674,2.0,17.0,19.0,0,0
2022-23,FAIL,4,288,Diogo Jota,4.6956,0.0,37.0,37.0,0,0
2022-23,FAIL,5,318,Haaland,3.56,17.0,69.0,86.0,0,0
2022-23,FAIL,6,81,Raya,3.7696,2.0,47.0,49.0,0,0
2022-23,FAIL,8,81,Raya,3.6556,2.0,14.0,16.0,0,0
2022-23,FAIL,9,81,Raya,3.29,6.0,68.0,74.0,0,0
2022-23,FAIL,10,113,Sánchez,3.5624,2.0,36.0,38.0,0,0
2022-23,FAIL,11,2,Leno,3.466,2.0,22.0,24.0,0,0
2022-23,FAIL,12,81,Raya,3.7216,10.0,67.0,77.0,0,0
2022-23,FAIL,13,478,Sá,3.5908,0.0,58.0,58.0,0,0
2022-23,FAIL,14,81,Raya,3.948,3.0,48.0,51.0,0,0
2022-23,FAIL,15,182,Pickford,3.5588,3.0,40.0,43.0,0,0
2022-23,FAIL,16,2,Leno,3.7956,5.0,38.0,43.0,0,0
2022-23,FAIL,17,81,Raya,3.702,3.0,56.0,59.0,0,0
2022-23,FAIL,18,2,Leno,3.8268,2.0,37.0,39.0,0,0
2022-23,FAIL,19,2,Leno,7.0044,14.0,66.0,80.0,0,0
2022-23,FAIL,20,318,Haaland,6.2404,8.0,62.0,70.0,0,1
2022-23,FAIL,21,2,Leno,3.9028,2.0,69.0,71.0,0,0
2022-23,FAIL,22,335,Rashford,6.1128,20.0,81.0,101.0,0,0
2022-23,FAIL,23,303,Mahrez,6.448,14.0,90.0,104.0,0,0
2022-23,FAIL,24,81,Raya,3.952,3.0,55.0,58.0,0,0
2022-23,FAIL,25,7,Ødegaard,6.2224,11.0,89.0,100.0,0,0
2022-23,FAIL,26,81,Raya,3.8576,2.0,68.0,70.0,0,0
2022-23,FAIL,27,81,Raya,6.9644,9.0,75.0,84.0,0,0
2022-23,FAIL,28,81,Raya,3.7984,2.0,41.0,43.0,0,0
2022-23,FAIL,29,355,Dubravka,7.8176,0.0,81.0,81.0,0,0
2022-23,FAIL,30,335,Rashford,3.8148,6.0,49.0,55.0,0,0
2022-23,FAIL,31,318,Haaland,4.0272,12.0,64.0,76.0,0,0
2022-23,FAIL,32,283,Salah,4.0956,7.0,57.0,64.0,0,0
2022-23,FAIL,33,318,Haaland,4.0596,14.0,94.0,108.0,0,0
2022-23,FAIL,34,283,Salah,8.5032,18.0,131.0,149.0,1,0
2022-23,FAIL,35,283,Salah,4.6332,10.0,54.0,64.0,0,0
2022-23,FAIL,36,355,Dubravka,7.7048,0.0,63.0,63.0,0,0
2022-23,FAIL,37,318,Haaland,8.2128,6.0,63.0,69.0,0,0
2022-23,FAIL,38,335,Rashford,4.2468,2.0,38.0,40.0,0,0
2023-24,PASS,1,19,Saka,3.824,10.0,47.0,57.0,0,0
2023-24,PASS,2,355,Haaland,4.3136,2.0,26.0,28.0,0,0
2023-24,PASS,3,614,Kaminski,3.9452,2.0,25.0,27.0,0,0
2023-24,PASS,4,117,Toney,3.9648,0.0,15.0,15.0,0,0
2023-24,PASS,5,355,Haaland,3.9528,6.0,34.0,40.0,0,0
2023-24,PASS,6,355,Haaland,4.7536,6.0,47.0,53.0,0,0
2023-24,PASS,7,614,Kaminski,5.938,4.0,64.0,68.0,0,0
2023-24,PASS,8,308,Salah,4.3368,15.0,59.0,74.0,0,0
2023-24,PASS,9,308,Salah,5.0596,16.0,97.0,113.0,0,0
2023-24,PASS,10,308,Salah,5.3096,8.0,68.0,76.0,0,0
2023-24,PASS,11,355,Haaland,5.0844,1.0,21.0,22.0,0,0
2023-24,PASS,12,308,Salah,5.2364,16.0,81.0,97.0,0,0
2023-24,PASS,13,355,Haaland,5.17,7.0,35.0,42.0,0,0
2023-24,PASS,14,308,Salah,5.4356,5.0,55.0,60.0,0,0
2023-24,PASS,15,308,Salah,4.748,3.0,39.0,42.0,0,0
2023-24,PASS,16,308,Salah,4.868,13.0,69.0,82.0,0,0
2023-24,PASS,17,308,Salah,5.4444,3.0,48.0,51.0,0,0
2023-24,PASS,18,308,Salah,5.3516,7.0,50.0,57.0,0,0
2023-24,PASS,19,308,Salah,4.4816,3.0,26.0,29.0,0,0
2023-24,PASS,20,308,Salah,5.1692,16.0,84.0,100.0,0,1
2023-24,PASS,21,308,Salah,5.1936,0.0,29.0,29.0,0,0
2023-24,PASS,22,308,Salah,5.7524,0.0,45.0,45.0,0,0
2023-24,PASS,23,308,Salah,4.6188,0.0,28.0,28.0,0,0
2023-24,PASS,24,308,Salah,5.4672,0.0,36.0,36.0,0,0
2023-24,PASS,25,355,Haaland,10.2608,10.0,59.0,69.0,0,0
2023-24,PASS,26,355,Haaland,4.7744,5.0,72.0,77.0,0,0
2023-24,PASS,27,355,Haaland,5.3984,6.0,58.0,64.0,0,0
2023-24,PASS,28,85,Solanke,8.5456,8.0,46.0,54.0,0,0
2023-24,PASS,29,526,Bowen,4.0944,2.0,31.0,33.0,0,0
2023-24,PASS,30,355,Haaland,4.9712,2.0,47.0,49.0,0,0
2023-24,PASS,31,355,Haaland,6.0004,0.0,63.0,63.0,0,0
2023-24,PASS,32,355,Haaland,5.1944,8.0,58.0,66.0,0,0
2023-24,PASS,33,308,Salah,6.6464,2.0,70.0,72.0,0,0
2023-24,PASS,34,308,Salah,11.2904,3.0,114.0,117.0,0,0
2023-24,PASS,35,362,Palmer,11.3096,8.0,76.0,84.0,1,0
2023-24,PASS,36,308,Salah,6.5212,13.0,77.0,90.0,0,0
2023-24,PASS,37,355,Haaland,10.9068,15.0,86.0,101.0,0,0
2023-24,PASS,38,308,Salah,6.4,6.0,55.0,61.0,0,0
2024-25,PASS,1,182,Palmer,4.1552,2.0,43.0,45.0,0,0
2024-25,PASS,2,316,Darwin,4.7796,1.0,48.0,49.0,0,0
2024-25,PASS,3,182,Palmer,4.1632,6.0,52.0,58.0,0,0
2024-25,PASS,4,146,Verbruggen,3.8768,5.0,13.0,18.0,0,0
2024-25,PASS,5,351,Haaland,4.644,9.0,51.0,60.0,0,0
2024-25,PASS,6,152,Arrizabalaga,4.2192,2.0,55.0,57.0,0,0
2024-25,PASS,7,351,Haaland,4.7936,2.0,57.0,59.0,0,0
2024-25,PASS,8,328,M.Salah,5.0828,12.0,46.0,58.0,0,0
2024-25,PASS,9,351,Haaland,4.7448,6.0,69.0,75.0,0,0
2024-25,PASS,10,328,M.Salah,4.9208,9.0,48.0,57.0,0,0
2024-25,PASS,11,328,M.Salah,5.03,14.0,66.0,80.0,0,0
2024-25,PASS,12,351,Haaland,4.9688,2.0,30.0,32.0,0,0
2024-25,PASS,13,328,M.Salah,5.2596,13.0,82.0,95.0,0,0
2024-25,PASS,14,351,Haaland,4.7612,5.0,65.0,70.0,0,0
2024-25,PASS,15,351,Haaland,4.2712,7.0,65.0,72.0,0,0
2024-25,PASS,16,182,Palmer,5.096,3.0,46.0,49.0,0,0
2024-25,PASS,17,182,Palmer,4.3468,3.0,37.0,40.0,0,0
2024-25,PASS,18,328,M.Salah,5.356,9.0,67.0,76.0,0,0
2024-25,PASS,19,328,M.Salah,4.89,16.0,60.0,76.0,0,0
2024-25,PASS,20,328,M.Salah,5.9588,7.0,75.0,82.0,0,1
2024-25,PASS,21,328,M.Salah,5.0812,2.0,55.0,57.0,0,0
2024-25,PASS,22,328,M.Salah,5.298,3.0,38.0,41.0,0,0
2024-25,PASS,23,328,M.Salah,5.9608,8.0,63.0,71.0,0,0
2024-25,PASS,24,328,M.Salah,10.6124,29.0,104.0,133.0,0,0
2024-25,PASS,25,328,M.Salah,12.466,20.0,104.0,124.0,1,0
2024-25,PASS,26,328,M.Salah,5.7204,14.0,65.0,79.0,0,0
2024-25,PASS,27,328,M.Salah,6.2972,6.0,58.0,64.0,0,0
2024-25,PASS,28,328,M.Salah,6.318,15.0,58.0,73.0,0,0
2024-25,PASS,29,351,Haaland,5.3244,7.0,56.0,63.0,0,0
2024-25,PASS,30,328,M.Salah,6.4164,3.0,38.0,41.0,0,0
2024-25,PASS,31,328,M.Salah,5.5732,2.0,41.0,43.0,0,0
2024-25,PASS,32,401,Isak,10.2124,11.0,77.0,88.0,0,0
2024-25,PASS,33,351,Haaland,9.8552,0.0,78.0,78.0,0,0
2024-25,PASS,34,328,M.Salah,6.5372,8.0,58.0,66.0,0,0
2024-25,PASS,35,328,M.Salah,5.6548,2.0,54.0,56.0,0,0
2024-25,PASS,36,328,M.Salah,6.3288,2.0,33.0,35.0,0,0
2024-25,PASS,37,328,M.Salah,5.676,2.0,49.0,51.0,0,0
2024-25,PASS,38,328,M.Salah,6.476,10.0,46.0,56.0,0,0
2025-26,FAIL,1,381,M.Salah,5.0688,8.0,56.0,64.0,0,0
2025-26,FAIL,2,135,Wissa,4.7228,0.0,7.0,7.0,0,0
2025-26,FAIL,3,499,Isak,5.192,0.0,14.0,14.0,0,0
2025-26,FAIL,4,499,Isak,4.7508,0.0,20.0,20.0,0,0
2025-26,FAIL,5,381,M.Salah,4.7544,5.0,56.0,61.0,0,0
2025-26,FAIL,6,430,Haaland,4.8412,16.0,49.0,65.0,0,0
2025-26,FAIL,7,430,Haaland,4.6132,8.0,49.0,57.0,0,0
2025-26,FAIL,8,430,Haaland,5.2648,13.0,71.0,84.0,0,0
2025-26,FAIL,9,430,Haaland,4.5592,2.0,31.0,33.0,0,0
2025-26,FAIL,10,430,Haaland,5.1532,13.0,74.0,87.0,0,0
2025-26,FAIL,11,430,Haaland,5.2204,4.0,37.0,41.0,0,0
2025-26,FAIL,12,430,Haaland,4.6076,2.0,26.0,28.0,0,0
2025-26,FAIL,13,430,Haaland,5.3332,2.0,43.0,45.0,0,0
2025-26,FAIL,14,430,Haaland,4.49,14.0,52.0,66.0,0,0
2025-26,FAIL,15,430,Haaland,5.286,2.0,63.0,65.0,0,0
2025-26,FAIL,16,449,B.Fernandes,4.8528,13.0,80.0,93.0,0,0
2025-26,FAIL,17,430,Haaland,5.1728,16.0,53.0,69.0,0,0
2025-26,FAIL,18,449,B.Fernandes,4.9244,0.0,31.0,31.0,0,0
2025-26,FAIL,19,449,B.Fernandes,4.6768,0.0,47.0,47.0,0,0
2025-26,FAIL,20,430,Haaland,5.0844,2.0,21.0,23.0,0,1
2025-26,FAIL,21,430,Haaland,5.022,6.0,51.0,57.0,0,0
2025-26,FAIL,22,430,Haaland,4.516,2.0,47.0,49.0,0,0
2025-26,FAIL,23,430,Haaland,5.194,1.0,23.0,24.0,0,0
2025-26,FAIL,24,449,B.Fernandes,4.7412,10.0,78.0,88.0,0,0
2025-26,FAIL,25,430,Haaland,4.9812,11.0,58.0,69.0,0,0
2025-26,FAIL,26,21,Rice,7.9024,14.0,91.0,105.0,0,0
2025-26,FAIL,27,430,Haaland,5.6048,6.0,33.0,39.0,0,0
2025-26,FAIL,28,449,B.Fernandes,5.196,13.0,56.0,69.0,0,0
2025-26,FAIL,29,430,Haaland,5.5624,2.0,67.0,69.0,0,0
2025-26,FAIL,30,449,B.Fernandes,5.1796,10.0,68.0,78.0,0,0
2025-26,FAIL,31,449,B.Fernandes,4.71,13.0,68.0,81.0,0,0
2025-26,FAIL,32,449,B.Fernandes,5.4492,4.0,45.0,49.0,0,0
2025-26,FAIL,33,430,Haaland,10.1228,13.0,85.0,98.0,0,0
2025-26,FAIL,34,449,B.Fernandes,5.2148,5.0,49.0,54.0,0,0
2025-26,FAIL,35,449,B.Fernandes,5.2584,5.0,61.0,66.0,0,0
2025-26,FAIL,36,430,Haaland,11.1912,11.0,58.0,69.0,1,0
2025-26,FAIL,37,449,B.Fernandes,5.4172,9.0,71.0,80.0,0,0
2025-26,FAIL,38,430,Haaland,5.554,0.0,26.0,26.0,0,0
