season,e024_gate,gw,u_bench,bench_pts,cap_normal,cap_bb,bench_ids,bench_names,is_t_star,is_g_star
2022-23,FAIL,1,4.6496,3.0,43.0,46.0,182|637|595|653,Pickford|John|Zanka|Hutchinson,0,0
2022-23,FAIL,2,11.5356,4.0,26.0,30.0,518|406|482|329,Hennessey|Elyounoussi|Semedo|Varane,0,0
2022-23,FAIL,3,7.4756,1.0,17.0,18.0,176|503|180|439,Begović|Moutinho|Keane|Tanganga,0,0
2022-23,FAIL,4,6.7236,2.0,37.0,39.0,518|149|595|489,Hennessey|Gilmour|Zanka|Toti,0,0
2022-23,FAIL,5,9.4952,11.0,69.0,80.0,518|235|57|211,Hennessey|Struijk|Smith|Reed,0,0
2022-23,FAIL,6,10.6332,4.0,47.0,51.0,113|235|461|64,Sánchez|Struijk|Zouma|Lerma,0,0
2022-23,FAIL,8,10.8376,12.0,14.0,26.0,31|445|465|189,Martínez|Emerson Royal|Bowen|Gray,0,0
2022-23,FAIL,9,10.448,5.0,68.0,73.0,2|209|484|40,Leno|Tosin|Kilman|Watkins,0,0
2022-23,FAIL,10,10.6056,6.0,36.0,42.0,182|199|468|407,Pickford|Tarkowski|Soucek|Ward-Prowse,0,0
2022-23,FAIL,11,10.1512,11.0,22.0,33.0,238|85|209|468,Meslier|Henry|Tosin|Soucek,0,0
2022-23,FAIL,12,10.8332,19.0,67.0,86.0,2|116|288|374,Leno|Mac Allister|Diogo Jota|Bruno Guimarães,0,0
2022-23,FAIL,13,9.522,11.0,58.0,69.0,518|589|467|211,Hennessey|Matheus|Rice|Reed,0,0
2022-23,FAIL,14,11.158,32.0,48.0,80.0,2|335|369|66,Leno|Rashford|Almirón|Solanke,0,0
2022-23,FAIL,15,9.7492,11.0,40.0,51.0,518|66|6|593,Hennessey|Solanke|Partey|Casemiro,0,0
2022-23,FAIL,16,8.2756,5.0,38.0,43.0,518|66|558|380,Hennessey|Solanke|Bueno|Lyle Taylor,0,0
2022-23,FAIL,17,10.8472,13.0,56.0,69.0,2|614|30|690,Leno|Willian|Ings|João Félix,0,0
2022-23,FAIL,18,10.4732,9.0,37.0,46.0,518|558|62|66,Hennessey|Bueno|Moore|Solanke,0,0
2022-23,FAIL,19,10.624,7.0,66.0,73.0,81|46|595|62,Raya|Douglas Luiz|Zanka|Moore,0,0
2022-23,FAIL,20,13.3668,16.0,62.0,78.0,426|628|92|11,Forster|Aurier|Pinnock|Nketiah,0,1
2022-23,FAIL,21,9.7424,6.0,69.0,75.0,518|73|558|619,Hennessey|Kelly|Bueno|Gnonto,0,0
2022-23,FAIL,22,12.2316,17.0,81.0,98.0,133|628|699|448,Arrizabalaga|Aurier|Mudryk|Perišić,0,0
2022-23,FAIL,23,11.0656,10.0,90.0,100.0,133|470|619|73,Arrizabalaga|Diop|Gnonto|Kelly,0,0
2022-23,FAIL,24,11.41,12.0,55.0,67.0,133|341|586|619,Arrizabalaga|Wan-Bissaka|Estupiñán|Gnonto,0,0
2022-23,FAIL,25,14.0424,22.0,89.0,111.0,478|318|445|210,Sá|Haaland|Emerson Royal|Mitrović,0,0
2022-23,FAIL,26,10.1516,9.0,68.0,77.0,518|410|602|619,Hennessey|Bednarek|Renan Lodi|Gnonto,0,0
2022-23,FAIL,27,15.3944,32.0,75.0,107.0,422|357|318|427,Bazunu|Trippier|Haaland|Kane,0,0
2022-23,FAIL,28,11.5472,12.0,41.0,53.0,133|493|704|233,Arrizabalaga|Gibbs-White|Sarabia|Harrison,0,0
2022-23,FAIL,29,22.832,27.0,81.0,108.0,133|233|342|222,Arrizabalaga|Harrison|Dalot|Ayling,1,0
2022-23,FAIL,30,11.7276,12.0,49.0,61.0,548|85|92|66,Iversen|Henry|Pinnock|Solanke,0,0
2022-23,FAIL,31,11.3,3.0,64.0,67.0,426|116|199|410,Forster|Mac Allister|Tarkowski|Bednarek,0,0
2022-23,FAIL,32,12.7852,9.0,57.0,66.0,81|169|85|233,Raya|Eze|Henry|Harrison,0,0
2022-23,FAIL,33,11.308,9.0,94.0,103.0,133|222|461|365,Arrizabalaga|Ayling|Zouma|Murphy,0,0
2022-23,FAIL,34,12.3372,5.0,131.0,136.0,548|461|463|237,Iversen|Zouma|Coufal|Greenwood,0,0
2022-23,FAIL,35,11.2336,2.0,54.0,56.0,518|66|461|180,Hennessey|Solanke|Zouma|Keane,0,0
2022-23,FAIL,36,13.3248,8.0,63.0,71.0,81|342|145|180,Raya|Dalot|Havertz|Keane,0,0
2022-23,FAIL,37,16.2536,10.0,63.0,73.0,355|145|366|733,Dubravka|Havertz|Schär|Pedro Porro,0,0
2022-23,FAIL,38,11.9988,21.0,38.0,59.0,355|188|125|199,Dubravka|Mina|Enciso|Tarkowski,0,0
2023-24,PASS,1,4.8652,2.0,47.0,49.0,263|834|845|781,Pickford|Arthur|Offiah|Gardner,0,0
2023-24,PASS,2,7.078,6.0,26.0,32.0,409|506|37|722,Dubravka|Pedro Porro|Chambers|Donley,0,0
2023-24,PASS,3,8.1888,5.0,25.0,30.0,275|86|204|255,Leno|Tavernier|Hall|Holgate,0,0
2023-24,PASS,4,8.6876,18.0,15.0,33.0,275|8|290|313,Leno|G.Jesus|Alexander-Arnold|Virgil,0,0
2023-24,PASS,5,10.8188,7.0,34.0,41.0,28|85|265|588,Turner|Solanke|Tarkowski|Young,0,0
2023-24,PASS,6,8.1316,3.0,47.0,50.0,361|245|558|490,Ortega Moreno|Branthwaite|Raúl|Osula,0,0
2023-24,PASS,7,13.9336,18.0,64.0,82.0,596|567|544|563,Trafford|Neto|Zouma|Kilman,0,0
2023-24,PASS,8,10.4576,11.0,59.0,70.0,482|228|178|33,Foderingham|Guéhi|Taylor|Archer,0,0
2023-24,PASS,9,8.8852,3.0,97.0,100.0,88|471|33|178,Travers|Ahmedhodžić|Archer|Taylor,0,0
2023-24,PASS,10,8.74,7.0,68.0,75.0,88|471|33|178,Travers|Ahmedhodžić|Archer|Taylor,0,0
2023-24,PASS,11,10.3748,15.0,21.0,36.0,482|27|393|33,Foderingham|Trusty|Mengi|Archer,0,0
2023-24,PASS,12,9.38,4.0,81.0,85.0,88|703|33|27,Travers|Evans|Archer|Trusty,0,0
2023-24,PASS,13,10.5872,15.0,35.0,50.0,482|393|245|33,Foderingham|Mengi|Branthwaite|Archer,0,0
2023-24,PASS,14,11.1456,12.0,55.0,67.0,28|542|465|173,Turner|Souček|Toffolo|O'Shea,0,0
2023-24,PASS,15,9.2032,4.0,39.0,43.0,361|393|27|33,Ortega Moreno|Mengi|Trusty|Archer,0,0
2023-24,PASS,16,10.8556,17.0,69.0,86.0,275|245|393|33,Leno|Branthwaite|Mengi|Archer,0,0
2023-24,PASS,17,10.1456,2.0,48.0,50.0,28|258|178|245,Turner|Maupay|Taylor|Branthwaite,0,0
2023-24,PASS,18,11.4652,6.0,50.0,56.0,482|311|465|177,Foderingham|Tsimikas|Toffolo|Rodriguez,0,0
2023-24,PASS,19,12.104,19.0,26.0,45.0,385|135|377|265,Henderson|João Pedro|Dalot|Tarkowski,0,0
2023-24,PASS,20,10.2304,14.0,84.0,98.0,524|393|33|238,Areola|Mengi|Archer|C.Richards,0,1
2023-24,PASS,21,12.0316,16.0,29.0,45.0,524|468|112|407,Areola|Wood|Pinnock|Burn,0,0
2023-24,PASS,22,12.962,11.0,45.0,56.0,524|468|321|511,Areola|Wood|Doughty|Romero,0,0
2023-24,PASS,23,11.926,2.0,28.0,30.0,482|407|112|107,Foderingham|Burn|Pinnock|Lewis-Potter,0,0
2023-24,PASS,24,11.2756,0.0,36.0,36.0,361|557|286|393,Ortega Moreno|Hee Chan|Tosin|Mengi,0,0
2023-24,PASS,25,13.0168,17.0,59.0,76.0,614|245|23|513,Kaminski|Branthwaite|Tavares|Sarr,0,0
2023-24,PASS,26,13.1608,11.0,72.0,83.0,77|664|220|31,Neto|Ward-Prowse|Andersen|Zinchenko,0,0
2023-24,PASS,27,13.3376,17.0,58.0,75.0,409|362|112|321,Dubravka|Palmer|Pinnock|Doughty,0,0
2023-24,PASS,28,13.4488,8.0,46.0,54.0,524|43|220|10,Areola|Douglas Luiz|Andersen|Kiwior,0,0
2023-24,PASS,29,11.474,19.0,31.0,50.0,596|200|688|511,Trafford|D.D.Fofana|Castagne|Romero,0,0
2023-24,PASS,30,13.038,7.0,47.0,54.0,409|34|321|611,Dubravka|Bailey|Doughty|Disasi,0,0
2023-24,PASS,31,10.7136,11.0,63.0,74.0,361|114|392|178,Ortega Moreno|Roerslev|McTominay|Taylor,0,0
2023-24,PASS,32,12.5892,9.0,58.0,67.0,361|43|265|688,Ortega Moreno|Douglas Luiz|Tarkowski|Castagne,0,0
2023-24,PASS,33,9.3788,2.0,70.0,72.0,361|178|393|33,Ortega Moreno|Taylor|Mengi|Archer,0,0
2023-24,PASS,34,25.7308,19.0,114.0,133.0,385|590|5|563,Henderson|Cunha|Gabriel|Kilman,1,0
2023-24,PASS,35,13.354,11.0,76.0,87.0,409|34|265|283,Dubravka|Bailey|Tarkowski|Robinson,0,0
2023-24,PASS,36,11.3972,4.0,77.0,81.0,361|279|805|393,Ortega Moreno|Muniz|Assignon|Mengi,0,0
2023-24,PASS,37,25.1788,35.0,86.0,121.0,148|135|616|407,Steele|João Pedro|Gvardiol|Burn,0,0
2023-24,PASS,38,11.2248,10.0,55.0,65.0,361|279|238|393,Ortega Moreno|Muniz|C.Richards|Mengi,0,0
2024-25,PASS,1,4.7592,1.0,43.0,44.0,183|658|225|754,Petrović|Heaven|Holgate|Van Nistelrooy,0,0
2024-25,PASS,2,8.3136,3.0,48.0,51.0,91|322|122|751,Flekken|Gomez|Estupiñan|Pereira,0,0
2024-25,PASS,3,6.024,0.0,52.0,52.0,522|715|630|743,Foderingham|Godfrey|O'Shea|McKenna,0,0
2024-25,PASS,4,8.9572,3.0,13.0,16.0,152|82|578|311,Arrizabalaga|Solanke|Calafiori|Alexander-Arnold,0,0
2024-25,PASS,5,8.642,1.0,51.0,52.0,51|36|472|754,Olsen|Digne|Stephens|Van Nistelrooy,0,0
2024-25,PASS,6,8.6992,2.0,55.0,57.0,91|270|282|742,Flekken|Greaves|Tuanzebe|Moyes,0,0
2024-25,PASS,7,8.654,7.0,57.0,64.0,522|338|291|750,Foderingham|Van den Berg|Faes|Potter,0,0
2024-25,PASS,8,9.4296,10.0,46.0,56.0,152|422|191|748,Arrizabalaga|Aina|Andersen|Rusk,0,0
2024-25,PASS,9,8.84,2.0,69.0,71.0,522|291|301|742,Foderingham|Faes|Okoli|Moyes,0,0
2024-25,PASS,10,8.398,12.0,48.0,60.0,14|630|338|743,Ramsdale|O'Shea|Van den Berg|McKenna,0,0
2024-25,PASS,11,8.896,7.0,66.0,73.0,522|520|338|750,Foderingham|Emerson|Van den Berg|Potter,0,0
2024-25,PASS,12,8.6592,4.0,30.0,34.0,14|630|263|754,Ramsdale|O'Shea|Burgess|Van Nistelrooy,0,0
2024-25,PASS,13,9.4812,1.0,82.0,83.0,522|594|145|750,Foderingham|Mazraoui|Veltman|Potter,0,0
2024-25,PASS,14,8.2128,1.0,65.0,66.0,294|263|291|743,Iversen|Burgess|Faes|McKenna,0,0
2024-25,PASS,15,9.5948,9.0,65.0,74.0,522|211|388|743,Foderingham|Muñoz|Wan-Bissaka|McKenna,0,0
2024-25,PASS,16,9.0528,3.0,46.0,49.0,522|436|122|750,Foderingham|Murillo|Estupiñan|Potter,0,0
2024-25,PASS,17,11.9064,5.0,37.0,42.0,522|530|88|524,Foderingham|Souček|Collins|Kilman,0,0
2024-25,PASS,18,8.3824,2.0,67.0,69.0,522|187|477|748,Foderingham|Tosin|Wood|Rusk,0,0
2024-25,PASS,19,11.1528,3.0,60.0,63.0,522|306|263|288,Foderingham|Vardy|Burgess|Coady,0,0
2024-25,PASS,20,7.3212,2.0,75.0,77.0,152|36|749|748,Arrizabalaga|Digne|Postecoglou|Rusk,0,1
2024-25,PASS,21,11.5444,5.0,55.0,60.0,304|306|187|295,Stolarczyk|Vardy|Tosin|Justin,0,0
2024-25,PASS,22,9.5564,1.0,38.0,39.0,14|436|267|743,Ramsdale|Murillo|Davis|McKenna,0,0
2024-25,PASS,23,8.7388,15.0,63.0,78.0,51|543|457|750,Olsen|Doherty|Bree|Potter,0,0
2024-25,PASS,24,9.8588,26.0,104.0,130.0,91|580|573|751,Flekken|Huijsen|Milenković|Pereira,0,0
2024-25,PASS,25,9.4496,2.0,104.0,106.0,521|211|291|750,Fabianski|Muñoz|Faes|Potter,0,0
2024-25,PASS,26,8.2112,0.0,65.0,65.0,521|457|291|754,Fabianski|Bree|Faes|Van Nistelrooy,0,0
2024-25,PASS,27,8.6308,14.0,58.0,72.0,14|650|457|750,Ramsdale|Lacroix|Bree|Potter,0,0
2024-25,PASS,28,8.6924,6.0,58.0,64.0,14|388|291|750,Ramsdale|Wan-Bissaka|Faes|Potter,0,0
2024-25,PASS,29,12.1228,3.0,56.0,59.0,283|252|580|270,Walton|Raúl|Huijsen|Greaves,0,0
2024-25,PASS,30,9.4532,20.0,38.0,58.0,185|580|437|748,Sánchez|Huijsen|N.Williams|Rusk,0,0
2024-25,PASS,31,12.1944,8.0,41.0,49.0,304|252|594|295,Stolarczyk|Raúl|Mazraoui|Justin,0,0
2024-25,PASS,32,13.9272,34.0,77.0,111.0,14|617|533|436,Ramsdale|Evanilson|Aït-Nouri|Murillo,0,0
2024-25,PASS,33,15.724,5.0,78.0,83.0,51|252|369|436,Olsen|Raúl|Dalot|Murillo,1,0
2024-25,PASS,34,12.8312,24.0,58.0,82.0,91|252|159|580,Flekken|Raúl|Chalobah|Huijsen,0,0
2024-25,PASS,35,9.9884,15.0,54.0,69.0,185|163|122|737,Sánchez|Cucurella|Estupiñan|Emery,0,0
2024-25,PASS,36,12.1804,22.0,33.0,55.0,91|252|270|263,Flekken|Raúl|Greaves|Burgess,0,0
2024-25,PASS,37,12.3484,13.0,49.0,62.0,304|148|388|579,Stolarczyk|Welbeck|Wan-Bissaka|Sessegnon,0,0
2024-25,PASS,38,12.1308,7.0,46.0,53.0,91|402|263|720,Flekken|J.Murphy|Burgess|Agbadou,0,0
2025-26,FAIL,1,4.7164,0.0,56.0,56.0,627|46|445|749,Johnstone|Yasin|Amass|Mané,0,0
2025-26,FAIL,2,8.6984,0.0,7.0,7.0,782|168|227|710,Forster|Buonanotte|Colwill|Patterson,0,0
2025-26,FAIL,3,7.4544,7.0,14.0,21.0,782|691|77|706,Forster|Calvert-Lewin|Hill|Justin,0,0
2025-26,FAIL,4,9.5428,3.0,20.0,23.0,674|30|725|72,Ramsdale|Havertz|Hincapie|Senesi,0,0
2025-26,FAIL,5,9.9436,4.0,56.0,60.0,2|541|732|217,Arrizabalaga|Reinildo|Uche|Foster,0,0
2025-26,FAIL,6,10.8732,20.0,49.0,69.0,567|348|136|732,Kinsky|Rodon|Thiago|Uche,0,0
2025-26,FAIL,7,12.1128,5.0,49.0,54.0,782|135|694|136,Forster|Wissa|Mukiele|Thiago,0,0
2025-26,FAIL,8,10.6064,13.0,71.0,84.0,470|493|691|217,Dúbravka|Longstaff|Calvert-Lewin|Foster,0,0
2025-26,FAIL,9,10.5112,6.0,31.0,37.0,470|547|691|732,Dúbravka|E.Le Fée|Calvert-Lewin|Uche,0,0
2025-26,FAIL,10,12.9912,11.0,74.0,85.0,470|151|585|560,Dúbravka|Van Hecke|Bentancur|Isidor,0,0
2025-26,FAIL,11,12.576,13.0,37.0,50.0,470|257|560|198,Dúbravka|Lacroix|Isidor|Tuanzebe,0,0
2025-26,FAIL,12,11.0404,6.0,26.0,32.0,67|198|215|100,Petrović|Tuanzebe|Flemming|Kroupi.Jr,0,0
2025-26,FAIL,13,12.6808,1.0,43.0,44.0,470|241|113|348,Dúbravka|Caicedo|Van den Berg|Rodon,0,0
2025-26,FAIL,14,11.5556,9.0,52.0,61.0,67|348|191|215,Petrović|Rodon|Estève|Flemming,0,0
2025-26,FAIL,15,13.0948,10.0,63.0,73.0,565|684|365|173,Vicario|Thiaw|Nmecha|Wieffer,0,0
2025-26,FAIL,16,12.312,5.0,80.0,85.0,470|295|191|526,Dúbravka|Keane|Estève|Igor Jesus,0,0
2025-26,FAIL,17,12.0976,20.0,53.0,73.0,470|691|344|191,Dúbravka|Calvert-Lewin|Bijol|Estève,0,0
2025-26,FAIL,18,12.8572,20.0,31.0,51.0,600|691|191|190,Areola|Calvert-Lewin|Estève|Ekdal,0,0
2025-26,FAIL,19,13.1984,18.0,47.0,65.0,470|694|295|125,Dúbravka|Mukiele|Keane|Janelt,0,0
2025-26,FAIL,20,11.0812,13.0,21.0,34.0,470|321|344|100,Dúbravka|J.Cuenca|Bijol|Kroupi.Jr,0,1
2025-26,FAIL,21,13.6932,18.0,51.0,69.0,470|283|106|190,Dúbravka|Mateta|Collins|Ekdal,0,0
2025-26,FAIL,22,13.0156,18.0,47.0,65.0,470|417|343|151,Dúbravka|Cherki|Struijk|Van Hecke,0,0
2025-26,FAIL,23,13.1636,8.0,23.0,31.0,470|295|106|749,Dúbravka|Keane|Collins|Mané,0,0
2025-26,FAIL,24,13.6536,10.0,78.0,88.0,32|136|72|508,Martinez|Thiago|Senesi|N.Williams,0,0
2025-26,FAIL,25,13.0608,24.0,58.0,82.0,139|691|706|77,Verbruggen|Calvert-Lewin|Justin|Hill,0,0
2025-26,FAIL,26,13.1228,3.0,91.0,94.0,600|106|303|100,Areola|Collins|Garner|Kroupi.Jr,0,0
2025-26,FAIL,27,14.07,8.0,33.0,41.0,32|106|303|691,Martinez|Collins|Garner|Calvert-Lewin,0,0
2025-26,FAIL,28,13.2216,14.0,56.0,70.0,628|691|343|77,José Sá|Calvert-Lewin|Struijk|Hill,0,0
2025-26,FAIL,29,13.9336,8.0,67.0,75.0,628|260|691|343,José Sá|Guéhi|Calvert-Lewin|Struijk,0,0
2025-26,FAIL,30,14.1828,20.0,68.0,88.0,502|517|723|199,Sels|Anderson|Canvot|Worrall,0,0
2025-26,FAIL,31,14.768,10.0,68.0,78.0,469|291|136|531,Pope|Tarkowski|Thiago|Ballard,0,0
2025-26,FAIL,32,13.7224,32.0,45.0,77.0,341|517|113|606,Darlow|Anderson|Van den Berg|Mavropanos,0,0
2025-26,FAIL,33,25.1404,31.0,85.0,116.0,139|169|151|344,Verbruggen|Gomez|Van Hecke|Bijol,1,0
2025-26,FAIL,34,14.1048,8.0,49.0,57.0,628|606|694|337,José Sá|Mavropanos|Mukiele|Raúl,0,0
2025-26,FAIL,35,14.5924,5.0,61.0,66.0,341|84|531|706,Darlow|Tavernier|Ballard|Justin,0,0
2025-26,FAIL,36,15.1788,28.0,58.0,86.0,670|72|517|373,Roefs|Senesi|Anderson|Virgil,0,0
2025-26,FAIL,37,12.7348,16.0,71.0,87.0,470|100|344|447,Dúbravka|Kroupi.Jr|Bijol|Heaven,0,0
2025-26,FAIL,38,15.2068,5.0,26.0,31.0,670|178|411|72,Roefs|Welbeck|O'Reilly|Senesi,0,0
