season,e024_gate,candidate,gw,xi0_worse_gw,rule_choice,score_rule,xi0_rule,cap_rule,xi0_ctrl,xi0_cand,xi0_hold,cap_ctrl,cap_cand,cap_hold,score_ctrl,score_cand,score_hold,pair_feasible,pair_reason,xi0_pair,cap_pair,score_pair,n_hold_swaps,n_menu
2022-23,FAIL,v1_adxg,1,0,hold,38.3624,0,54.0,1,0,0,41.0,54.0,54.0,37.98,38.3624,38.3624,1,ok,0,54.0,38.306,0,4
2022-23,FAIL,v1_adxg,2,0,pair,44.3996,2,51.0,2,2,2,35.0,50.0,50.0,43.58,44.0304,44.0304,1,ok,2,51.0,44.3996,0,4
2022-23,FAIL,v1_adxg,3,0,hold,41.6136,4,19.0,4,4,4,18.0,19.0,19.0,41.4896,41.6136,41.6136,1,ok,4,18.0,41.6108,0,4
2022-23,FAIL,v1_adxg,5,0,pair,39.5448,3,50.0,3,1,1,57.0,67.0,67.0,38.5784,39.4216,39.4216,1,ok,3,50.0,39.5448,0,4
2022-23,FAIL,v1_adxg,6,0,hold,38.364,0,66.0,0,0,0,67.0,66.0,66.0,38.2336,38.364,38.364,1,ok,0,69.0,38.3488,0,4
2022-23,FAIL,v1_adxg,8,0,hold,32.922,0,25.0,0,0,0,20.0,25.0,25.0,32.6816,32.922,32.922,1,ok,0,20.0,32.906,0,4
2022-23,FAIL,v1_adxg,9,1,hold,34.3652,2,56.0,1,2,2,62.0,56.0,56.0,34.1148,34.3652,34.3652,1,ok,2,56.0,34.3652,0,4
2022-23,FAIL,v1_adxg,10,0,hold,34.7968,2,47.0,2,2,2,33.0,47.0,47.0,34.7004,34.7968,34.7968,1,ok,2,40.0,34.7876,0,4
2022-23,FAIL,v1_adxg,11,0,hold,33.1612,1,59.0,1,1,1,33.0,59.0,59.0,32.906,33.1612,33.1612,1,ok,1,35.0,33.0176,0,4
2022-23,FAIL,v1_adxg,12,0,hold,34.9016,1,67.0,1,1,1,67.0,67.0,67.0,34.2888,34.9016,34.9016,1,ok,1,72.0,34.5404,0,4
2022-23,FAIL,v1_adxg,13,1,hold,36.086,1,46.0,0,2,1,56.0,44.0,46.0,35.1556,35.7572,36.086,1,ok,1,50.0,35.4328,1,4
2022-23,FAIL,v1_adxg,14,0,pair,36.592,1,48.0,1,0,0,48.0,54.0,54.0,36.0752,36.5756,36.5756,1,ok,1,48.0,36.592,0,4
2022-23,FAIL,v1_adxg,15,0,pair,35.276,1,58.0,1,1,1,41.0,50.0,50.0,34.9744,35.1204,35.1204,1,ok,1,58.0,35.276,0,4
2022-23,FAIL,v1_adxg,16,0,hold,35.8428,1,40.0,1,1,1,43.0,40.0,40.0,35.3784,35.8428,35.8428,1,ok,1,38.0,35.8268,0,4
2022-23,FAIL,v1_adxg,17,1,hold,37.2172,2,65.0,1,3,2,59.0,58.0,65.0,36.8048,37.0628,37.2172,1,ok,2,53.0,36.9572,1,4
2022-23,FAIL,v1_adxg,18,0,pair,38.196,0,41.0,0,0,0,41.0,40.0,40.0,37.7776,38.1712,38.1712,1,ok,0,41.0,38.196,0,4
2022-23,FAIL,v1_adxg,19,0,hold,52.3972,0,72.0,0,0,0,72.0,72.0,72.0,52.3328,52.3972,52.3972,0,primary_unpaired,,,,0,3
2022-23,FAIL,v1_adxg,20,0,pair,65.472,0,69.0,0,0,0,69.0,74.0,74.0,64.7852,64.87,64.87,1,ok,0,69.0,65.472,0,4
2022-23,FAIL,v1_adxg,21,0,pair,38.4408,0,69.0,0,0,0,58.0,77.0,77.0,38.2984,38.2656,38.2656,1,ok,0,69.0,38.4408,0,4
2022-23,FAIL,v1_adxg,22,0,hold,53.5304,0,74.0,0,0,0,75.0,74.0,74.0,53.506,53.5304,53.5304,1,ok,0,74.0,53.5304,0,4
2022-23,FAIL,v1_adxg,23,0,hold,60.53,0,87.0,0,0,0,93.0,87.0,87.0,60.2952,60.53,60.53,1,ok,0,93.0,60.4668,0,4
2022-23,FAIL,v1_adxg,24,1,hold,39.0988,2,45.0,1,2,2,49.0,45.0,45.0,38.3348,39.0988,39.0988,1,ok,2,47.0,38.8868,0,4
2022-23,FAIL,v1_adxg,25,0,pair,67.6244,0,91.0,0,0,0,81.0,83.0,83.0,65.552,65.7148,65.7148,1,ok,0,91.0,67.6244,0,4
2022-23,FAIL,v1_adxg,26,0,pair,40.3024,0,69.0,0,0,0,61.0,58.0,58.0,40.0968,40.2432,40.2432,1,ok,0,69.0,40.3024,0,4
2022-23,FAIL,v1_adxg,28,0,hold,40.3268,0,57.0,0,0,0,54.0,57.0,57.0,40.174,40.3268,40.3268,1,ok,0,57.0,40.2192,0,4
2022-23,FAIL,v1_adxg,29,0,hold,77.852,1,78.0,1,1,1,80.0,78.0,78.0,77.7776,77.852,77.852,1,ok,1,78.0,77.852,0,4
2022-23,FAIL,v1_adxg,30,0,hold,42.5156,0,56.0,0,0,0,51.0,56.0,56.0,41.818,42.5156,42.5156,1,ok,0,58.0,42.4096,0,4
2022-23,FAIL,v1_adxg,31,0,pair,42.812,0,70.0,1,0,0,61.0,76.0,76.0,42.1388,42.7692,42.7692,1,ok,0,70.0,42.812,0,4
2022-23,FAIL,v1_adxg,32,0,pair,45.8716,0,76.0,0,0,0,72.0,67.0,67.0,45.5844,45.7788,45.7788,1,ok,0,76.0,45.8716,0,4
2022-23,FAIL,v1_adxg,33,0,pair,43.6012,0,76.0,0,0,0,77.0,73.0,73.0,42.7636,42.9036,42.9036,1,ok,0,76.0,43.6012,0,4
2022-23,FAIL,v1_adxg,34,1,hold,89.0908,0,109.0,0,1,0,114.0,91.0,109.0,88.0688,88.4884,89.0908,1,ok,0,109.0,89.0908,1,4
2022-23,FAIL,v1_adxg,35,1,cand,47.9556,1,61.0,0,1,0,64.0,61.0,63.0,47.2396,47.9556,47.7928,1,ok,0,61.0,47.5176,1,4
2022-23,FAIL,v1_adxg,36,0,hold,66.0572,1,90.0,1,1,1,101.0,90.0,90.0,65.9988,66.0572,66.0572,1,ok,2,84.0,64.3908,0,4
2022-23,FAIL,v1_adxg,38,0,hold,47.696,1,33.0,1,1,1,38.0,33.0,33.0,47.6196,47.696,47.696,1,ok,1,33.0,47.696,0,4
2023-24,PASS,v1_adxg,1,1,cand,37.534,1,50.0,0,1,0,60.0,50.0,57.0,37.16,37.534,37.4784,1,ok,0,59.0,37.53,1,4
2023-24,PASS,v1_adxg,2,0,pair,42.3164,2,30.0,2,1,1,30.0,36.0,36.0,41.6244,42.0776,42.0776,1,ok,2,30.0,42.3164,0,4
2023-24,PASS,v1_adxg,3,1,pair,39.876,1,50.0,1,2,1,51.0,65.0,67.0,37.6008,38.5876,38.3288,1,ok,1,50.0,39.876,1,4
2023-24,PASS,v1_adxg,4,0,hold,32.0904,2,38.0,2,2,2,35.0,38.0,38.0,32.0288,32.0904,32.0904,1,ok,2,38.0,32.0904,0,4
2023-24,PASS,v1_adxg,5,0,hold,41.6004,1,45.0,1,1,1,38.0,45.0,45.0,41.2056,41.6004,41.6004,1,ok,1,36.0,41.5888,0,4
2023-24,PASS,v1_adxg,6,0,hold,45.7564,0,70.0,0,0,0,59.0,70.0,70.0,45.3876,45.7564,45.7564,1,ok,0,69.0,45.5404,0,4
2023-24,PASS,v1_adxg,7,0,hold,50.258,0,51.0,0,0,0,66.0,51.0,51.0,50.164,50.258,50.258,1,ok,0,51.0,50.258,0,4
2023-24,PASS,v1_adxg,8,0,pair,44.3692,0,60.0,0,0,0,59.0,59.0,59.0,43.9128,44.102,44.102,1,ok,0,60.0,44.3692,0,4
2023-24,PASS,v1_adxg,9,0,hold,46.7544,0,94.0,0,0,0,98.0,94.0,94.0,46.2928,46.7544,46.7544,1,ok,0,103.0,46.724,0,4
2023-24,PASS,v1_adxg,10,1,cand,46.8928,2,66.0,1,2,1,65.0,66.0,76.0,46.0392,46.8928,46.8912,1,ok,1,70.0,46.5756,1,4
2023-24,PASS,v1_adxg,11,0,pair,49.0552,0,20.0,0,0,0,21.0,21.0,21.0,48.8472,48.9676,48.9676,1,ok,0,20.0,49.0552,0,4
2023-24,PASS,v1_adxg,13,0,pair,45.19,0,45.0,0,0,0,40.0,40.0,40.0,44.9284,45.1168,45.1168,1,ok,0,45.0,45.19,0,4
2023-24,PASS,v1_adxg,14,0,pair,51.0812,0,60.0,0,0,0,57.0,49.0,49.0,50.88,50.9592,50.9592,1,ok,0,60.0,51.0812,0,4
2023-24,PASS,v1_adxg,15,0,pair,47.2116,0,41.0,0,0,0,39.0,34.0,34.0,46.134,46.9536,46.9536,1,ok,0,41.0,47.2116,0,4
2023-24,PASS,v1_adxg,16,0,hold,46.1128,1,59.0,1,1,1,55.0,59.0,59.0,45.4508,46.1128,46.1128,1,ok,1,60.0,45.7348,0,4
2023-24,PASS,v1_adxg,17,0,hold,48.3448,1,57.0,1,1,1,59.0,57.0,57.0,47.9224,48.3448,48.3448,1,ok,1,60.0,48.1496,0,4
2023-24,PASS,v1_adxg,19,0,pair,46.6848,0,36.0,0,0,0,28.0,33.0,33.0,46.1556,46.6136,46.6136,1,ok,0,36.0,46.6848,0,4
2023-24,PASS,v1_adxg,20,0,hold,48.1092,0,93.0,0,0,0,84.0,93.0,93.0,47.2464,48.1092,48.1092,1,ok,0,90.0,47.7816,0,4
2023-24,PASS,v1_adxg,21,0,hold,45.0468,0,43.0,0,0,0,43.0,43.0,43.0,44.8104,45.0468,45.0468,1,ok,0,43.0,45.0468,0,4
2023-24,PASS,v1_adxg,22,0,pair,47.354,0,85.0,0,0,0,69.0,78.0,78.0,46.658,47.2624,47.2624,1,ok,0,85.0,47.354,0,4
2023-24,PASS,v1_adxg,23,0,hold,44.1996,0,70.0,0,0,0,54.0,70.0,70.0,44.0348,44.1996,44.1996,1,ok,0,71.0,44.1988,0,4
2023-24,PASS,v1_adxg,24,0,hold,50.852,0,80.0,0,0,0,66.0,80.0,80.0,49.5488,50.852,50.852,1,ok,0,68.0,50.3748,0,4
2023-24,PASS,v1_adxg,26,0,hold,51.4404,0,69.0,0,0,0,81.0,69.0,69.0,51.0944,51.4404,51.4404,1,ok,0,65.0,51.2952,0,4
2023-24,PASS,v1_adxg,27,0,hold,53.2284,0,82.0,1,0,0,74.0,82.0,82.0,52.598,53.2284,53.2284,1,ok,1,75.0,52.918,0,4
2023-24,PASS,v1_adxg,28,0,hold,69.3188,0,49.0,0,0,0,48.0,49.0,49.0,68.8296,69.3188,69.3188,1,ok,0,49.0,69.3188,0,4
2023-24,PASS,v1_adxg,29,0,hold,41.9188,0,20.0,0,0,0,31.0,20.0,20.0,41.3216,41.9188,41.9188,1,ok,0,30.0,41.5928,0,4
2023-24,PASS,v1_adxg,30,1,pair,52.552,1,42.0,0,1,1,49.0,43.0,43.0,52.5008,52.5168,52.5168,1,ok,1,42.0,52.552,0,4
2023-24,PASS,v1_adxg,31,0,pair,58.1664,2,61.0,2,2,2,57.0,48.0,48.0,57.3108,58.1528,58.1528,1,ok,2,61.0,58.1664,0,4
2023-24,PASS,v1_adxg,32,1,cand,54.6564,2,52.0,1,2,1,50.0,52.0,55.0,53.1696,54.6564,54.3952,1,ok,1,56.0,54.65,1,4
2023-24,PASS,v1_adxg,33,0,hold,61.8236,0,63.0,0,0,0,81.0,63.0,63.0,60.3212,61.8236,61.8236,1,ok,0,81.0,61.4432,0,4
2023-24,PASS,v1_adxg,34,0,hold,104.604,0,103.0,0,0,0,104.0,103.0,103.0,104.5388,104.604,104.604,1,ok,0,103.0,104.604,0,4
2023-24,PASS,v1_adxg,35,0,hold,81.8432,0,86.0,0,0,0,84.0,86.0,86.0,81.1484,81.8432,81.8432,0,primary_unpaired,,,,0,3
2023-24,PASS,v1_adxg,36,1,hold,63.1032,1,95.0,0,1,1,92.0,95.0,95.0,62.5896,63.1032,63.1032,1,ok,1,99.0,62.8704,0,4
2023-24,PASS,v1_adxg,37,0,hold,108.0412,0,119.0,0,0,0,95.0,119.0,119.0,106.9772,108.0412,108.0412,1,ok,0,119.0,107.846,0,4
2023-24,PASS,v1_adxg,38,0,hold,64.3248,0,47.0,0,0,0,55.0,47.0,47.0,63.1264,64.3248,64.3248,1,ok,0,36.0,64.172,0,4
2024-25,PASS,v1_adxg,1,1,pair,40.2084,2,55.0,1,2,2,51.0,58.0,58.0,40.1736,40.2044,40.2044,1,ok,2,55.0,40.2084,0,4
2024-25,PASS,v1_adxg,2,1,cand,50.164,3,77.0,2,3,2,61.0,77.0,80.0,48.548,50.164,49.8756,1,ok,2,87.0,49.2596,1,4
2024-25,PASS,v1_adxg,3,1,hold,43.8648,3,58.0,2,3,3,54.0,58.0,58.0,43.1964,43.8648,43.8648,1,ok,3,52.0,43.5688,0,4
2024-25,PASS,v1_adxg,5,0,pair,42.2344,2,75.0,2,1,1,61.0,77.0,77.0,41.6568,41.83,41.83,1,ok,2,75.0,42.2344,0,4
2024-25,PASS,v1_adxg,6,1,pair,45.5984,1,54.0,0,1,1,55.0,45.0,45.0,45.2768,45.2988,45.2988,1,ok,1,54.0,45.5984,0,4
2024-25,PASS,v1_adxg,7,0,pair,49.2,1,58.0,1,1,1,57.0,46.0,46.0,47.6148,48.452,48.452,1,ok,1,58.0,49.2,0,4
2024-25,PASS,v1_adxg,8,0,pair,46.3864,0,53.0,0,0,0,47.0,58.0,58.0,45.8572,46.168,46.168,1,ok,0,53.0,46.3864,0,4
2024-25,PASS,v1_adxg,9,0,hold,47.4412,0,63.0,0,0,0,49.0,63.0,63.0,46.6088,47.4412,47.4412,1,ok,0,62.0,47.3376,0,4
2024-25,PASS,v1_adxg,10,0,hold,45.7132,0,59.0,0,0,0,57.0,59.0,59.0,45.4416,45.7132,45.7132,1,ok,0,62.0,45.5792,0,4
2024-25,PASS,v1_adxg,11,0,hold,46.3392,0,65.0,0,0,0,64.0,65.0,65.0,45.8864,46.3392,46.3392,1,ok,0,65.0,46.1608,0,4
2024-25,PASS,v1_adxg,12,0,hold,45.5352,0,43.0,0,0,0,45.0,43.0,43.0,45.4324,45.5352,45.5352,1,ok,0,43.0,45.5352,0,4
2024-25,PASS,v1_adxg,14,0,hold,48.2512,0,68.0,1,0,0,65.0,68.0,68.0,48.0252,48.2512,48.2512,1,ok,0,69.0,48.184,0,4
2024-25,PASS,v1_adxg,15,0,hold,46.1204,0,60.0,0,0,0,64.0,60.0,60.0,45.5972,46.1204,46.1204,1,ok,0,59.0,46.0052,0,4
2024-25,PASS,v1_adxg,16,0,hold,48.5936,0,42.0,0,0,0,47.0,42.0,42.0,47.9068,48.5936,48.5936,1,ok,0,40.0,48.4836,0,4
2024-25,PASS,v1_adxg,17,0,hold,45.4324,0,38.0,0,0,0,38.0,38.0,38.0,44.256,45.4324,45.4324,1,ok,0,35.0,44.8412,0,4
2024-25,PASS,v1_adxg,19,0,hold,48.494,0,74.0,1,0,0,64.0,74.0,74.0,47.5204,48.494,48.494,1,ok,0,65.0,48.0432,0,4
2024-25,PASS,v1_adxg,20,1,cand,51.2824,1,82.0,0,1,0,75.0,82.0,83.0,50.8876,51.2824,51.248,1,ok,0,87.0,51.1224,1,4
2024-25,PASS,v1_adxg,21,0,hold,48.4616,0,39.0,1,0,0,47.0,39.0,39.0,47.762,48.4616,48.4616,1,ok,1,46.0,48.3032,0,4
2024-25,PASS,v1_adxg,22,0,hold,49.7692,0,38.0,0,0,0,38.0,38.0,38.0,48.7036,49.7692,49.7692,1,ok,0,37.0,49.1928,0,4
2024-25,PASS,v1_adxg,23,1,cand,53.5128,1,65.0,0,1,0,65.0,65.0,67.0,53.0308,53.5128,53.3084,1,ok,0,69.0,53.4732,1,4
2024-25,PASS,v1_adxg,25,0,ctrl,84.7808,0,108.0,0,0,0,108.0,113.0,113.0,84.7808,84.7184,84.7184,1,ok,0,113.0,84.7184,0,4
2024-25,PASS,v1_adxg,26,0,pair,52.2396,1,66.0,2,1,1,65.0,60.0,60.0,52.0656,52.148,52.148,1,ok,1,66.0,52.2396,0,4
2024-25,PASS,v1_adxg,27,0,pair,56.6464,1,60.0,1,0,0,58.0,72.0,72.0,56.284,56.3904,56.3904,1,ok,1,60.0,56.6464,0,4
2024-25,PASS,v1_adxg,28,0,hold,58.592,0,69.0,0,0,0,60.0,69.0,69.0,57.892,58.592,58.592,1,ok,0,67.0,58.298,0,4
2024-25,PASS,v1_adxg,29,0,hold,49.8944,1,56.0,2,1,1,56.0,56.0,56.0,49.5576,49.8944,49.8944,1,ok,2,53.0,49.6588,0,4
2024-25,PASS,v1_adxg,30,0,hold,57.3712,1,58.0,1,1,1,48.0,58.0,58.0,56.3008,57.3712,57.3712,1,ok,1,46.0,56.7016,0,4
2024-25,PASS,v1_adxg,31,0,pair,53.7076,0,45.0,0,0,0,41.0,50.0,50.0,53.3504,53.5832,53.5832,1,ok,0,45.0,53.7076,0,4
2024-25,PASS,v1_adxg,32,0,hold,81.5652,0,82.0,0,0,0,98.0,82.0,82.0,80.7732,81.5652,81.5652,1,ok,0,83.0,81.3492,0,4
2024-25,PASS,v1_adxg,33,0,pair,87.4812,0,87.0,0,0,0,94.0,93.0,93.0,86.3912,87.3588,87.3588,1,ok,0,87.0,87.4812,0,4
2024-25,PASS,v1_adxg,34,0,hold,58.2656,0,63.0,0,0,0,58.0,63.0,63.0,57.4456,58.2656,58.2656,1,ok,0,59.0,57.7148,0,4
2024-25,PASS,v1_adxg,35,0,hold,55.312,0,49.0,0,0,0,54.0,49.0,49.0,54.6432,55.312,55.312,1,ok,0,49.0,55.312,0,4
2024-25,PASS,v1_adxg,36,0,hold,56.8608,0,45.0,1,0,0,33.0,45.0,45.0,55.6328,56.8608,56.8608,1,ok,1,38.0,56.238,0,4
2024-25,PASS,v1_adxg,37,0,pair,56.688,2,34.0,1,1,1,49.0,35.0,35.0,56.4232,56.5828,56.5828,1,ok,2,34.0,56.688,0,4
2024-25,PASS,v1_adxg,38,0,hold,57.9644,0,49.0,0,0,0,45.0,49.0,49.0,56.9488,57.9644,57.9644,1,ok,0,48.0,57.5312,0,4
2025-26,FAIL,v1_adxg,1,0,pair,39.2948,1,53.0,1,0,0,53.0,70.0,70.0,38.6688,39.0608,39.0608,1,ok,1,53.0,39.2948,0,4
2025-26,FAIL,v1_adxg,2,1,hold,44.8268,1,45.0,1,3,1,59.0,19.0,45.0,42.964,44.326,44.8268,1,ok,1,52.0,44.338,3,4
2025-26,FAIL,v1_adxg,3,0,hold,43.0056,3,37.0,4,3,3,28.0,37.0,37.0,42.8268,43.0056,43.0056,1,ok,4,28.0,42.9256,0,4
2025-26,FAIL,v1_adxg,4,0,hold,43.1568,3,39.0,3,3,3,39.0,39.0,39.0,42.782,43.1568,43.1568,1,ok,3,39.0,43.1568,0,4
2025-26,FAIL,v1_adxg,5,0,hold,46.678,1,54.0,1,1,1,56.0,54.0,54.0,45.7544,46.678,46.678,1,ok,1,56.0,46.1812,0,4
2025-26,FAIL,v1_adxg,6,0,hold,49.5576,1,55.0,1,1,1,50.0,55.0,55.0,49.4132,49.5576,49.5576,0,primary_unpaired,,,,0,3
2025-26,FAIL,v1_adxg,7,0,pair,47.6844,1,62.0,1,0,0,62.0,80.0,80.0,47.2308,47.5096,47.5096,1,ok,1,62.0,47.6844,0,4
2025-26,FAIL,v1_adxg,8,0,hold,49.5572,0,77.0,1,0,0,72.0,77.0,77.0,48.9184,49.5572,49.5572,1,ok,0,78.0,49.3396,0,4
2025-26,FAIL,v1_adxg,9,0,hold,48.9528,1,41.0,1,1,1,51.0,41.0,41.0,48.5508,48.9528,48.9528,1,ok,1,53.0,48.8292,0,4
2025-26,FAIL,v1_adxg,11,0,hold,47.9156,0,40.0,0,0,0,38.0,40.0,40.0,47.5668,47.9156,47.9156,1,ok,0,40.0,47.8848,0,4
2025-26,FAIL,v1_adxg,12,1,hold,48.6328,2,29.0,1,2,2,31.0,29.0,29.0,48.5556,48.6328,48.6328,1,ok,2,29.0,48.6328,0,4
2025-26,FAIL,v1_adxg,13,0,hold,48.062,0,49.0,1,0,0,47.0,49.0,49.0,47.6452,48.062,48.062,1,ok,0,52.0,47.9192,0,4
2025-26,FAIL,v1_adxg,14,0,hold,47.3908,0,52.0,0,0,0,51.0,52.0,52.0,46.4808,47.3908,47.3908,1,ok,0,52.0,46.9256,0,4
2025-26,FAIL,v1_adxg,15,0,hold,48.3072,1,56.0,1,1,1,57.0,56.0,56.0,47.5624,48.3072,48.3072,1,ok,1,64.0,48.024,0,4
2025-26,FAIL,v1_adxg,16,0,hold,48.4328,0,75.0,0,0,0,81.0,75.0,75.0,47.8824,48.4328,48.4328,1,ok,0,77.0,48.1748,0,4
2025-26,FAIL,v1_adxg,17,0,hold,49.1064,0,79.0,0,0,0,78.0,79.0,79.0,48.2356,49.1064,49.1064,1,ok,0,75.0,48.9324,0,4
2025-26,FAIL,v1_adxg,18,0,hold,48.3676,3,33.0,3,3,3,29.0,33.0,33.0,48.0772,48.3676,48.3676,1,ok,3,36.0,48.2224,0,4
2025-26,FAIL,v1_adxg,19,0,hold,47.2356,1,48.0,1,1,1,59.0,48.0,48.0,46.7888,47.2356,47.2356,1,ok,1,53.0,47.1004,0,4
2025-26,FAIL,v1_adxg,20,0,hold,46.9484,0,43.0,0,0,0,35.0,43.0,43.0,46.5056,46.9484,46.9484,1,ok,0,34.0,46.9272,0,4
2025-26,FAIL,v1_adxg,22,0,hold,47.3204,0,46.0,0,0,0,47.0,46.0,46.0,46.0632,47.3204,47.3204,1,ok,0,46.0,46.588,0,4
2025-26,FAIL,v1_adxg,23,0,hold,50.9008,0,33.0,0,0,0,23.0,33.0,33.0,50.3996,50.9008,50.9008,1,ok,0,29.0,50.8264,0,4
2025-26,FAIL,v1_adxg,24,0,hold,48.6176,0,80.0,0,0,0,78.0,80.0,80.0,47.9076,48.6176,48.6176,1,ok,0,84.0,48.2732,0,4
2025-26,FAIL,v1_adxg,25,0,hold,50.0984,0,64.0,0,0,0,59.0,64.0,64.0,49.926,50.0984,50.0984,1,ok,0,64.0,50.082,0,4
2025-26,FAIL,v1_adxg,26,0,pair,72.1008,0,82.0,0,0,0,81.0,94.0,94.0,69.698,70.0248,70.0248,1,ok,0,82.0,72.1008,0,4
2025-26,FAIL,v1_adxg,27,0,hold,53.3528,0,39.0,1,0,0,34.0,39.0,39.0,52.8348,53.3528,53.3528,1,ok,0,37.0,53.03,0,4
2025-26,FAIL,v1_adxg,28,0,hold,52.842,1,65.0,1,1,1,56.0,65.0,65.0,52.612,52.842,52.842,1,ok,1,63.0,52.7496,0,4
2025-26,FAIL,v1_adxg,29,0,hold,50.9224,0,78.0,0,0,0,89.0,78.0,78.0,50.2448,50.9224,50.9224,0,primary_unpaired,,,,0,3
2025-26,FAIL,v1_adxg,30,1,cand,54.7396,1,65.0,0,1,0,68.0,65.0,71.0,53.888,54.7396,54.4448,1,ok,0,74.0,54.1924,1,4
2025-26,FAIL,v1_adxg,31,0,hold,49.3636,0,67.0,0,0,0,68.0,67.0,67.0,49.354,49.3636,49.3636,1,ok,0,67.0,49.3636,0,4
2025-26,FAIL,v1_adxg,32,0,hold,53.3924,0,69.0,0,0,0,55.0,69.0,69.0,52.772,53.3924,53.3924,1,ok,0,55.0,53.2612,0,4
2025-26,FAIL,v1_adxg,33,0,hold,98.8764,1,89.0,1,1,1,85.0,89.0,89.0,98.554,98.8764,98.8764,1,ok,1,89.0,98.8764,0,4
2025-26,FAIL,v1_adxg,34,0,hold,51.7624,0,48.0,0,0,0,48.0,48.0,48.0,51.4888,51.7624,51.7624,1,ok,0,48.0,51.7624,0,4
2025-26,FAIL,v1_adxg,35,0,hold,54.6484,0,61.0,0,0,0,64.0,61.0,61.0,54.3088,54.6484,54.6484,1,ok,0,60.0,54.5,0,4
2025-26,FAIL,v1_adxg,36,0,pair,90.438,2,63.0,2,2,2,66.0,54.0,54.0,85.78,86.1876,85.914,1,ok,2,63.0,90.438,1,4
2025-26,FAIL,v1_adxg,37,1,hold,58.042,0,68.0,0,1,0,71.0,59.0,68.0,57.4352,57.4728,58.042,1,ok,0,71.0,57.604,1,4
2025-26,FAIL,v1_adxg,38,1,cand,54.0388,5,25.0,3,5,4,28.0,25.0,26.0,53.2732,54.0388,53.9052,1,ok,4,26.0,53.75,1,4
